study,technique,analysis_level,gene,component,contrast,pvalue,ci.hi,ci.lo,coef,z,logFC,log2FoldChange,padj_BH,pct_TLS,pct_neural_bias,detection_freq
GSE250136,mast,sample_single_cell,1110004F10Rik,H,Morphotypeneural_bias,0.025938151432212196,NA,NA,NA,NA,0.4268480217178565,0.4268480217178565,0.07286572803654347,0.8401750096512676,0.8548963545389564,0.8463379965586894
GSE250136,mast,sample_single_cell,1110038B12Rik,H,Morphotypeneural_bias,0.003072032828987486,NA,NA,NA,NA,0.27465053587253996,0.27465053587253996,0.039156955760527065,1,1,1
GSE250136,mast,sample_single_cell,1810058I24Rik,H,Morphotypeneural_bias,0.056628228965180646,NA,NA,NA,NA,0.18474217739645837,0.18474217739645837,0.10289469688566867,0.8778792948140522,0.8741958541815582,0.8763372484476696
GSE250136,mast,sample_single_cell,2410006H16Rik,H,Morphotypeneural_bias,0.02362373412796972,NA,NA,NA,NA,0.5945834818608349,0.5945834818608349,0.07001605895110906,0.8505983785870544,0.8649035025017869,0.8565871175282412
GSE250136,mast,sample_single_cell,2810004N23Rik,H,Morphotypeneural_bias,0.028821908837688794,NA,NA,NA,NA,0.24558109018160934,0.24558109018160934,0.07683371967900458,0.7952644447304079,0.8095067905646891,0.8012269020722675
GSE250136,mast,sample_single_cell,Abcf1,H,Morphotypeneural_bias,0.02922719879808546,NA,NA,NA,NA,0.24507369672825474,0.24507369672825474,0.077010522699047193,0.9925363531077082,0.990350250178699,0.9916211565796365
GSE250136,mast,sample_single_cell,Acin1,H,Morphotypeneural_bias,0.07460318422047599,NA,NA,NA,NA,0.2849388252023086,0.2849388252023086,0.11975774309076409,0.8929352721657444,0.8945675482487491,0.8936186130021695
GSE250136,mast,sample_single_cell,Acp1,H,Morphotypeneural_bias,0.058583620084689446,NA,NA,NA,NA,0.3052566511606982,0.3052566511606982,0.10418875558455422,0.9494273581263672,0.9490707648320229,0.9492780728660133
GSE250136,mast,sample_single_cell,Actb,H,Morphotypeneural_bias,0.24021630202956587,NA,NA,NA,NA,2.4660677201937915,2.4660677201937915,0.27352629591099903,0.9998713164328915,0.9996426018584703,0.9997755666940974
GSE250136,mast,sample_single_cell,Actg1,H,Morphotypeneural_bias,0.07835765990265332,NA,NA,NA,NA,1.453983865279227,1.453983865279227,0.12287002585472472,0.9396474070261228,0.9387062187276626,0.939253385202364
GSE250136,mast,sample_single_cell,Actl6a,H,Morphotypeneural_bias,0.04261148479999473,NA,NA,NA,NA,0.21897138591354404,0.21897138591354404,0.08897361373886431,0.9882897953931283,0.9894567548248749,0.9887783347048702
GSE250136,mast,sample_single_cell,Adh5,H,Morphotypeneural_bias,0.04471350706171933,NA,NA,NA,NA,0.2649721708243673,0.2649721708243673,0.09103155690771035,0.9979410629262643,0.9980343102215868,0.9979801002468767
GSE250136,mast,sample_single_cell,Aimp1,H,Morphotypeneural_bias,0.06063381772794067,NA,NA,NA,NA,0.3007165955527977,0.3007165955527977,0.10589218883366326,0.98121219920216185,0.9778413152251608,0.9798010024687663
GSE250136,mast,sample_single_cell,Akr1a1,H,Morphotypeneural_bias,0.3020593589573797,NA,NA,NA,NA,0.12952559457881163,0.12952559457881163,0.3307162724994901,0.8567751898082615,0.8573981415296641,0.8570359841400463
GSE250136,mast,sample_single_cell,Aldoa,H,Morphotypeneural_bias,0.049348483250898606,NA,NA,NA,NA,1.0553792668437918,1.0553792668437918,0.09628897011477253,0.9597220434950456,0.956397426733381,0.9583302162040847
GSE250136,mast,sample_single_cell,Alyref,H,Morphotypeneural_bias,0.0180868480631119,NA,NA,NA,NA,0.5315604738192627,0.5315604738192627,0.067828541548252,0.9629391326727577,0.9610436025732666,0.9621455824044288
GSE250136,mast,sample_single_cell,Anapc13,H,Morphotypeneural_bias,0.015528318334948187,NA,NA,NA,NA,0.19841625386387163,0.19841625386387163,0.06437467892255219,0.9998713164328915,1,0.9999251888980325
GSE250136,mast,sample_single_cell,Anapc5,H,Morphotypeneural_bias,0.01014973559746558,NA,NA,NA,NA,0.20161131191542836,0.20161131191542836,0.056601416340753496,1,1,1
GSE250136,mast,sample_single_cell,Ankrd11,H,Morphotypeneural_bias,0.04147496074135547,NA,NA,NA,NA,0.4106547355631722,0.4106547355631722,0.08823407148393672,0.9351434821773259,0.9279842744817727,0.9321463305154485
GSE250136,mast,sample_single_cell,Anp32a,H,Morphotypeneural_bias,0.04003800513651743,NA,NA,NA,NA,0.6770225445549389,0.6770225445549389,0.0869428245637406,0.8884313473169476,0.8890278770550393,0.8886810802723124
GSE250136,mast,sample_single_cell,Anp32b,H,Morphotypeneural_bias,0.014117216277477383,NA,NA,NA,NA,1.7752315789720647,1.7752315789720647,0.06109096824647664,0.999742632865783,0.9994639027877055,0.9996259444901623
GSE250136,mast,sample_single_cell,Anp32e,H,Morphotypeneural_bias,0.018432186222542925,NA,NA,NA,NA,0.598387144660383,0.598387144660383,0.067828541548252,1,1,1
GSE250136,mast,sample_single_cell,Apex1,H,Morphotypeneural_bias,0.47146067733115593,NA,NA,NA,NA,0.08626132396286357,0.08626132396286357,0.4952366770489633,0.8500836443186205,0.8372051465332381,0.8446921523154036
GSE250136,mast,sample_single_cell,Aprt,H,Morphotypeneural_bias,0.023881190036088552,NA,NA,NA,NA,0.29278065744823323,0.29278065744823323,0.0700255269300938,0.8832840046326084,0.8809864188706219,0.8823221366050722
GSE250136,mast,sample_single_cell,Arf1,H,Morphotypeneural_bias,0.15145836817285385,NA,NA,NA,NA,0.22343718658315304,0.22343718658315304,0.19305290510390624,0.9010423368935787,0.9006433166547534,0.9008752898930201
GSE250136,mast,sample_single_cell,Arf4,H,Morphotypeneural_bias,0.16391229455159892,NA,NA,NA,NA,0.1549909024115208,0.1549909024115208,0.20465073033196707,0.9646120190451679,0.9649749821300929,0.9647639709732925
GSE250136,mast,sample_single_cell,Arf5,H,Morphotypeneural_bias,0.008334112789224022,NA,NA,NA,NA,0.2149490269048151,0.2149490269048151,0.05294712726503654,0.9925363531077082,0.9932094353109364,0.992818134211117
GSE250136,mast,sample_single_cell,Arglu1,H,Morphotypeneural_bias,0.13999967891644594,NA,NA,NA,NA,0.24332965472046064,0.24332965472046064,0.18225567956500735,0.8830266374983915,0.8802716225875625,0.881873269993267
GSE250136,mast,sample_single_cell,Arhgdia,H,Morphotypeneural_bias,0.009481896303518797,NA,NA,NA,NA,0.2803607583789929,0.2803607583789929,0.05508530233472825,0.8347702998327113,0.8429235167977126,0.8381835864442283
GSE250136,mast,sample_single_cell,Arl6ip1,H,Morphotypeneural_bias,0.3955507969976633,NA,NA,NA,NA,0.1452288076747994,0.1452288076747994,0.42014972715920956,0.9969115943893965,0.9951751250893496,0.9961846337996558
GSE250136,mast,sample_single_cell,Arpc2,H,Morphotypeneural_bias,0.05043134435170784,NA,NA,NA,NA,0.3047926772580043,0.3047926772580043,0.09679674384017849,0.9989705314631322,0.9992852037169406,0.9991022667763896
GSE250136,mast,sample_single_cell,Arpp19,H,Morphotypeneural_bias,0.035316294622611655,NA,NA,NA,NA,0.3015963860181814,0.3015963860181814,0.08263045371975439,0.804143610860893,0.7996783416726233,0.802274257499813
GSE250136,mast,sample_single_cell,Atox1,H,Morphotypeneural_bias,0.005244133434715986,NA,NA,NA,NA,0.25408509254140377,0.25408509254140377,0.043906764247524044,0.9557328529146828,0.9506790564689064,0.9536171167801302
GSE250136,mast,sample_single_cell,Atp2b1,H,Morphotypeneural_bias,0.19309271670294154,NA,NA,NA,NA,0.34330923951251213,0.34330923951251213,0.2309540337035183,0.8589628104491056,0.8679413867047892,0.8627216278895788
GSE250136,mast,sample_single_cell,Atp5a1,H,Morphotypeneural_bias,0.14280595957823247,NA,NA,NA,NA,0.611885142661583,0.611885142661583,0.18478225678759172,0.8161111826019817,0.8229092208720514,0.8189571332385726
GSE250136,mast,sample_single_cell,Atp5b,H,Morphotypeneural_bias,0.25486215507556953,NA,NA,NA,NA,0.8242502125279305,0.8242502125279305,0.2863845795191268,0.8345129326984944,0.836132952108649,0.835191142365527
GSE250136,mast,sample_single_cell,Atp5c1,H,Morphotypeneural_bias,0.08244731784593147,NA,NA,NA,NA,0.4910135484968787,0.4910135484968787,0.1266367076266645,0.9500707759619097,0.9440671908506075,0.9475574175207601
GSE250136,mast,sample_single_cell,Atp5d,H,Morphotypeneural_bias,0.006977621633854651,NA,NA,NA,NA,0.4580249346027987,0.4580249346027987,0.0500746964311922,0.9981984300604813,0.9976769120800572,0.9979801002468767
GSE250136,mast,sample_single_cell,Atp5e,H,Morphotypeneural_bias,0.019011062675326616,NA,NA,NA,NA,0.6098646519254158,0.6098646519254158,0.067828541548252,0.9526444473040793,0.9417441029306648,0.9480810952345328
GSE250136,mast,sample_single_cell,Atp5f1,H,Morphotypeneural_bias,0.04391805330577085,NA,NA,NA,NA,0.5316861081435738,0.5316861081435738,0.09059424522494759,0.9693733110281817,0.9637240886347391,0.9670083040323184
GSE250136,mast,sample_single_cell,Atp5g1,H,Morphotypeneural_bias,0.056892647394795236,NA,NA,NA,NA,0.6521384911246111,0.6521384911246111,0.10305070860127545,0.8172693347059581,0.8282701929949964,0.8218747662153063
GSE250136,mast,sample_single_cell,Atp5g2,H,Morphotypeneural_bias,0.0705923563544777,NA,NA,NA,NA,1.1334482090857598,1.1334482090857598,0.11670886298320018,0.8204864238836701,0.8150464617583989,0.8182090222188972
GSE250136,mast,sample_single_cell,Atp5g3,H,Morphotypeneural_bias,0.01649966950983332,NA,NA,NA,NA,0.4326146717620247,0.4326146717620247,0.06553822214603561,0.9159696306781624,0.9254824874910651,0.9199521208947408
GSE250136,mast,sample_single_cell,Atp5h,H,Morphotypeneural_bias,0.07167456030508942,NA,NA,NA,NA,0.6182676520453025,0.6182676520453025,0.11748574760181645,0.9924076695405997,0.9916011436740529,0.9920700231914417
GSE250136,mast,sample_single_cell,Atp5j,H,Morphotypeneural_bias,0.03864651176604563,NA,NA,NA,NA,0.33834848656187777,0.33834848656187777,0.0859482318963619,0.9191867198558744,0.9185132237312366,0.9189047654671954
GSE250136,mast,sample_single_cell,Atp5j2,H,Morphotypeneural_bias,0.04195710650282606,NA,NA,NA,NA,0.6632430116945098,0.6632430116945098,0.0884725159343542,0.999742632865783,1,0.9998503777960649
GSE250136,mast,sample_single_cell,Atp5k,H,Morphotypeneural_bias,0.5826154117314251,NA,NA,NA,NA,0.13132443774726887,0.13132443774726887,0.6009100985732331,0.8903616008235749,0.8942101501072195,0.8919727687588839
GSE250136,mast,sample_single_cell,Atp5l,H,Morphotypeneural_bias,0.28747275808291195,NA,NA,NA,NA,0.18785223571916276,0.18785223571916276,0.3159610494244618,0.9203448719598507,0.9163688348820586,0.9186803321612927
GSE250136,mast,sample_single_cell,Atp5md,H,Morphotypeneural_bias,0.23168192722313247,NA,NA,NA,NA,0.270585912907495,0.270585912907495,0.2677352717842424,0.791532621284262,0.8268406004288777,0.8063140570060597
GSE250136,mast,sample_single_cell,Atp5mpl,H,Morphotypeneural_bias,0.05056624269341026,NA,NA,NA,NA,0.36676722858496547,0.36676722858496547,0.09679674384017849,0.9633251833740831,0.961758398856326,0.9626692601182015
GSE250136,mast,sample_single_cell,Atp5o,H,Morphotypeneural_bias,0.33612271978789104,NA,NA,NA,NA,0.30386167703474953,0.30386167703474953,0.3619783136177288,0.8521425813923562,0.843638313080772,0.8485823296177153
GSE250136,mast,sample_single_cell,Atp6v0c,H,Morphotypeneural_bias,0.32889284482006026,NA,NA,NA,NA,0.1320429338579312,0.1320429338579312,0.35643970745727344,0.928966670956119,0.9390636168691923,0.9331936859429939
GSE250136,mast,sample_single_cell,Atp6v1g1,H,Morphotypeneural_bias,0.0014034664035607032,NA,NA,NA,NA,0.6571446457089953,0.6571446457089953,0.024967478769953016,0.8544588856003088,0.8609721229449607,0.8571856063439814
GSE250136,mast,sample_single_cell,Atpif1,H,Morphotypeneural_bias,0.3864492091595942,NA,NA,NA,NA,0.40041169315333036,0.40041169315333036,0.4115057663619619,0.999742632865783,0.9998213009292352,0.9997755666940974
GSE250136,mast,sample_single_cell,Atrx,H,Morphotypeneural_bias,0.9836589858242232,NA,NA,NA,NA,-0.010709833670675906,-0.010709833670675906,0.9848121616575458,0.8553596705700682,0.852037169406719,0.8539687289593776
GSE250136,mast,sample_single_cell,Atxn7l3b,H,Morphotypeneural_bias,0.2613555932021946,NA,NA,NA,NA,0.1447340660476888,0.1447340660476888,0.29214355575219136,0.9996139492986745,0.998927805575411,0.9993267000822922
GSE250136,mast,sample_single_cell,Aurkaip1,H,Morphotypeneural_bias,0.01614747581324788,NA,NA,NA,NA,0.19581281297697117,0.19581281297697117,0.06522778749324788,0.9729764509072192,0.9669406719085061,0.9704496147228249
GSE250136,mast,sample_single_cell,Auts2,H,Morphotypeneural_bias,0.780658908110199,NA,NA,NA,NA,-0.06751557999204527,-0.06751557999204527,0.7917846882732897,1,1,1
GSE250136,mast,sample_single_cell,Banf1,H,Morphotypeneural_bias,0.10183983467138613,NA,NA,NA,NA,0.3470705375572489,0.3470705375572489,0.1454368207514444,0.9377171535194956,0.9335239456754825,0.9359616967157927
GSE250136,mast,sample_single_cell,Bax,H,Morphotypeneural_bias,0.21828674554153582,NA,NA,NA,NA,0.17898010464197345,0.17898010464197345,0.25466786979845846,0.8771071934114013,0.8775911365260901,0.8773097927732475
GSE250136,mast,sample_single_cell,Bcas2,H,Morphotypeneural_bias,0.023785122541838236,NA,NA,NA,NA,0.371371853973792,0.371371853973792,0.0700255269300938,0.9996139492986745,0.9998213009292352,0.9997007555921299
GSE250136,mast,sample_single_cell,Bclaf1,H,Morphotypeneural_bias,0.09215453288336509,NA,NA,NA,NA,0.33397052438500374,0.33397052438500374,0.1354560603827776,0.9267790503152747,0.9249463902787706,0.9260118201541109
GSE250136,mast,sample_single_cell,Bex1,H,Morphotypeneural_bias,4.0397409089141393e-5,NA,NA,NA,NA,0.5965814481035472,0.5965814481035472,0.00492848390887525,0.924720113241539,0.9251250893495354,0.9248896536245979
GSE250136,mast,sample_single_cell,Bex2,H,Morphotypeneural_bias,0.003953135188761896,NA,NA,NA,NA,0.30524182324701465,0.30524182324701465,0.042589761678324164,0.9881611118260198,0.9880271622587563,0.9881050347871624
GSE250136,mast,sample_single_cell,Bex3,H,Morphotypeneural_bias,0.12718302997196526,NA,NA,NA,NA,0.45559893209895463,0.45559893209895463,0.16944509765375715,0.8116072577531849,0.813795568263045,0.8125233784693648
GSE250136,mast,sample_single_cell,Bex4,H,Morphotypeneural_bias,0.021038214574765023,NA,NA,NA,NA,0.28497614105614044,0.28497614105614044,0.06877299402491575,0.8423626302921117,0.8640100071479628,0.8514251514924814
GSE250136,mast,sample_single_cell,Birc5,H,Morphotypeneural_bias,6.578410653120545e-4,NA,NA,NA,NA,0.354078931379767,0.354078931379767,0.01655474020000247,0.8655256723716381,0.8802716225875625,0.8716989601256826
GSE250136,mast,sample_single_cell,Blmh,H,Morphotypeneural_bias,0.06644001466858773,NA,NA,NA,NA,0.19351192933527406,0.19351192933527406,0.11325303897599585,0.837086604040664,0.843638313080772,0.839829430687514
GSE250136,mast,sample_single_cell,Bnip3l,H,Morphotypeneural_bias,0.40498086664694966,NA,NA,NA,NA,0.20404696939605182,0.20404696939605182,0.4285671129076766,0.9454381675460044,0.9433523945675483,0.9445649734420588
GSE250136,mast,sample_single_cell,Bola2,H,Morphotypeneural_bias,3.077534470719005e-5,NA,NA,NA,NA,0.4116151295467829,0.4116151295467829,0.00487584859749341,0.9848153390811993,0.9844531808434596,0.9846637240966559
GSE250136,mast,sample_single_cell,Bptf,H,Morphotypeneural_bias,0.15381253406331608,NA,NA,NA,NA,0.17158790865156393,0.17158790865156393,0.19547009537213084,0.8590914940162141,0.8543602573266619,0.857110795242014
GSE250136,mast,sample_single_cell,Brd3,H,Morphotypeneural_bias,0.08477238513831782,NA,NA,NA,NA,0.1808698417910648,0.1808698417910648,0.12836102288674364,0.9516149787672115,0.9508577555396712,0.9512979726191367
GSE250136,mast,sample_single_cell,Bri3,H,Morphotypeneural_bias,4.579037167502563e-4,NA,NA,NA,NA,0.3673965825481358,0.3673965825481358,0.013034992470157295,0.9819843006048128,0.9801644031451037,0.9812224134061495
GSE250136,mast,sample_single_cell,Brk1,H,Morphotypeneural_bias,0.06735644821935992,NA,NA,NA,NA,0.1577108947036301,0.1577108947036301,0.11413175948280431,0.9343713807746751,0.943709792709078,0.9382808408767861
GSE250136,mast,sample_single_cell,Bsg,H,Morphotypeneural_bias,0.03939298393844311,NA,NA,NA,NA,0.19471490451067996,0.19471490451067996,0.08692922037062123,0.846995238708017,0.8482844889206577,0.8475349741901699
GSE250136,mast,sample_single_cell,Btf3,H,Morphotypeneural_bias,0.080639504032547,NA,NA,NA,NA,1.3419997027735082,1.3419997027735082,0.1252111571705366,0.8800669154548965,0.8834882058613295,0.8814992144834294
GSE250136,mast,sample_single_cell,Bzw1,H,Morphotypeneural_bias,0.13025539651215742,NA,NA,NA,NA,0.4603301198993641,0.4603301198993641,0.17219521458418333,0.999485265731566,0.9998213009292352,0.9996259444901623
GSE250136,mast,sample_single_cell,Bzw2,H,Morphotypeneural_bias,0.1350968265010658,NA,NA,NA,NA,0.31335614260436895,0.31335614260436895,0.17668099514840765,0.8942221078368292,0.9122587562544675,0.9017730231166305
GSE250136,mast,sample_single_cell,C1qbp,H,Morphotypeneural_bias,0.03016226472096895,NA,NA,NA,NA,0.4111687719693826,0.4111687719693826,0.07755058633182339,0.9599794106292626,0.9533595425303788,0.9572080496745717
GSE250136,mast,sample_single_cell,Cacybp,H,Morphotypeneural_bias,0.10731540496189235,NA,NA,NA,NA,0.31896871264001536,0.31896871264001536,0.14999567240172842,0.9446660661433535,0.9435310936383131,0.9441909179322211
GSE250136,mast,sample_single_cell,Calm1,H,Morphotypeneural_bias,0.040436134195938014,NA,NA,NA,NA,0.8091383636624325,0.8091383636624325,0.08719155790611198,0.9818556170377043,0.9789135096497498,0.9806239245904093
GSE250136,mast,sample_single_cell,Calm2,H,Morphotypeneural_bias,0.11815694259247546,NA,NA,NA,NA,0.7662437612382789,0.7662437612382789,0.1609783041840417,0.9440226483078111,0.9395997140814868,0.9421710181790978
GSE250136,mast,sample_single_cell,Calm3,H,Morphotypeneural_bias,0.022044888386823322,NA,NA,NA,NA,0.22405586131558364,0.22405586131558364,0.06992013272648806,0.8404323767854845,0.8330950679056469,0.8373606643225855
GSE250136,mast,sample_single_cell,Calr,H,Morphotypeneural_bias,0.5312291056876388,NA,NA,NA,NA,0.1738082009017834,0.1738082009017834,0.5512389504948282,0.8671985587440484,0.8666904932094354,0.8669858607017281
GSE250136,mast,sample_single_cell,Canx,H,Morphotypeneural_bias,0.08440875251120006,NA,NA,NA,NA,0.22671304233813405,0.22671304233813405,0.12826525737467057,0.8293655900141552,0.831844174410293,0.830403231839605
GSE250136,mast,sample_single_cell,Caprin1,H,Morphotypeneural_bias,2.50026512358297e-4,NA,NA,NA,NA,0.29953226880315587,0.29953226880315587,0.009705574616090257,0.8348989833998198,0.8330950679056469,0.8341437869379816
GSE250136,mast,sample_single_cell,Capzb,H,Morphotypeneural_bias,0.43071676079576726,NA,NA,NA,NA,0.09920471384251561,0.09920471384251561,0.45355377770602373,0.9985844807618067,0.9982130092923517,0.9984289668586819
GSE250136,mast,sample_single_cell,Cbx1,H,Morphotypeneural_bias,0.11764291052011966,NA,NA,NA,NA,0.42138486590839364,0.42138486590839364,0.16074727293469152,0.9764509072191481,0.977662616154396,0.9769581805940002
GSE250136,mast,sample_single_cell,Cbx3,H,Morphotypeneural_bias,0.030465406465988443,NA,NA,NA,NA,0.6368508654392784,0.6368508654392784,0.07755058633182339,0.9788958949942093,0.9756969263759828,0.9775566694097404
GSE250136,mast,sample_single_cell,Cbx5,H,Morphotypeneural_bias,0.03645145043571323,NA,NA,NA,NA,0.4239022525945977,0.4239022525945977,0.0834730317186569,0.892549221464419,0.8986776268763402,0.8951148350415201
GSE250136,mast,sample_single_cell,Ccdc34,H,Morphotypeneural_bias,0.009353039588399082,NA,NA,NA,NA,0.47827106109432194,0.47827106109432194,0.05508530233472825,0.9198301376914169,0.9313795568263045,0.9246652203186952
GSE250136,mast,sample_single_cell,Ccnd1,H,Morphotypeneural_bias,0.9323120790421331,NA,NA,NA,NA,-0.09459454623207098,-0.09459454623207098,0.9389086267712048,0.8700295972204349,0.8708005718370264,0.8703523602902671
GSE250136,mast,sample_single_cell,Ccnd2,H,Morphotypeneural_bias,2.146699359456115e-5,NA,NA,NA,NA,8.00578159822351,8.00578159822351,0.004583203132438806,0.909149401621413,0.9056468906361687,0.9076831001720655
GSE250136,mast,sample_single_cell,Cct2,H,Morphotypeneural_bias,0.09456169437777535,NA,NA,NA,NA,0.6511940349200414,0.6511940349200414,0.13851747341101228,0.8296229571483722,0.8214796283059328,0.8262138101294232
GSE250136,mast,sample_single_cell,Cct3,H,Morphotypeneural_bias,0.040111794939243314,NA,NA,NA,NA,0.704244605281132,0.704244605281132,0.0869428245637406,0.9384892549221464,0.9367405289492494,0.9377571631630134
GSE250136,mast,sample_single_cell,Cct4,H,Morphotypeneural_bias,0.07914175754446429,NA,NA,NA,NA,0.4316617278935446,0.4316617278935446,0.12355952640397166,0.970274095997941,0.9726590421729807,0.9712725368444677
GSE250136,mast,sample_single_cell,Cct5,H,Morphotypeneural_bias,0.02474556514544742,NA,NA,NA,NA,0.8142134547312168,0.8142134547312168,0.07139429943990573,0.8662977737742891,0.8713366690493209,0.8684072716391112
GSE250136,mast,sample_single_cell,Cct6a,H,Morphotypeneural_bias,0.1475876812754806,NA,NA,NA,NA,0.5111068798379632,0.5111068798379632,0.1898190960982838,0.9332132286706988,0.9306647605432452,0.9321463305154485
GSE250136,mast,sample_single_cell,Cct7,H,Morphotypeneural_bias,0.019760440055600025,NA,NA,NA,NA,0.5964338703820182,0.5964338703820182,0.06842930510367344,0.9954960751512032,0.9980343102215868,0.9965586893094935
GSE250136,mast,sample_single_cell,Cct8,H,Morphotypeneural_bias,0.07413561916807515,NA,NA,NA,NA,0.4187081614035906,0.4187081614035906,0.11945626182931356,0.947754471753957,0.9406719085060757,0.9447894067479614
GSE250136,mast,sample_single_cell,Cd24a,H,Morphotypeneural_bias,0.19438056419710176,NA,NA,NA,NA,0.2382534641559957,0.2382534641559957,0.2318449746149789,0.990348732466864,0.9885632594710507,0.989601256826513
GSE250136,mast,sample_single_cell,Cd81,H,Morphotypeneural_bias,0.1394140107945015,NA,NA,NA,NA,0.14751980900051365,0.14751980900051365,0.18177032857786912,0.8392742246815081,0.8379199428162973,0.838707264158001
GSE250136,mast,sample_single_cell,Cdc26,H,Morphotypeneural_bias,1.5563754611149153e-4,NA,NA,NA,NA,0.2922059562556649,0.2922059562556649,0.008860964291947585,0.8036288765924592,0.8028949249463903,0.8033216129273584
GSE250136,mast,sample_single_cell,Cdc34,H,Morphotypeneural_bias,0.004504285485941852,NA,NA,NA,NA,0.26451435929534384,0.26451435929534384,0.04290216747062152,0.983657186977223,0.976590421729807,0.9806987356923768
GSE250136,mast,sample_single_cell,Cdc37,H,Morphotypeneural_bias,0.02369395905956735,NA,NA,NA,NA,0.2744377694892939,0.2744377694892939,0.07001605895110906,0.9081199330845451,0.9076125804145818,0.9079075334779682
GSE250136,mast,sample_single_cell,Cdc42,H,Morphotypeneural_bias,0.02914293498987392,NA,NA,NA,NA,0.4133269691506669,0.4133269691506669,0.077010522699047193,0.9260069489126238,0.9152966404574696,0.921523154036059
GSE250136,mast,sample_single_cell,Cdca7,H,Morphotypeneural_bias,3.990330339020259e-4,NA,NA,NA,NA,0.40413467110782886,0.40413467110782886,0.011750834860425175,0.8518852142581392,0.840421729807005,0.8470861075783647
GSE250136,mast,sample_single_cell,Cdca8,H,Morphotypeneural_bias,1.6763201459875127e-4,NA,NA,NA,NA,0.7381006252861262,0.7381006252861262,0.00894735877920835,0.9934371380774675,0.9907076483202287,0.9922944564973442
GSE250136,mast,sample_single_cell,Cdh2,H,Morphotypeneural_bias,0.042537062057549785,NA,NA,NA,NA,0.28610574738209404,0.28610574738209404,0.08897361373886431,0.9915068845708404,0.9917798427448177,0.9916211565796365
GSE250136,mast,sample_single_cell,Cdk2ap1,H,Morphotypeneural_bias,0.05253378844103779,NA,NA,NA,NA,0.20934663609050919,0.20934663609050919,0.09793306374762223,0.996782910822288,0.9958899213724088,0.9964090671055584
GSE250136,mast,sample_single_cell,Cdk4,H,Morphotypeneural_bias,0.007084946693003621,NA,NA,NA,NA,1.0141479719863273,1.0141479719863273,0.0504212039652091,1,1,1
GSE250136,mast,sample_single_cell,Cdkn1c,H,Morphotypeneural_bias,0.5093136897552338,NA,NA,NA,NA,-0.2538001933613723,-0.2538001933613723,0.5304315744524021,0.823703513061382,0.8488205861329521,0.8342185980399491
GSE250136,mast,sample_single_cell,Cdv3,H,Morphotypeneural_bias,0.0245983981861614,NA,NA,NA,NA,0.3483098462512473,0.3483098462512473,0.07139429943990573,0.9565049543173336,0.95746962115797,0.9569088052667015
GSE250136,mast,sample_single_cell,Celf1,H,Morphotypeneural_bias,0.24659724860168314,NA,NA,NA,NA,0.16475607022351113,0.16475607022351113,0.278563558605605,0.9985844807618067,0.9974982130092923,0.9981297224508117
GSE250136,mast,sample_single_cell,Cenpa,H,Morphotypeneural_bias,0.005216168822493146,NA,NA,NA,NA,0.3734487434208722,0.3734487434208722,0.043906764247524044,0.8580620254793463,0.8543602573266619,0.8565123064262736
GSE250136,mast,sample_single_cell,Cenpf,H,Morphotypeneural_bias,5.081180879541936e-4,NA,NA,NA,NA,0.3985932884914538,0.3985932884914538,0.013560401472277543,0.9332132286706988,0.9333452466047176,0.9332684970449615
GSE250136,mast,sample_single_cell,Cenpw,H,Morphotypeneural_bias,0.12888113333925202,NA,NA,NA,NA,0.11344709333631275,0.11344709333631275,0.17117338704777796,0.8741474713679063,0.8758041458184418,0.874841026408319
GSE250136,mast,sample_single_cell,Cfdp1,H,Morphotypeneural_bias,0.145870162494456,NA,NA,NA,NA,0.1704437422506353,0.1704437422506353,0.18817691657139793,0.9567623214515506,0.9501429592566119,0.9539911722899679
GSE250136,mast,sample_single_cell,Cfl1,H,Morphotypeneural_bias,0.2155078690770698,NA,NA,NA,NA,0.8006173869065858,0.8006173869065858,0.251769795064046,0.8158538154677648,0.8246962115796997,0.8195556220543129
GSE250136,mast,sample_single_cell,Cfl2,H,Morphotypeneural_bias,0.004831506835692878,NA,NA,NA,NA,0.2496132353179652,0.2496132353179652,0.04290216747062152,0.9114657058293656,0.9247676912080057,0.917034487918007
GSE250136,mast,sample_single_cell,Chchd1,H,Morphotypeneural_bias,0.02151842991981824,NA,NA,NA,NA,0.31187157853177494,0.31187157853177494,0.0695648755847698,0.8082614850083645,0.8039671193709793,0.8064636792099947
GSE250136,mast,sample_single_cell,Chchd2,H,Morphotypeneural_bias,0.13114315980563435,NA,NA,NA,NA,1.1045477630850247,1.1045477630850247,0.17283373221298107,1,1,1
GSE250136,mast,sample_single_cell,Chd4,H,Morphotypeneural_bias,0.2025868399341614,NA,NA,NA,NA,0.37094386520880995,0.37094386520880995,0.23979690740721163,0.9750353879809548,0.9758756254467477,0.975387147452682
GSE250136,mast,sample_single_cell,Chd7,H,Morphotypeneural_bias,0.035764504498476214,NA,NA,NA,NA,0.31498508934735847,0.31498508934735847,0.08322312490926073,0.8910050186591172,0.9428162973552537,0.9126954440038901
GSE250136,mast,sample_single_cell,Cirbp,H,Morphotypeneural_bias,0.235700412368901,NA,NA,NA,NA,0.2681673261243218,0.2681673261243218,0.27003293542063017,0.9733625016085445,0.9721229449606862,0.9728435699857859
GSE250136,mast,sample_single_cell,Cks1b,H,Morphotypeneural_bias,0.6946495361193902,NA,NA,NA,NA,-0.04002808955726067,-0.04002808955726067,0.7070687769320134,0.8103204220821001,0.8048606147248034,0.808034712351313
GSE250136,mast,sample_single_cell,Cks2,H,Morphotypeneural_bias,0.010944910796239002,NA,NA,NA,NA,0.3290424605143869,0.3290424605143869,0.056601416340753496,0.8195856389139107,0.8152251608291637,0.8177601556070921
GSE250136,mast,sample_single_cell,Clns1a,H,Morphotypeneural_bias,0.05868242556928639,NA,NA,NA,NA,0.10964742158553831,0.10964742158553831,0.10418875558455422,0.8553596705700682,0.8472122944960686,0.8519488292062543
GSE250136,mast,sample_single_cell,Clta,H,Morphotypeneural_bias,0.021904262156852965,NA,NA,NA,NA,0.43967973510253966,0.43967973510253966,0.06992013272648806,0.9131385922017758,0.9133309506790565,0.913219121717663
GSE250136,mast,sample_single_cell,Cnbp,H,Morphotypeneural_bias,0.009659154070600822,NA,NA,NA,NA,0.7919017012752336,0.7919017012752336,0.05573592956954798,0.9625530819714323,0.9556826304503216,0.9596768160395003
GSE250136,mast,sample_single_cell,Cnn3,H,Morphotypeneural_bias,0.39525994129395825,NA,NA,NA,NA,0.10268419709858234,0.10268419709858234,0.42014972715920956,0.8781366619482692,0.8752680486061473,0.8769357372634099
GSE250136,mast,sample_single_cell,Cnpy2,H,Morphotypeneural_bias,0.008531657454806146,NA,NA,NA,NA,0.1405140300650607,0.1405140300650607,0.0532952378198214,0.8965384120447819,0.8961758398856325,0.8963866237749682
GSE250136,mast,sample_single_cell,Commd1,H,Morphotypeneural_bias,0.10095896040468963,NA,NA,NA,NA,0.1304044447365924,0.1304044447365924,0.14490580199261335,1,1,1
GSE250136,mast,sample_single_cell,Cops9,H,Morphotypeneural_bias,0.11299950691787346,NA,NA,NA,NA,0.1394999230790539,0.1394999230790539,0.15564770791590957,0.8508557457212714,0.8473909935668335,0.8494052517393581
GSE250136,mast,sample_single_cell,Cox4i1,H,Morphotypeneural_bias,0.020070432980688845,NA,NA,NA,NA,1.486923385764209,1.486923385764209,0.06842930510367344,0.9355295328786514,0.9349535382416011,0.9352883967980848
GSE250136,mast,sample_single_cell,Cox5a,H,Morphotypeneural_bias,0.09751573413043618,NA,NA,NA,NA,0.7415910189547441,0.7415910189547441,0.14138953641323004,0.9275511517179256,0.9149392423159399,0.9222712650557343
GSE250136,mast,sample_single_cell,Cox5b,H,Morphotypeneural_bias,0.008844403607355037,NA,NA,NA,NA,0.8336446500848202,0.8336446500848202,0.05395086200486572,0.8733753699652554,0.8745532523230879,0.873868482082741
GSE250136,mast,sample_single_cell,Cox6a1,H,Morphotypeneural_bias,0.026340858453869312,NA,NA,NA,NA,0.20487509414760519,0.20487509414760519,0.07315541738954644,0.9651267533136019,0.9612223016440314,0.9634921822398443
GSE250136,mast,sample_single_cell,Cox6b1,H,Morphotypeneural_bias,0.02103503248839,NA,NA,NA,NA,0.6834934886897113,0.6834934886897113,0.06877299402491575,0.9602367777634796,0.9565761258041459,0.9587042717139224
GSE250136,mast,sample_single_cell,Cox6c,H,Morphotypeneural_bias,0.07853146617769664,NA,NA,NA,NA,0.6562368630357067,0.6562368630357067,0.12287002585472472,0.9372024192510616,0.9281629735525375,0.9334181192488965
GSE250136,mast,sample_single_cell,Cox7a2,H,Morphotypeneural_bias,0.1649707667947196,NA,NA,NA,NA,0.5739701833518378,0.5739701833518378,0.20537177090771214,0.9037446918028568,0.9056468906361687,0.9045410338894292
GSE250136,mast,sample_single_cell,Cox7a2l,H,Morphotypeneural_bias,0.01822530436524353,NA,NA,NA,NA,0.4758685532302538,0.4758685532302538,0.067828541548252,0.9733625016085445,0.9692637598284489,0.9716465923543054
GSE250136,mast,sample_single_cell,Cox7b,H,Morphotypeneural_bias,0.037459613291346845,NA,NA,NA,NA,0.4620657350288093,0.4620657350288093,0.08466092463599616,0.924977480375756,0.9208363116511794,0.9232438093813122
GSE250136,mast,sample_single_cell,Cox7c,H,Morphotypeneural_bias,0.00872619050488541,NA,NA,NA,NA,1.3009572181129911,1.3009572181129911,0.05395086200486572,0.8137948783940291,0.8363116511794139,0.8232213660507219
GSE250136,mast,sample_single_cell,Cox8a,H,Morphotypeneural_bias,0.02788650681599366,NA,NA,NA,NA,0.9543708966868003,0.9543708966868003,0.07560341847891615,0.8153390811993309,0.8173695496783416,0.8161891224657739
GSE250136,mast,sample_single_cell,Crabp2,H,Morphotypeneural_bias,1.5208878818653717e-6,NA,NA,NA,NA,3.5071406178848292,3.5071406178848292,0.0012988382511130274,0.8567751898082615,0.8473909935668335,0.8528465624298646
GSE250136,mast,sample_single_cell,Csde1,H,Morphotypeneural_bias,0.05786979641259306,NA,NA,NA,NA,0.30013467637308544,0.30013467637308544,0.1036075600342861,0.8352850341011453,0.8459614010007148,0.8397546195855465
GSE250136,mast,sample_single_cell,Csnk1a1,H,Morphotypeneural_bias,0.05014609760650129,NA,NA,NA,NA,0.41670223743366375,0.41670223743366375,0.09679674384017849,0.8213872088534294,0.8118298784846318,0.8173861000972544
GSE250136,mast,sample_single_cell,Csnk2a1,H,Morphotypeneural_bias,0.017589063944831524,NA,NA,NA,NA,0.4704723816273182,0.4704723816273182,0.067828541548252,1,1,1
GSE250136,mast,sample_single_cell,Ctcf,H,Morphotypeneural_bias,0.04355844175511273,NA,NA,NA,NA,0.27369526579154435,0.27369526579154435,0.0902886147059861,0.9468536867841977,0.9431736954967834,0.9453130844617341
GSE250136,mast,sample_single_cell,Ctnnb1,H,Morphotypeneural_bias,0.26007452286723703,NA,NA,NA,NA,0.137005253583939,0.137005253583939,0.29147459649425256,0.9575344228542015,0.9533595425303788,0.9557866387371886
GSE250136,mast,sample_single_cell,Ctsl,H,Morphotypeneural_bias,0.026027158042703065,NA,NA,NA,NA,0.23970674397983283,0.23970674397983283,0.07287604251956857,0.9998713164328915,0.9996426018584703,0.9997755666940974
GSE250136,mast,sample_single_cell,Cul1,H,Morphotypeneural_bias,0.015731474259488898,NA,NA,NA,NA,0.24062441558860703,0.24062441558860703,0.06475346943151834,0.8804529661562218,0.8772337383845604,0.8791052592204683
GSE250136,mast,sample_single_cell,Cwc15,H,Morphotypeneural_bias,0.5007097748144064,NA,NA,NA,NA,0.057209267194597846,0.057209267194597846,0.5227459018233533,0.8481533908119933,0.8229092208720514,0.8375850976284881
GSE250136,mast,sample_single_cell,Cyc1,H,Morphotypeneural_bias,0.02020029364465938,NA,NA,NA,NA,0.31283882836065624,0.31283882836065624,0.06842930510367344,0.8464805044395831,0.8531093638313081,0.8492556295354231
GSE250136,mast,sample_single_cell,Cycs,H,Morphotypeneural_bias,0.07796260963494397,NA,NA,NA,NA,0.2219926979823832,0.2219926979823832,0.12287002585472472,0.9980697464933728,0.9980343102215868,0.9980549113488442
GSE250136,mast,sample_single_cell,D8Ertd738e,H,Morphotypeneural_bias,0.048946384836826284,NA,NA,NA,NA,0.26936856152591515,0.26936856152591515,0.09628897011477253,0.9747780208467379,0.9753395282344531,0.9750130919428444
GSE250136,mast,sample_single_cell,Dad1,H,Morphotypeneural_bias,0.3859964796449892,NA,NA,NA,NA,0.06427915093262415,0.06427915093262415,0.4115057663619619,0.8805816497233303,0.884024303073624,0.8820228921972021
GSE250136,mast,sample_single_cell,Dbi,H,Morphotypeneural_bias,0.0374728682815065,NA,NA,NA,NA,0.7596051473197569,0.7596051473197569,0.08466092463599616,0.9624243984043238,0.9603288062902073,0.9615470935886885
GSE250136,mast,sample_single_cell,Dcakd,H,Morphotypeneural_bias,0.02576661193906168,NA,NA,NA,NA,0.23238837173402294,0.23238837173402294,0.07286572803654347,1,1,1
GSE250136,mast,sample_single_cell,Dctpp1,H,Morphotypeneural_bias,0.019843743729348804,NA,NA,NA,NA,0.4686713575338155,0.4686713575338155,0.06842930510367344,0.8332260970274096,0.8402430307362402,0.836163686691105
GSE250136,mast,sample_single_cell,Ddah2,H,Morphotypeneural_bias,0.6579626286983038,NA,NA,NA,NA,-0.0366035406344829,-0.0366035406344829,0.6713262663182216,0.8639814695663364,0.8631165117941386,0.8636193611131892
GSE250136,mast,sample_single_cell,Ddb1,H,Morphotypeneural_bias,0.014592842499053394,NA,NA,NA,NA,0.274708454173644,0.274708454173644,0.06139057878912117,0.9064470467121348,0.9010007147962831,0.9041669783795915
GSE250136,mast,sample_single_cell,Ddx1,H,Morphotypeneural_bias,0.15840760655418204,NA,NA,NA,NA,0.12450690236824524,0.12450690236824524,0.19923430927433206,0.8298803242825891,0.8239814152966405,0.8274107877609037
GSE250136,mast,sample_single_cell,Ddx18,H,Morphotypeneural_bias,0.2609177723741548,NA,NA,NA,NA,0.12007235203031508,0.12007235203031508,0.2920364057765769,0.9841719212456569,0.9858827734095783,0.9848881574025585
GSE250136,mast,sample_single_cell,Ddx21,H,Morphotypeneural_bias,0.004058470231263862,NA,NA,NA,NA,0.15719325867051248,0.15719325867051248,0.042589761678324164,0.8868871445116459,0.8800929235167977,0.8840427919503254
GSE250136,mast,sample_single_cell,Ddx24,H,Morphotypeneural_bias,0.018804482289508612,NA,NA,NA,NA,0.2928917311729049,0.2928917311729049,0.067828541548252,0.9795393128297516,0.977662616154396,0.9787536470412209
GSE250136,mast,sample_single_cell,Ddx39b,H,Morphotypeneural_bias,0.0135359779516219,NA,NA,NA,NA,0.6831445495927762,0.6831445495927762,0.060447642220678596,0.95766310642131,0.9594353109363831,0.9584050273060523
GSE250136,mast,sample_single_cell,Ddx3x,H,Morphotypeneural_bias,0.07548968166154604,NA,NA,NA,NA,0.2551454600461036,0.2551454600461036,0.12057349129815036,0.8985973491185175,0.8926018584703359,0.896087379367098
GSE250136,mast,sample_single_cell,Ddx46,H,Morphotypeneural_bias,0.09623837857203486,NA,NA,NA,NA,0.22194044836849258,0.22194044836849258,0.1400129051116146,0.9987131643289152,0.998927805575411,0.9988030223685195
GSE250136,mast,sample_single_cell,Ddx5,H,Morphotypeneural_bias,0.089160648535655,NA,NA,NA,NA,0.5873790876949716,0.5873790876949716,0.13265364782134037,0.9819843006048128,0.974446032880629,0.9788284581431884
GSE250136,mast,sample_single_cell,Ddx6,H,Morphotypeneural_bias,0.050584366514381106,NA,NA,NA,NA,0.1863156485574864,0.1863156485574864,0.09679674384017849,0.8293655900141552,0.8507862759113652,0.8383332086481634
GSE250136,mast,sample_single_cell,Dek,H,Morphotypeneural_bias,2.1191129849559688e-4,NA,NA,NA,NA,1.874989546408246,1.874989546408246,0.009524855206065249,0.9954960751512032,0.9955325232308792,0.9955113338819481
GSE250136,mast,sample_single_cell,Denr,H,Morphotypeneural_bias,0.282386939103825,NA,NA,NA,NA,0.17119881299202966,0.17119881299202966,0.3115742196313521,0.8135375112598121,0.8293423874195854,0.8201541108700531
GSE250136,mast,sample_single_cell,Dhx15,H,Morphotypeneural_bias,0.028291487095581647,NA,NA,NA,NA,0.22237949999657047,0.22237949999657047,0.07621744473068369,0.9450521168446789,0.9472837741243746,0.9459863843794419
GSE250136,mast,sample_single_cell,Dhx9,H,Morphotypeneural_bias,0.010750558318384272,NA,NA,NA,NA,0.29808976363571915,0.29808976363571915,0.056601416340753496,0.9897053146313216,0.993566833452466,0.9913219121717662
GSE250136,mast,sample_single_cell,Dkc1,H,Morphotypeneural_bias,0.06860141463742932,NA,NA,NA,NA,0.24437738811196352,0.24437738811196352,0.11495533976546252,1,1,1
GSE250136,mast,sample_single_cell,Dnaja1,H,Morphotypeneural_bias,0.05954400150979257,NA,NA,NA,NA,0.5568493902564642,0.5568493902564642,0.10463422632688113,0.9553468022133573,0.9578270192994996,0.9563851275529288
GSE250136,mast,sample_single_cell,Dnaja2,H,Morphotypeneural_bias,0.011646464085882446,NA,NA,NA,NA,0.24320214165828435,0.24320214165828435,0.056601416340753496,0.9956247587183117,0.9958899213724088,0.9957357671878507
GSE250136,mast,sample_single_cell,Dnajb6,H,Morphotypeneural_bias,0.33514823572974584,NA,NA,NA,NA,0.1044810369322482,0.1044810369322482,0.3613845875166704,0.9984557971946982,0.9983917083631165,0.9984289668586819
GSE250136,mast,sample_single_cell,Dnajc2,H,Morphotypeneural_bias,0.030382578447354227,NA,NA,NA,NA,0.20462047146762563,0.20462047146762563,0.07755058633182339,0.8913910693604427,0.8815225160829163,0.8872596693349293
GSE250136,mast,sample_single_cell,Dnajc8,H,Morphotypeneural_bias,0.013256541444057414,NA,NA,NA,NA,0.2793688670799459,0.2793688670799459,0.060447642220678596,0.9983271136275897,0.998927805575411,0.9985785890626169
GSE250136,mast,sample_single_cell,Dnajc9,H,Morphotypeneural_bias,6.69760103560432e-5,NA,NA,NA,NA,0.4604586889425346,0.4604586889425346,0.006355279204895654,1,1,1
GSE250136,mast,sample_single_cell,Dpy30,H,Morphotypeneural_bias,0.12880748831967434,NA,NA,NA,NA,0.1701223545143291,0.1701223545143291,0.17117338704777796,1,1,1
GSE250136,mast,sample_single_cell,Dstn,H,Morphotypeneural_bias,0.21233404875865047,NA,NA,NA,NA,0.2036751575985165,0.2036751575985165,0.24957763470825417,0.9160983142452709,0.910650464617584,0.9138176105334032
GSE250136,mast,sample_single_cell,Dtymk,H,Morphotypeneural_bias,0.06689365989832384,NA,NA,NA,NA,0.26148771912404367,0.26148771912404367,0.11357293350530528,0.8100630549478831,0.8275553967119371,0.8173861000972544
GSE250136,mast,sample_single_cell,Dut,H,Morphotypeneural_bias,0.005851009538908272,NA,NA,NA,NA,0.892755416543066,0.892755416543066,0.046047254667876444,0.8849568910050186,0.916011436740529,0.8979576569162864
GSE250136,mast,sample_single_cell,Dync1i2,H,Morphotypeneural_bias,0.2721803396501657,NA,NA,NA,NA,0.08738139071741813,0.08738139071741813,0.3022652926674142,0.8908763350920087,0.8881343817012152,0.8897284356998578
GSE250136,mast,sample_single_cell,Dynll1,H,Morphotypeneural_bias,0.13477201032570424,NA,NA,NA,NA,0.7393097927480454,0.7393097927480454,0.17652652886219541,0.9382318877879294,0.9358470335954253,0.9372334854492407
GSE250136,mast,sample_single_cell,Dynll2,H,Morphotypeneural_bias,0.013387856395109898,NA,NA,NA,NA,0.21316791045553174,0.21316791045553174,0.060447642220678596,0.9841719212456569,0.9817726947819871,0.9831675020573053
GSE250136,mast,sample_single_cell,Edf1,H,Morphotypeneural_bias,0.008107448135632375,NA,NA,NA,NA,0.2914194546970803,0.2914194546970803,0.05288988748278629,0.9317977094325055,0.9304860614724804,0.9312485972918381
GSE250136,mast,sample_single_cell,Eef1a1,H,Morphotypeneural_bias,NA,NA,NA,NA,NA,NA,NA,NA,0.9907347831681894,0.9876697641172266,0.989451634622578
GSE250136,mast,sample_single_cell,Eef1b2,H,Morphotypeneural_bias,0.11818898913746385,NA,NA,NA,NA,1.9277627091774754,1.9277627091774754,0.1609783041840417,0.9432505469051602,0.943709792709078,0.9434428069125458
GSE250136,mast,sample_single_cell,Eef1d,H,Morphotypeneural_bias,0.02027238195694307,NA,NA,NA,NA,0.7217252767378834,0.7217252767378834,0.06842930510367344,0.898726032685626,0.8859899928520372,0.8933941796962669
GSE250136,mast,sample_single_cell,Eef1g,H,Morphotypeneural_bias,0.022996842671787664,NA,NA,NA,NA,1.7093884723809634,1.7093884723809634,0.07001605895110906,0.9292240380903358,0.928699070764832,0.9290042642328121
GSE250136,mast,sample_single_cell,Eef2,H,Morphotypeneural_bias,0.018338386810119355,NA,NA,NA,NA,1.826124302837007,1.826124302837007,0.067828541548252,0.9361729507141938,0.9413867047891351,0.9383556519787537
GSE250136,mast,sample_single_cell,Eif1,H,Morphotypeneural_bias,0.012214192607546926,NA,NA,NA,NA,1.6083855319859026,1.6083855319859026,0.057629394954945165,0.8050443958306525,0.8053967119370979,0.8051918904765467
GSE250136,mast,sample_single_cell,Eif1ax,H,Morphotypeneural_bias,0.01782253310729364,NA,NA,NA,NA,0.3097805326994494,0.3097805326994494,0.067828541548252,0.9958821258525287,0.9942816297355254,0.9952120894740779
GSE250136,mast,sample_single_cell,Eif1b,H,Morphotypeneural_bias,5.2036230629709606e-5,NA,NA,NA,NA,0.24704292513658066,0.24704292513658066,0.0055548676197215005,0.934886115043109,0.940314510364546,0.9371586743472732
GSE250136,mast,sample_single_cell,Eif2s1,H,Morphotypeneural_bias,0.012393609569298214,NA,NA,NA,NA,0.2567808750195857,0.2567808750195857,0.05815462951747624,0.9103075537253893,0.9165475339528234,0.9129198773097927
GSE250136,mast,sample_single_cell,Eif2s2,H,Morphotypeneural_bias,0.004116540976085653,NA,NA,NA,NA,0.5457402228887283,0.5457402228887283,0.042589761678324164,0.980697464933728,0.9790922087205146,0.9800254357746689
GSE250136,mast,sample_single_cell,Eif3a,H,Morphotypeneural_bias,0.0706792227456538,NA,NA,NA,NA,0.9881786813387876,0.9881786813387876,0.11670886298320018,0.9889332132286707,0.9874910650464618,0.988329468093065
GSE250136,mast,sample_single_cell,Eif3b,H,Morphotypeneural_bias,0.23360770430051653,NA,NA,NA,NA,0.14428728390934964,0.14428728390934964,0.26923209105619583,0.974005919444087,0.9731951393852752,0.9736664921074287
GSE250136,mast,sample_single_cell,Eif3c,H,Morphotypeneural_bias,0.02711219596241612,NA,NA,NA,NA,0.5843755354597153,0.5843755354597153,0.0739738509645475,0.9422210783682924,0.9401358112937813,0.941348096057455
GSE250136,mast,sample_single_cell,Eif3d,H,Morphotypeneural_bias,0.02322513737233115,NA,NA,NA,NA,0.34232438886219807,0.34232438886219807,0.07001605895110906,1,1,1
GSE250136,mast,sample_single_cell,Eif3e,H,Morphotypeneural_bias,0.07163210919231298,NA,NA,NA,NA,0.6418537774239308,0.6418537774239308,0.11748574760181645,0.9410629262643161,0.9428162973552537,0.9417969626692602
GSE250136,mast,sample_single_cell,Eif3f,H,Morphotypeneural_bias,0.044769618151332964,NA,NA,NA,NA,0.7150380937381184,0.7150380937381184,0.09103155690771035,0.8580620254793463,0.8538241601143675,0.856287873120371
GSE250136,mast,sample_single_cell,Eif3g,H,Morphotypeneural_bias,0.1667657005185995,NA,NA,NA,NA,0.16567550932494557,0.16567550932494557,0.20640276556939707,0.9530304980054047,0.9535382416011436,0.9532430612702925
GSE250136,mast,sample_single_cell,Eif3h,H,Morphotypeneural_bias,0.06949086226427645,NA,NA,NA,NA,0.532255791276957,0.532255791276957,0.11590858666736736,0.8952515763736971,0.8988563259471051,0.8967606792848059
GSE250136,mast,sample_single_cell,Eif3i,H,Morphotypeneural_bias,0.006470083857061978,NA,NA,NA,NA,0.5140693537860033,0.5140693537860033,0.04794337353392875,0.8279500707759619,0.8193352394567548,0.824343532580235
GSE250136,mast,sample_single_cell,Eif3k,H,Morphotypeneural_bias,0.06357848352854341,NA,NA,NA,NA,0.5880076111386598,0.5880076111386598,0.10902816251681942,0.8868871445116459,0.8881343817012152,0.8874092915388644
GSE250136,mast,sample_single_cell,Eif3l,H,Morphotypeneural_bias,0.03407338536781481,NA,NA,NA,NA,0.272913254306125,0.272913254306125,0.08128120420143532,0.8795521811864625,0.876518942101501,0.8782823370988254
GSE250136,mast,sample_single_cell,Eif3m,H,Morphotypeneural_bias,0.09941573258983578,NA,NA,NA,NA,0.3097704436306845,0.3097704436306845,0.14317206683257971,0.9835285034101146,0.9808791994281629,0.98241939103763
GSE250136,mast,sample_single_cell,Eif4a1,H,Morphotypeneural_bias,0.12188942906908554,NA,NA,NA,NA,1.062576444490821,1.062576444490821,0.16399861684422953,0.9755501222493888,0.9708720514653324,0.9735916810054612
GSE250136,mast,sample_single_cell,Eif4a3,H,Morphotypeneural_bias,0.01699797594574064,NA,NA,NA,NA,0.2949056006177999,0.2949056006177999,0.06689526017355994,1,1,1
GSE250136,mast,sample_single_cell,Eif4b,H,Morphotypeneural_bias,0.003805839082257182,NA,NA,NA,NA,0.278346103986701,0.278346103986701,0.042589761678324164,0.9584352078239609,0.95746962115797,0.9580309717962145
GSE250136,mast,sample_single_cell,Eif4e,H,Morphotypeneural_bias,0.1775832747796679,NA,NA,NA,NA,-0.031447381663469276,-0.031447381663469276,0.21597607102388916,0.8458370866040407,0.8447105075053609,0.8453654522331114
GSE250136,mast,sample_single_cell,Eif4ebp1,H,Morphotypeneural_bias,0.9472722503231422,NA,NA,NA,NA,0.043334590970861786,0.043334590970861786,0.9506116354594165,0.8068459657701712,0.8193352394567548,0.8120745118575596
GSE250136,mast,sample_single_cell,Eif4g1,H,Morphotypeneural_bias,0.32854735434687443,NA,NA,NA,NA,0.1632572188921766,0.1632572188921766,0.35643970745727344,0.8406897439197014,0.8359542530378842,0.838707264158001
GSE250136,mast,sample_single_cell,Eif4g2,H,Morphotypeneural_bias,0.2961395127302392,NA,NA,NA,NA,0.3750173697495969,0.3750173697495969,0.32465101909066013,0.977223008621799,0.9710507505360972,0.9746390364330066
GSE250136,mast,sample_single_cell,Eif4h,H,Morphotypeneural_bias,0.07672943828643275,NA,NA,NA,NA,0.14420157451860094,0.14420157451860094,0.12134618573446958,0.8646248874018788,0.8522158684774839,0.8594299394030074
GSE250136,mast,sample_single_cell,Eif5,H,Morphotypeneural_bias,0.01064613161059114,NA,NA,NA,NA,0.7000910456574552,0.7000910456574552,0.056601416340753496,0.834126881997169,0.8456040028591851,0.8389316974639036
GSE250136,mast,sample_single_cell,Eif5a,H,Morphotypeneural_bias,0.09144547456922028,NA,NA,NA,NA,1.510555156110371,1.510555156110371,0.13487812656669107,0.8628233174623601,0.8716940671908506,0.8665369940899229
GSE250136,mast,sample_single_cell,Eif5b,H,Morphotypeneural_bias,0.10449681896770636,NA,NA,NA,NA,0.3280984881164146,0.3280984881164146,0.1475046006585475,0.8711877493244112,0.8650822015725518,0.8686317049450138
GSE250136,mast,sample_single_cell,Elavl1,H,Morphotypeneural_bias,0.034864645650303096,NA,NA,NA,NA,0.20824638987557353,0.20824638987557353,0.08260037281799344,0.8673272423111569,0.8856325947105075,0.8749906486122541
GSE250136,mast,sample_single_cell,Elob,H,Morphotypeneural_bias,0.1827389160199728,NA,NA,NA,NA,0.5911836772525145,0.5911836772525145,0.2207341361825414,0.8293655900141552,0.8481057898498928,0.8372110421186504
GSE250136,mast,sample_single_cell,Eloc,H,Morphotypeneural_bias,0.16665710975116668,NA,NA,NA,NA,0.1668848343294913,0.1668848343294913,0.20640276556939707,0.8849568910050186,0.8970693352394568,0.890027680107728
GSE250136,mast,sample_single_cell,Emg1,H,Morphotypeneural_bias,0.0208241757923415,NA,NA,NA,NA,0.27907496829342104,0.27907496829342104,0.06877299402491575,0.9756788058164972,0.9721229449606862,0.9741901698212014
GSE250136,mast,sample_single_cell,Eno1,H,Morphotypeneural_bias,0.3684198255029226,NA,NA,NA,NA,0.41948535325840197,0.41948535325840197,0.3957616741880452,0.9216317076309355,0.9235167977126519,0.9224208872596693
GSE250136,mast,sample_single_cell,Eny2,H,Morphotypeneural_bias,0.20217533700660664,NA,NA,NA,NA,0.15558892176560768,0.15558892176560768,0.23979690740721163,0.8610217475228413,0.8629378127233739,0.8618238946659684
GSE250136,mast,sample_single_cell,Eprs,H,Morphotypeneural_bias,0.35208952902800295,NA,NA,NA,NA,0.1906670326395643,0.1906670326395643,0.3786957906673986,0.8701582807875434,0.8670478913509649,0.8688561382509165
GSE250136,mast,sample_single_cell,Erh,H,Morphotypeneural_bias,0.07053296845314107,NA,NA,NA,NA,0.16842649578657598,0.16842649578657598,0.11670886298320018,1,1,1
GSE250136,mast,sample_single_cell,Esd,H,Morphotypeneural_bias,0.004555558799180504,NA,NA,NA,NA,0.29857264213000567,0.29857264213000567,0.04290216747062152,0.8575472912109123,0.8647248034310222,0.8605521059325204
GSE250136,mast,sample_single_cell,Etfb,H,Morphotypeneural_bias,0.018772513192279683,NA,NA,NA,NA,0.20277105059364775,0.20277105059364775,0.067828541548252,0.944794749710462,0.9481772694781987,0.9462108176853445
GSE250136,mast,sample_single_cell,Ewsr1,H,Morphotypeneural_bias,0.004742688928841788,NA,NA,NA,NA,0.42494113317903315,0.42494113317903315,0.04290216747062152,0.8578046583451293,0.8554324517512509,0.8568115508341438
GSE250136,mast,sample_single_cell,Exosc8,H,Morphotypeneural_bias,0.006280950535933177,NA,NA,NA,NA,0.2444965899181719,0.2444965899181719,0.0475647481902808,0.8348989833998198,0.8341672623302359,0.8345926535497867
GSE250136,mast,sample_single_cell,Ezh2,H,Morphotypeneural_bias,0.01147793304837185,NA,NA,NA,NA,0.46088933811446253,0.46088933811446253,0.056601416340753496,0.9078625659503281,0.9077912794853467,0.9078327223760005
GSE250136,mast,sample_single_cell,Fabp5,H,Morphotypeneural_bias,0.021648126706141853,NA,NA,NA,NA,0.8629304750886391,0.8629304750886391,0.0695648755847698,0.8487968086475357,0.8489992852037169,0.8488815740255854
GSE250136,mast,sample_single_cell,Fam104a,H,Morphotypeneural_bias,0.10840277095450844,NA,NA,NA,NA,0.1300115718046615,0.1300115718046615,0.15126256226858176,0.9879037446918029,0.9880271622587563,0.9879554125832274
GSE250136,mast,sample_single_cell,Fau,H,Morphotypeneural_bias,NA,NA,NA,NA,NA,NA,NA,NA,0.9862308583193926,0.9828448892065761,0.984813346300591
GSE250136,mast,sample_single_cell,Fbl,H,Morphotypeneural_bias,0.10030386344443439,NA,NA,NA,NA,0.2921356249740632,0.2921356249740632,0.14420791141674574,1,1,1
GSE250136,mast,sample_single_cell,Fdps,H,Morphotypeneural_bias,0.7837455793786122,NA,NA,NA,NA,0.12118984984605063,0.12118984984605063,0.7939723900229358,0.971046197400592,0.9676554681915654,0.9696266926011821
GSE250136,mast,sample_single_cell,Fkbp1a,H,Morphotypeneural_bias,0.1715058263280461,NA,NA,NA,NA,0.2583752261328005,0.2583752261328005,0.21043962023584967,0.9841719212456569,0.9842744817726948,0.9842148574848507
GSE250136,mast,sample_single_cell,Fkbp3,H,Morphotypeneural_bias,0.023666787257773103,NA,NA,NA,NA,0.7199738952747605,0.7199738952747605,0.07001605895110906,0.8810963839917643,0.8836669049320943,0.8821725144011371
GSE250136,mast,sample_single_cell,Fkbp4,H,Morphotypeneural_bias,0.09210546361546433,NA,NA,NA,NA,0.44358306928835844,0.44358306928835844,0.1354560603827776,0.8810963839917643,0.8870621872766261,0.8835939253385202
GSE250136,mast,sample_single_cell,Fscn1,H,Morphotypeneural_bias,0.4073673443197417,NA,NA,NA,NA,0.13411639726990643,0.13411639726990643,0.4305590495656676,1,1,1
GSE250136,mast,sample_single_cell,Fth1,H,Morphotypeneural_bias,0.07314371685900906,NA,NA,NA,NA,0.9445121901921159,0.9445121901921159,0.11875424752394247,0.9947239737485523,0.9932094353109364,0.994089922944565
GSE250136,mast,sample_single_cell,Ftl1,H,Morphotypeneural_bias,0.2355505849778418,NA,NA,NA,NA,1.5003850762396809,1.5003850762396809,0.27003293542063017,1,1,1
GSE250136,mast,sample_single_cell,Fubp1,H,Morphotypeneural_bias,0.020099574153131076,NA,NA,NA,NA,0.5352007981431273,0.5352007981431273,0.06842930510367344,0.9189293527216574,0.9226233023588277,0.9204757986085135
GSE250136,mast,sample_single_cell,Fus,H,Morphotypeneural_bias,0.019455979307284103,NA,NA,NA,NA,0.7015521438715773,0.7015521438715773,0.06837615773012602,0.7991249517436624,0.8087919942816297,0.8031719907234234
GSE250136,mast,sample_single_cell,Fxr1,H,Morphotypeneural_bias,0.0835922597866851,NA,NA,NA,NA,0.1740011927389582,0.1740011927389582,0.1277062430372613,0.8122506755887273,0.813795568263045,0.8128974339792026
GSE250136,mast,sample_single_cell,G3bp1,H,Morphotypeneural_bias,2.3921524290526722e-4,NA,NA,NA,NA,0.6580987445172424,0.6580987445172424,0.009705574616090257,0.9108222879938231,0.9060042887776983,0.9088052667015785
GSE250136,mast,sample_single_cell,G3bp2,H,Morphotypeneural_bias,0.06176344094619099,NA,NA,NA,NA,0.2924975556461811,0.2924975556461811,0.10720727351229087,0.8334834641616266,0.8309506790564689,0.8324231315927284
GSE250136,mast,sample_single_cell,Gabarap,H,Morphotypeneural_bias,1.1242281475470476e-4,NA,NA,NA,NA,0.377467212257244,0.377467212257244,0.007385314138501374,0.8064599150688457,0.8195139385275196,0.8119248896536246
GSE250136,mast,sample_single_cell,Gapdh,H,Morphotypeneural_bias,0.004927813835234449,NA,NA,NA,NA,6.072272029286658,6.072272029286658,0.04290216747062152,0.8468665551409085,0.8464974982130093,0.846712052068527
GSE250136,mast,sample_single_cell,Gars,H,Morphotypeneural_bias,0.19752597277973827,NA,NA,NA,NA,0.16241958235663523,0.16241958235663523,0.23496276809094038,0.9993565821644576,0.998927805575411,0.9991770778783572
GSE250136,mast,sample_single_cell,Gas1,H,Morphotypeneural_bias,0.28129617391772294,NA,NA,NA,NA,0.2996885364461126,0.2996885364461126,0.31117478306442403,0.9817269334705958,0.9808791994281629,0.9813720356100846
GSE250136,mast,sample_single_cell,Gas5,H,Morphotypeneural_bias,0.002132176214396306,NA,NA,NA,NA,1.6418775357846904,1.6418775357846904,0.03251568726954367,0.9987131643289152,0.9985704074338814,0.9986534001645844
GSE250136,mast,sample_single_cell,Gdi2,H,Morphotypeneural_bias,0.050910014977602745,NA,NA,NA,NA,0.25585719923135697,0.25585719923135697,0.09704721605105524,0.8385021232788573,0.8282701929949964,0.8342185980399491
GSE250136,mast,sample_single_cell,Gjc1,H,Morphotypeneural_bias,0.0063117613082135605,NA,NA,NA,NA,0.20834780108853002,0.20834780108853002,0.0475647481902808,0.823703513061382,0.8261258041458185,0.8247175880900726
GSE250136,mast,sample_single_cell,Glo1,H,Morphotypeneural_bias,0.007864112401592,NA,NA,NA,NA,0.3909401913552464,0.3909401913552464,0.052468374929371626,0.9000128683567108,0.9026090064331665,0.9010997231989227
GSE250136,mast,sample_single_cell,Glrx3,H,Morphotypeneural_bias,0.02109897474769078,NA,NA,NA,NA,0.3043917741301865,0.3043917741301865,0.06877299402491575,0.928194569553468,0.9278055754110078,0.9280317199072342
GSE250136,mast,sample_single_cell,Gm10076,H,Morphotypeneural_bias,0.02462931388589296,NA,NA,NA,NA,0.6855752426018036,0.6855752426018036,0.07139429943990573,0.8741474713679063,0.8809864188706219,0.8770105483653774
GSE250136,mast,sample_single_cell,Gm1673,H,Morphotypeneural_bias,0.0011119994461294793,NA,NA,NA,NA,0.3088656953781821,0.3088656953781821,0.021103278377657228,0.9402908248616652,0.942458899213724,0.9411984738535198
GSE250136,mast,sample_single_cell,Gm42418,H,Morphotypeneural_bias,0.032624034761503065,NA,NA,NA,NA,1.1517526702871743,1.1517526702871743,0.08014552708615655,0.8228027280916227,0.8227305218012866,0.8227724994389167
GSE250136,mast,sample_single_cell,Gm47283,H,Morphotypeneural_bias,0.0028334895462468735,NA,NA,NA,NA,0.54368498584821,0.54368498584821,0.03763008213262555,0.9998713164328915,1,0.9999251888980325
GSE250136,mast,sample_single_cell,Gmnn,H,Morphotypeneural_bias,0.0028641163215698605,NA,NA,NA,NA,0.3830655599809871,0.3830655599809871,0.03763008213262555,0.863080684596577,0.8565046461758399,0.8603276726266178
GSE250136,mast,sample_single_cell,Gmps,H,Morphotypeneural_bias,1.742970254995847e-5,NA,NA,NA,NA,0.4378597421475128,0.4378597421475128,0.004583203132438806,0.8973105134474327,0.8834882058613295,0.8915239021470787
GSE250136,mast,sample_single_cell,Gnai2,H,Morphotypeneural_bias,0.0047705214775054525,NA,NA,NA,NA,0.7966107460832736,0.7966107460832736,0.04290216747062152,0.8980826148500837,0.9122587562544675,0.9040173561756565
GSE250136,mast,sample_single_cell,Gnas,H,Morphotypeneural_bias,0.11396210292049973,NA,NA,NA,NA,0.6907610976900553,0.6907610976900553,0.15672083074735388,0.996268176553854,0.9962473195139385,0.9962594449016234
GSE250136,mast,sample_single_cell,Gnb1,H,Morphotypeneural_bias,0.03193803850913873,NA,NA,NA,NA,0.5421214565643391,0.5421214565643391,0.07928803746164093,0.9956247587183117,0.9955325232308792,0.9955861449839156
GSE250136,mast,sample_single_cell,Gnb2,H,Morphotypeneural_bias,0.011461767076599903,NA,NA,NA,NA,0.30047451952729887,0.30047451952729887,0.056601416340753496,1,1,1
GSE250136,mast,sample_single_cell,Gng5,H,Morphotypeneural_bias,0.2940767238548134,NA,NA,NA,NA,0.578272233415074,0.578272233415074,0.32280401307456386,0.9155835799768369,0.9056468906361687,0.9114236552704421
GSE250136,mast,sample_single_cell,Gnl3,H,Morphotypeneural_bias,0.07825829981262199,NA,NA,NA,NA,0.14311299066534433,0.14311299066534433,0.12287002585472472,0.9548320679449235,0.9537169406719085,0.9543652277998055
GSE250136,mast,sample_single_cell,Gpc3,H,Morphotypeneural_bias,0.24579051155928788,NA,NA,NA,NA,-0.0013672459472839904,-0.0013672459472839904,0.27838872264142156,0.9990992150302407,0.9998213009292352,0.9994015111842598
GSE250136,mast,sample_single_cell,Gpi1,H,Morphotypeneural_bias,0.05234418966965373,NA,NA,NA,NA,0.49876377288397444,0.49876377288397444,0.09793306374762223,0.8006691545489641,0.818084345961401,0.8079599012493454
GSE250136,mast,sample_single_cell,Gpx1,H,Morphotypeneural_bias,0.28232823531642687,NA,NA,NA,NA,0.2174890276137309,0.2174890276137309,0.3115742196313521,0.997040277956505,0.9969621157969979,0.9970075559212987
GSE250136,mast,sample_single_cell,Gpx4,H,Morphotypeneural_bias,0.13935499976739074,NA,NA,NA,NA,0.6768259430726369,0.6768259430726369,0.18177032857786912,0.9942092394801184,0.9933881343817013,0.9938654896386624
GSE250136,mast,sample_single_cell,Grb10,H,Morphotypeneural_bias,0.08676112164765015,NA,NA,NA,NA,0.4816495748861369,0.4816495748861369,0.1306772449507817,0.8243469308969245,0.8152251608291637,0.8205281663798908
GSE250136,mast,sample_single_cell,Grcc10,H,Morphotypeneural_bias,0.19337900686503973,NA,NA,NA,NA,0.2726587428969216,0.2726587428969216,0.2309729676402013,0.8592201775833226,0.86168691922802,0.8602528615246503
GSE250136,mast,sample_single_cell,Gsk3b,H,Morphotypeneural_bias,0.2704778619991504,NA,NA,NA,NA,0.14820190238411124,0.14820190238411124,0.30076574758759694,0.8415905288894608,0.8366690493209435,0.8395301862796439
GSE250136,mast,sample_single_cell,Gspt1,H,Morphotypeneural_bias,0.17388453495013081,NA,NA,NA,NA,0.15760816592151494,0.15760816592151494,0.21254695509964516,0.9010423368935787,0.8886704789135097,0.8958629460611954
GSE250136,mast,sample_single_cell,Gtf2h5,H,Morphotypeneural_bias,0.15461382497893023,NA,NA,NA,NA,0.2178338608407726,0.2178338608407726,0.19619644358396196,0.8641101531334449,0.8632952108649035,0.8637689833171243
GSE250136,mast,sample_single_cell,Gtpbp4,H,Morphotypeneural_bias,0.10169772278094226,NA,NA,NA,NA,0.3035284951622246,0.3035284951622246,0.1454368207514444,0.9500707759619097,0.959614010007148,0.9540659833919354
GSE250136,mast,sample_single_cell,H1fx,H,Morphotypeneural_bias,0.14830503756299873,NA,NA,NA,NA,0.26169244589752516,0.26169244589752516,0.1898838112125951,0.9064470467121348,0.9001072194424589,0.9037929228697539
GSE250136,mast,sample_single_cell,H2afv,H,Morphotypeneural_bias,0.3762665133943819,NA,NA,NA,NA,0.5722658289989848,0.5722658289989848,0.4026711810010052,0.820743791017887,0.8148677626876341,0.8182838333208649
GSE250136,mast,sample_single_cell,H2afx,H,Morphotypeneural_bias,0.5912880835498813,NA,NA,NA,NA,0.10295973691106797,0.10295973691106797,0.6076534577034881,0.8840561060352593,0.8967119370979271,0.8893543801900202
GSE250136,mast,sample_single_cell,H2afy,H,Morphotypeneural_bias,0.018198778983281375,NA,NA,NA,NA,0.8801626281394466,0.8801626281394466,0.067828541548252,0.8965384120447819,0.8984989278055754,0.8973591681005462
GSE250136,mast,sample_single_cell,H2afy2,H,Morphotypeneural_bias,0.6920377336763178,NA,NA,NA,NA,0.08542627854003326,0.08542627854003326,0.7052508646295649,0.8404323767854845,0.8418513223731237,0.8410264083189946
GSE250136,mast,sample_single_cell,H2afz,H,Morphotypeneural_bias,0.04147453905156661,NA,NA,NA,NA,3.6638456101333077,3.6638456101333077,0.08823407148393672,0.9267790503152747,0.9261972837741244,0.9265354978678836
GSE250136,mast,sample_single_cell,H3f3a,H,Morphotypeneural_bias,0.04163738970494907,NA,NA,NA,NA,1.8721385608198098,1.8721385608198098,0.08823407148393672,0.8599922789859735,0.8602573266619014,0.8601032393207152
GSE250136,mast,sample_single_cell,H3f3b,H,Morphotypeneural_bias,0.41089447060615014,NA,NA,NA,NA,1.4662873850033158,1.4662873850033158,0.43375015809351325,0.8193282717796937,0.8225518227305219,0.8206777885838258
GSE250136,mast,sample_single_cell,Hat1,H,Morphotypeneural_bias,7.697865216605292e-4,NA,NA,NA,NA,0.4264931902436917,0.4264931902436917,0.017299939197318207,0.8677132930124823,0.8654395997140815,0.8667614273958255
GSE250136,mast,sample_single_cell,Hdgf,H,Morphotypeneural_bias,0.004245939850465185,NA,NA,NA,NA,0.9579644717118052,0.9579644717118052,0.042645715058633835,0.9966542272551795,0.9966047176554682,0.996633500411461
GSE250136,mast,sample_single_cell,Higd1a,H,Morphotypeneural_bias,0.0014325602572923862,NA,NA,NA,NA,0.67312537296364106,0.67312537296364106,0.024967478769953016,0.9779951100244498,0.975518227305218,0.9769581805940002
GSE250136,mast,sample_single_cell,Hint1,H,Morphotypeneural_bias,0.029860327056276777,NA,NA,NA,NA,1.0124348804613401,1.0124348804613401,0.07755058633182339,0.808390168575473,0.8084345961401,0.8084087678611506
GSE250136,mast,sample_single_cell,Hmga2,H,Morphotypeneural_bias,0.07976274401088605,NA,NA,NA,NA,-0.8331046212922786,-0.8331046212922786,0.12430179449871658,0.8199716896152361,0.8095067905646891,0.8155906336500337
GSE250136,mast,sample_single_cell,Hmgb1,H,Morphotypeneural_bias,0.013329707243606418,NA,NA,NA,NA,1.6677276050031544,1.6677276050031544,0.060447642220678596,0.8094196371123408,0.8046819156540386,0.8074362235355727
GSE250136,mast,sample_single_cell,Hmgb2,H,Morphotypeneural_bias,0.0067436735836134375,NA,NA,NA,NA,4.084217853634009,4.084217853634009,0.04880590881699895,0.9602367777634796,0.9599714081486777,0.9601256826513055
GSE250136,mast,sample_single_cell,Hmgb3,H,Morphotypeneural_bias,0.08217201675617532,NA,NA,NA,NA,0.46983530491413994,0.46983530491413994,0.12644126542301573,0.9998713164328915,0.9996426018584703,0.9997755666940974
GSE250136,mast,sample_single_cell,Hmgcs1,H,Morphotypeneural_bias,0.23833653798454715,NA,NA,NA,NA,0.269533082725423,0.269533082725423,0.2721116539893587,0.8260198172693347,0.8243388134381702,0.8253160769058128
GSE250136,mast,sample_single_cell,Hmgn1,H,Morphotypeneural_bias,0.08464621454467984,NA,NA,NA,NA,1.8948520888806897,1.8948520888806897,0.12836102288674364,0.8997555012224939,0.9035025017869907,0.9013241565048253
GSE250136,mast,sample_single_cell,Hmgn2,H,Morphotypeneural_bias,0.01735404874158455,NA,NA,NA,NA,0.6799147783968325,0.6799147783968325,0.067828541548252,0.9978123793591558,0.997855611150822,0.9978304780429416
GSE250136,mast,sample_single_cell,Hnrnpa0,H,Morphotypeneural_bias,0.0339271723161024,NA,NA,NA,NA,1.010275728726839,1.010275728726839,0.08128120420143532,0.9572770557199846,0.9578270192994996,0.9575072940824418
GSE250136,mast,sample_single_cell,Hnrnpa1,H,Morphotypeneural_bias,0.0071579793089688,NA,NA,NA,NA,3.01214804331239,3.01214804331239,0.050519953139333516,0.9996139492986745,0.9996426018584703,0.9996259444901623
GSE250136,mast,sample_single_cell,Hnrnpa2b1,H,Morphotypeneural_bias,0.01961834489722592,NA,NA,NA,NA,2.014872150389614,2.014872150389614,0.06842930510367344,0.9700167288637241,0.9681915654038599,0.9692526370913443
GSE250136,mast,sample_single_cell,Hnrnpa3,H,Morphotypeneural_bias,0.25894687207473505,NA,NA,NA,NA,0.4774601082740215,0.4774601082740215,0.29059215341895367,0.9855874404838502,0.9801644031451037,0.9833171242612404
GSE250136,mast,sample_single_cell,Hnrnpab,H,Morphotypeneural_bias,0.03922575511048987,NA,NA,NA,NA,1.2368585540275898,1.2368585540275898,0.08678444265377809,0.9095354523227384,0.909578270192995,0.9095533777212539
GSE250136,mast,sample_single_cell,Hnrnpc,H,Morphotypeneural_bias,0.016277239020436804,NA,NA,NA,NA,0.986486704718093,0.986486704718093,0.06526179400682174,0.8616651653583838,0.8557898498927805,0.8592055060971048
GSE250136,mast,sample_single_cell,Hnrnpd,H,Morphotypeneural_bias,0.030530354166147675,NA,NA,NA,NA,1.0253329125641528,1.0253329125641528,0.07755058633182339,0.8025994080555913,0.7987848463187991,0.8010024687663649
GSE250136,mast,sample_single_cell,Hnrnpdl,H,Morphotypeneural_bias,0.019061885212623517,NA,NA,NA,NA,0.8419997093777427,0.8419997093777427,0.067828541548252,0.8545875691674173,0.843638313080772,0.8500037405550984
GSE250136,mast,sample_single_cell,Hnrnpf,H,Morphotypeneural_bias,0.02021327535877498,NA,NA,NA,NA,0.8915696003936642,0.8915696003936642,0.06842930510367344,1,1,1
GSE250136,mast,sample_single_cell,Hnrnph1,H,Morphotypeneural_bias,0.04566435094186857,NA,NA,NA,NA,0.36673591878453404,0.36673591878453404,0.09219233027034458,0.9885471625273453,0.9883845604002859,0.9884790902970001
GSE250136,mast,sample_single_cell,Hnrnpk,H,Morphotypeneural_bias,0.02122770131470845,NA,NA,NA,NA,1.1722496047779032,1.1722496047779032,0.0689294940028936,0.8578046583451293,0.863831308077198,0.8603276726266178
GSE250136,mast,sample_single_cell,Hnrnpl,H,Morphotypeneural_bias,0.04938474111272877,NA,NA,NA,NA,0.31700775226107725,0.31700775226107725,0.09628897011477253,0.9361729507141938,0.9269120800571837,0.9322959527193836
GSE250136,mast,sample_single_cell,Hnrnpm,H,Morphotypeneural_bias,0.07595847578267552,NA,NA,NA,NA,0.4508944921427922,0.4508944921427922,0.12057349129815036,0.9599794106292626,0.9544317369549679,0.957656916286377
GSE250136,mast,sample_single_cell,Hnrnpr,H,Morphotypeneural_bias,0.009456078170084956,NA,NA,NA,NA,0.4893619251775432,0.4893619251775432,0.05508530233472825,0.9861021747522841,0.9837383845604003,0.9851125907084611
GSE250136,mast,sample_single_cell,Hnrnpu,H,Morphotypeneural_bias,0.07562283260873652,NA,NA,NA,NA,0.920117131890585,0.920117131890585,0.12057349129815036,0.9523870801698623,0.9458541815582558,0.949652128375851
GSE250136,mast,sample_single_cell,Hoxaas3,H,Morphotypeneural_bias,0.5143656158062149,NA,NA,NA,NA,-0.287369102235564,-0.287369102235564,0.5350404822149908,0.8408184274868099,0.8416726233023588,0.8411760305229296
GSE250136,mast,sample_single_cell,Hoxb5os,H,Morphotypeneural_bias,0.004139285971078344,NA,NA,NA,NA,0.6486267364815044,0.6486267364815044,0.042589761678324164,0.954960751512032,0.9512151536812009,0.9533926834742276
GSE250136,mast,sample_single_cell,Hoxb9,H,Morphotypeneural_bias,0.0025934224550670892,NA,NA,NA,NA,0.9143253108743199,0.9143253108743199,0.03630791437093925,0.9998713164328915,1,0.9999251888980325
GSE250136,mast,sample_single_cell,Hpf1,H,Morphotypeneural_bias,3.4256547523372905e-5,NA,NA,NA,NA,0.4461328134314737,0.4461328134314737,0.00487584859749341,0.9619096641358899,0.9764117226590422,0.9679808483578963
GSE250136,mast,sample_single_cell,Hsbp1,H,Morphotypeneural_bias,0.04259138094060733,NA,NA,NA,NA,0.09748880956260964,0.09748880956260964,0.08897361373886431,0.9643546519109509,0.9631879914224446,0.963866237749682
GSE250136,mast,sample_single_cell,Hsp90aa1,H,Morphotypeneural_bias,0.16850347213150071,NA,NA,NA,NA,3.6874290272204675,3.6874290272204675,0.20765074343477866,0.9023291725646635,0.9031451036454611,0.9026707563402409
GSE250136,mast,sample_single_cell,Hsp90ab1,H,Morphotypeneural_bias,NA,NA,NA,NA,NA,NA,NA,NA,0.8400463260841591,0.8445318084345962,0.841924141542605
GSE250136,mast,sample_single_cell,Hsp90b1,H,Morphotypeneural_bias,0.21190591320512994,NA,NA,NA,NA,0.2416542225349838,0.2416542225349838,0.24957763470825417,0.8650109381032042,0.8538241601143675,0.8603276726266178
GSE250136,mast,sample_single_cell,Hspa4,H,Morphotypeneural_bias,0.01877990203511373,NA,NA,NA,NA,0.3017808265597255,0.3017808265597255,0.067828541548252,0.8832840046326084,0.8895639742673338,0.8859130694995138
GSE250136,mast,sample_single_cell,Hspa5,H,Morphotypeneural_bias,0.9451759526616571,NA,NA,NA,NA,0.04538735019171991,0.04538735019171991,0.9496238394977119,0.8086475357096898,0.802180128663331,0.805940001496222
GSE250136,mast,sample_single_cell,Hspa8,H,Morphotypeneural_bias,0.15962758089297177,NA,NA,NA,NA,2.3167728642751193,2.3167728642751193,0.20047346188617338,1,1,1
GSE250136,mast,sample_single_cell,Hspd1,H,Morphotypeneural_bias,0.0250931030827191,NA,NA,NA,NA,0.9444241827120052,0.9444241827120052,0.07191110749208764,1,1,1
GSE250136,mast,sample_single_cell,Hspe1,H,Morphotypeneural_bias,0.06865014435642375,NA,NA,NA,NA,1.267254163074032,1.267254163074032,0.11495533976546252,0.9728477673401107,0.97337383845604,0.9730680032916885
GSE250136,mast,sample_single_cell,Huwe1,H,Morphotypeneural_bias,0.031785423316606054,NA,NA,NA,NA,0.2224958289188459,0.2224958289188459,0.07928803746164093,0.8246042980311414,0.8345246604717655,0.8287573875963193
GSE250136,mast,sample_single_cell,Ier3ip1,H,Morphotypeneural_bias,0.022553943510967737,NA,NA,NA,NA,0.2036151508072539,0.2036151508072539,0.06992592906751757,0.830137691416806,0.7605432451751251,0.8010024687663649
GSE250136,mast,sample_single_cell,Ifitm1,H,Morphotypeneural_bias,0.8067260430994974,NA,NA,NA,NA,0.22532451060014935,0.22532451060014935,0.8162844085390648,1,1,1
GSE250136,mast,sample_single_cell,Ifitm2,H,Morphotypeneural_bias,0.17898189898332748,NA,NA,NA,NA,0.6492616056625682,0.6492616056625682,0.21711724677807057,0.9298674559258783,0.9292351679771265,0.9296027530485524
GSE250136,mast,sample_single_cell,Igf2bp1,H,Morphotypeneural_bias,0.002303225909399964,NA,NA,NA,NA,0.5076780294484897,0.5076780294484897,0.034507981168904724,0.831167159953674,0.8343459614010007,0.8324979426946959
GSE250136,mast,sample_single_cell,Igf2bp3,H,Morphotypeneural_bias,0.02590782104916833,NA,NA,NA,NA,0.3330250915277979,0.3330250915277979,0.07286572803654347,0.9200875048256337,0.9317369549678342,0.9249644647265655
GSE250136,mast,sample_single_cell,Ilf2,H,Morphotypeneural_bias,0.17948160047202594,NA,NA,NA,NA,0.146159221258074,0.146159221258074,0.21741459121008533,0.9651267533136019,0.956397426733381,0.961472282486721
GSE250136,mast,sample_single_cell,Immt,H,Morphotypeneural_bias,0.15623283584413641,NA,NA,NA,NA,0.14502257380121364,0.14502257380121364,0.19766346934947038,0.8409471110539184,0.8459614010007148,0.8430463080721179
GSE250136,mast,sample_single_cell,Impdh2,H,Morphotypeneural_bias,3.168780175576184e-4,NA,NA,NA,NA,0.5819232747243275,0.5819232747243275,0.010995155349702405,0.8278213872088535,0.8295210864903503,0.8285329542904167
GSE250136,mast,sample_single_cell,Ipo5,H,Morphotypeneural_bias,0.009983535897288445,NA,NA,NA,NA,0.21551486736325343,0.21551486736325343,0.056091708265028496,0.9980697464933728,0.9962473195139385,0.9973068003291689
GSE250136,mast,sample_single_cell,Jpt1,H,Morphotypeneural_bias,0.030205902241621358,NA,NA,NA,NA,0.3998357740574603,0.3998357740574603,0.07755058633182339,1,1,1
GSE250136,mast,sample_single_cell,Kdm1a,H,Morphotypeneural_bias,0.0336837029206386,NA,NA,NA,NA,0.22094060822931016,0.22094060822931016,0.08125955450346149,0.8525286320936817,0.8565046461758399,0.8541931622652802
GSE250136,mast,sample_single_cell,Kdm5b,H,Morphotypeneural_bias,0.998515532925494,NA,NA,NA,NA,-5.65491382252592e-4,-5.65491382252592e-4,0.998515532925494,0.8067172822030627,0.8207648320228735,0.8125981895713323
GSE250136,mast,sample_single_cell,Khdrbs1,H,Morphotypeneural_bias,0.23588357122223666,NA,NA,NA,NA,0.25496910357692304,0.25496910357692304,0.27003293542063017,0.9136533264702098,0.9104717655468192,0.9123213884940525
GSE250136,mast,sample_single_cell,Kif5b,H,Morphotypeneural_bias,0.38355581848281184,NA,NA,NA,NA,0.0550582190519493,0.0550582190519493,0.4094458362304016,1,1,1
GSE250136,mast,sample_single_cell,Kmt5a,H,Morphotypeneural_bias,7.05242820016964e-4,NA,NA,NA,NA,0.25516473783168525,0.25516473783168525,0.016698651983670248,0.9109509715609316,0.9079699785561115,0.9097029999251889
GSE250136,mast,sample_single_cell,Knop1,H,Morphotypeneural_bias,0.3229848841934957,NA,NA,NA,NA,0.1398020074253461,0.1398020074253461,0.3509275968209228,0.9830137691416806,0.9810578984989278,0.9821949577317274
GSE250136,mast,sample_single_cell,Kpnb1,H,Morphotypeneural_bias,0.010814824393652332,NA,NA,NA,NA,0.3076495390760554,0.3076495390760554,0.056601416340753496,0.8482820743791017,0.8489992852037169,0.8485823296177153
GSE250136,mast,sample_single_cell,Krtcap2,H,Morphotypeneural_bias,0.02897009102650993,NA,NA,NA,NA,0.25066863762180835,0.25066863762180835,0.07683371967900458,0.9927937202419251,0.9933881343817013,0.9930425675170196
GSE250136,mast,sample_single_cell,Ktn1,H,Morphotypeneural_bias,0.5903982998624795,NA,NA,NA,NA,0.027617090910970088,0.027617090910970088,0.6074700579307921,0.8121219920216188,0.8152251608291637,0.8134211116929753
GSE250136,mast,sample_single_cell,Lamtor2,H,Morphotypeneural_bias,0.12938743222166926,NA,NA,NA,NA,0.1350599568229749,0.1350599568229749,0.1715789862069962,0.9229185433020203,0.9235167977126519,0.9231689982793446
GSE250136,mast,sample_single_cell,Lars,H,Morphotypeneural_bias,0.8109950253676732,NA,NA,NA,NA,0.016252256820755484,0.016252256820755484,0.8196328422059088,0.9634538669411916,0.9612223016440314,0.9625196379142664
GSE250136,mast,sample_single_cell,Ldha,H,Morphotypeneural_bias,0.23507517126750013,NA,NA,NA,NA,1.2509824810655914,1.2509824810655914,0.27003293542063017,0.8319392613563248,0.8422087205146533,0.8362384977930725
GSE250136,mast,sample_single_cell,Lig1,H,Morphotypeneural_bias,0.005621722057029459,NA,NA,NA,NA,0.5139763045768144,0.5139763045768144,0.045291987138709036,0.9123664907991249,0.9156540385989993,0.9137427994314357
GSE250136,mast,sample_single_cell,Llph,H,Morphotypeneural_bias,0.016192378159916337,NA,NA,NA,NA,0.28558943932895975,0.28558943932895975,0.06522778749324788,0.9800540470981856,0.9756969263759828,0.9782299693274482
GSE250136,mast,sample_single_cell,Lmnb1,H,Morphotypeneural_bias,2.103456833772633e-4,NA,NA,NA,NA,0.5020861986216554,0.5020861986216554,0.009524855206065249,1,1,1
GSE250136,mast,sample_single_cell,Lsm12,H,Morphotypeneural_bias,0.03979644959572287,NA,NA,NA,NA,0.20286251511103437,0.20286251511103437,0.08693367583873457,1,1,1
GSE250136,mast,sample_single_cell,Lsm2,H,Morphotypeneural_bias,0.004094042030721797,NA,NA,NA,NA,0.41543565803434435,0.41543565803434435,0.042589761678324164,0.8786513962167031,0.8679413867047892,0.8741677264906113
GSE250136,mast,sample_single_cell,Lsm3,H,Morphotypeneural_bias,0.051322194048738175,NA,NA,NA,NA,0.19662734203784193,0.19662734203784193,0.09739811937249422,0.8961523613434564,0.8988563259471051,0.8972843569985786
GSE250136,mast,sample_single_cell,Lsm4,H,Morphotypeneural_bias,0.01205001799721299,NA,NA,NA,NA,0.519746502273116,0.519746502273116,0.05717064094233275,0.999485265731566,0.9996426018584703,0.9995511333881948
GSE250136,mast,sample_single_cell,Lsm5,H,Morphotypeneural_bias,0.030052436951551274,NA,NA,NA,NA,0.40767948761284956,0.40767948761284956,0.07755058633182339,0.8652683052374212,0.8582916368834882,0.8623475723797411
GSE250136,mast,sample_single_cell,Lsm6,H,Morphotypeneural_bias,0.02681931284973143,NA,NA,NA,NA,0.4031886601956911,0.4031886601956911,0.07340927299253411,1,1,1
GSE250136,mast,sample_single_cell,Lsm7,H,Morphotypeneural_bias,0.014275745746803431,NA,NA,NA,NA,0.3484935952523678,0.3484935952523678,0.06109096824647664,0.9942092394801184,0.9955325232308792,0.9947632228622728
GSE250136,mast,sample_single_cell,Lsm8,H,Morphotypeneural_bias,0.5881107211539064,NA,NA,NA,NA,0.050948355891752506,0.050948355891752506,0.6058462676302003,0.898983399819843,0.8913509649749821,0.8957881349592279
GSE250136,mast,sample_single_cell,Luc7l2,H,Morphotypeneural_bias,0.01614198489812687,NA,NA,NA,NA,0.24306260360331944,0.24306260360331944,0.06522778749324788,0.808390168575473,0.8195139385275196,0.8130470561831376
GSE250136,mast,sample_single_cell,Luc7l3,H,Morphotypeneural_bias,0.005565794588400408,NA,NA,NA,NA,0.30291743894139467,0.30291743894139467,0.045268462652323316,1,1,1
GSE250136,mast,sample_single_cell,Lyar,H,Morphotypeneural_bias,0.03990398235220603,NA,NA,NA,NA,0.3686184913834376,0.3686184913834376,0.08693367583873457,0.8868871445116459,0.8842030021443888,0.8857634472955787
GSE250136,mast,sample_single_cell,Maged1,H,Morphotypeneural_bias,0.06551898217146962,NA,NA,NA,NA,0.19014079993404476,0.19014079993404476,0.11190642154887011,0.8432634152618711,0.8273766976411723,0.8366125533029102
GSE250136,mast,sample_single_cell,Magoh,H,Morphotypeneural_bias,0.010990683208501753,NA,NA,NA,NA,0.478609745211549,0.478609745211549,0.056601416340753496,1,1,1
GSE250136,mast,sample_single_cell,Malat1,H,Morphotypeneural_bias,0.0646328098118462,NA,NA,NA,NA,-1.2420222176082092,-1.2420222176082092,0.11061406729321975,0.9158409471110539,0.916011436740529,0.9159123213884941
GSE250136,mast,sample_single_cell,Manf,H,Morphotypeneural_bias,0.245588281612835,NA,NA,NA,NA,0.1285662423673113,0.1285662423673113,0.27838872264142156,0.9178998841847896,0.9161901358112938,0.9171841101219421
GSE250136,mast,sample_single_cell,Map1b,H,Morphotypeneural_bias,0.0049734362758683025,NA,NA,NA,NA,0.3982153475963952,0.3982153475963952,0.04290216747062152,0.9904774160339724,0.9878484631879915,0.9893768235206104
GSE250136,mast,sample_single_cell,Map2k2,H,Morphotypeneural_bias,0.010749613894101446,NA,NA,NA,NA,0.2476412128279719,0.2476412128279719,0.056601416340753496,1,1,1
GSE250136,mast,sample_single_cell,Mapre1,H,Morphotypeneural_bias,0.013331311336881067,NA,NA,NA,NA,0.29732461519880893,0.29732461519880893,0.060447642220678596,0.9822416677390298,0.9790922087205146,0.9809231689982794
GSE250136,mast,sample_single_cell,Marcks,H,Morphotypeneural_bias,0.11059521009568901,NA,NA,NA,NA,0.8078975041406533,0.8078975041406533,0.1535744868645828,0.9079912495174366,0.9038598999285203,0.9062616892346824
GSE250136,mast,sample_single_cell,Marcksl1,H,Morphotypeneural_bias,0.01154002103384623,NA,NA,NA,NA,1.1741764764651705,1.1741764764651705,0.056601416340753496,0.9667996396860121,0.9660471765546819,0.9664846263185457
GSE250136,mast,sample_single_cell,Mat2a,H,Morphotypeneural_bias,0.056386285209174665,NA,NA,NA,NA,0.2596680625570329,0.2596680625570329,0.10267353426148222,1,1,1
GSE250136,mast,sample_single_cell,Matr3,H,Morphotypeneural_bias,0.015448729121132087,NA,NA,NA,NA,0.3832550608799439,0.3832550608799439,0.06435714472900879,1,1,1
GSE250136,mast,sample_single_cell,Mbd3,H,Morphotypeneural_bias,0.02895484569486199,NA,NA,NA,NA,0.13018752707276526,0.13018752707276526,0.07683371967900458,0.8164972333033071,0.8230879199428163,0.8192563776464428
GSE250136,mast,sample_single_cell,Mcm3,H,Morphotypeneural_bias,0.00196281368090052,NA,NA,NA,NA,0.38900327050560923,0.38900327050560923,0.03104153487942674,0.9251061639428645,0.9183345246604717,0.9222712650557343
GSE250136,mast,sample_single_cell,Mcm6,H,Morphotypeneural_bias,0.03238443735235467,NA,NA,NA,NA,0.2763628616683844,0.2763628616683844,0.08006516015931064,0.8221593102560802,0.8291636883488206,0.8250916435999103
GSE250136,mast,sample_single_cell,Mcm7,H,Morphotypeneural_bias,0.005402573186723686,NA,NA,NA,NA,0.5516111929099168,0.5516111929099168,0.04479415049963134,0.8314245270878908,0.8322015725518227,0.8317498316750206
GSE250136,mast,sample_single_cell,Mdh1,H,Morphotypeneural_bias,0.08167724394171835,NA,NA,NA,NA,0.24219103358414928,0.24219103358414928,0.12629314090958862,0.9580491571226354,0.9522873481057899,0.9556370165332535
GSE250136,mast,sample_single_cell,Mdh2,H,Morphotypeneural_bias,0.01885230290019976,NA,NA,NA,NA,0.3458387354082211,0.3458387354082211,0.067828541548252,0.8484107579462102,0.8372051465332381,0.8437196079898257
GSE250136,mast,sample_single_cell,Mdk,H,Morphotypeneural_bias,0.04310078287541503,NA,NA,NA,NA,2.1723695132225096,2.1723695132225096,0.08977577701366936,0.9846866555140908,0.9862401715511079,0.9853370240143637
GSE250136,mast,sample_single_cell,Meg3,H,Morphotypeneural_bias,0.254706694158279,NA,NA,NA,NA,-0.2172489510087372,-0.2172489510087372,0.2863845795191268,0.902457856131772,0.9169049320943531,0.9085060222937084
GSE250136,mast,sample_single_cell,Meis2,H,Morphotypeneural_bias,0.13338060399995463,NA,NA,NA,NA,0.43953517756968363,0.43953517756968363,0.17510158256393749,0.9917642517050572,0.9869549678341673,0.9897508790304481
GSE250136,mast,sample_single_cell,Mest,H,Morphotypeneural_bias,0.37412974416795136,NA,NA,NA,NA,-0.4055937974278798,-0.4055937974278798,0.4008868275024222,0.9680864753570969,0.9642601858470335,0.9664846263185457
GSE250136,mast,sample_single_cell,Metap2,H,Morphotypeneural_bias,0.10519407287205812,NA,NA,NA,NA,0.3903767782003982,0.3903767782003982,0.14824379246326344,0.9611375627332389,0.9555039313795568,0.9587790828158899
GSE250136,mast,sample_single_cell,Mettl9,H,Morphotypeneural_bias,0.0023846673777929333,NA,NA,NA,NA,0.21100966696263423,0.21100966696263423,0.03478703481549273,0.8827692703641745,0.8852751965689778,0.8838183586444228
GSE250136,mast,sample_single_cell,Micos10,H,Morphotypeneural_bias,0.011229926448930585,NA,NA,NA,NA,0.238136955717986,0.238136955717986,0.056601416340753496,0.9052888946081585,0.9036812008577555,0.9046158449913967
GSE250136,mast,sample_single_cell,Micos13,H,Morphotypeneural_bias,0.14747138954475303,NA,NA,NA,NA,0.11967813359267065,0.11967813359267065,0.1898190960982838,0.9817269334705958,0.9748034310221587,0.9788284581431884
GSE250136,mast,sample_single_cell,Mid1,H,Morphotypeneural_bias,0.004966392343768825,NA,NA,NA,NA,0.36736332827395257,0.36736332827395257,0.04290216747062152,0.9193154034229829,0.9006433166547534,0.9114984663724096
GSE250136,mast,sample_single_cell,Mif,H,Morphotypeneural_bias,0.0816747554869874,NA,NA,NA,NA,3.050508260290627,3.050508260290627,0.12629314090958862,1,1,1
GSE250136,mast,sample_single_cell,Mlf2,H,Morphotypeneural_bias,0.03658980639187732,NA,NA,NA,NA,0.20773223730888235,0.20773223730888235,0.0834730317186569,0.9253635310770815,0.9172623302358828,0.9219720206478641
GSE250136,mast,sample_single_cell,Morf4l1,H,Morphotypeneural_bias,0.08215958538984569,NA,NA,NA,NA,0.6141663894044616,0.6141663894044616,0.12644126542301573,0.8368292369064471,0.8348820586132952,0.8360140644871699
GSE250136,mast,sample_single_cell,Morf4l2,H,Morphotypeneural_bias,0.004929372588542519,NA,NA,NA,NA,0.3352225324586833,0.3352225324586833,0.04290216747062152,0.8085188521425813,0.8052180128663331,0.8071369791277025
GSE250136,mast,sample_single_cell,Mrfap1,H,Morphotypeneural_bias,0.03501130289109803,NA,NA,NA,NA,0.5245457109369918,0.5245457109369918,0.08260037281799344,0.8164972333033071,0.8252323087919943,0.8201541108700531
GSE250136,mast,sample_single_cell,Mrpl11,H,Morphotypeneural_bias,0.05430941480337726,NA,NA,NA,NA,0.17139944378560878,0.17139944378560878,0.0999574143148366,0.8665551409085059,0.8468548963545389,0.8583077728734945
GSE250136,mast,sample_single_cell,Mrpl12,H,Morphotypeneural_bias,0.00143231681873059,NA,NA,NA,NA,0.3141679143426752,0.3141679143426752,0.024967478769953016,0.8423626302921117,0.8472122944960686,0.8443929079075335
GSE250136,mast,sample_single_cell,Mrpl18,H,Morphotypeneural_bias,0.032438577769463094,NA,NA,NA,NA,0.27662104960241995,0.27662104960241995,0.08006516015931064,0.9262643160468408,0.9242315939957112,0.9254133313383706
GSE250136,mast,sample_single_cell,Mrpl20,H,Morphotypeneural_bias,0.3310510281222842,NA,NA,NA,NA,0.116232400235873,0.116232400235873,0.3578091240641003,0.9285806202547935,0.9322730521801287,0.9301264307623252
GSE250136,mast,sample_single_cell,Mrpl21,H,Morphotypeneural_bias,0.09556855568221373,NA,NA,NA,NA,0.20327633909483156,0.20327633909483156,0.13975264820652486,0.8608930639557328,0.8504288777698356,0.8565123064262736
GSE250136,mast,sample_single_cell,Mrpl23,H,Morphotypeneural_bias,0.10345723415792782,NA,NA,NA,NA,0.19584187101528316,0.19584187101528316,0.14676491357287436,0.8337408312958435,0.836132952108649,0.8347422757537218
GSE250136,mast,sample_single_cell,Mrpl28,H,Morphotypeneural_bias,0.002926777071294632,NA,NA,NA,NA,0.21016446920554532,0.21016446920554532,0.0378707214982669,0.9876463775575859,0.9823087919942817,0.9854118351163312
GSE250136,mast,sample_single_cell,Mrpl30,H,Morphotypeneural_bias,0.023314156607145513,NA,NA,NA,NA,0.27607611922288733,0.27607611922288733,0.07001605895110906,1,0.9996426018584703,0.9998503777960649
GSE250136,mast,sample_single_cell,Mrpl33,H,Morphotypeneural_bias,0.10296299575880787,NA,NA,NA,NA,0.15680494673225498,0.15680494673225498,0.1465914358432815,0.8273066529404195,0.852037169406719,0.8376599087304556
GSE250136,mast,sample_single_cell,Mrpl42,H,Morphotypeneural_bias,0.03352938725503865,NA,NA,NA,NA,0.24915785507246113,0.24915785507246113,0.08111642129122665,0.9711748809677004,0.9708720514653324,0.9710481035385651
GSE250136,mast,sample_single_cell,Mrpl52,H,Morphotypeneural_bias,0.059790986472503506,NA,NA,NA,NA,0.19953609506050762,0.19953609506050762,0.10463422632688113,0.9092780851885214,0.8976054324517513,0.9043914116854941
GSE250136,mast,sample_single_cell,Mrpl54,H,Morphotypeneural_bias,0.03803390690282185,NA,NA,NA,NA,0.19808625524884071,0.19808625524884071,0.08525185431761119,0.9553468022133573,0.95746962115797,0.9562355053489938
GSE250136,mast,sample_single_cell,Mrps14,H,Morphotypeneural_bias,0.17015606271443895,NA,NA,NA,NA,0.12319112497626472,0.12319112497626472,0.20908385260162715,1,1,1
GSE250136,mast,sample_single_cell,Mrps21,H,Morphotypeneural_bias,0.004833740536375695,NA,NA,NA,NA,0.24866174880983172,0.24866174880983172,0.04290216747062152,0.9258782653455154,0.9247676912080057,0.9254133313383706
GSE250136,mast,sample_single_cell,Mrps33,H,Morphotypeneural_bias,7.234778962480085e-4,NA,NA,NA,NA,0.35228693199404004,0.35228693199404004,0.016698651983670248,0.8548449363016343,0.84578270192995,0.8510510959826438
GSE250136,mast,sample_single_cell,Mrps36,H,Morphotypeneural_bias,0.06250478418310959,NA,NA,NA,NA,0.16309088852183784,0.16309088852183784,0.1080548293367927,0.9330845451035903,0.9328091493924232,0.9329692526370913
GSE250136,mast,sample_single_cell,Msi2,H,Morphotypeneural_bias,2.44384164106959e-4,NA,NA,NA,NA,0.4942077543022547,0.4942077543022547,0.009705574616090257,0.9566336378844421,0.9588992137240886,0.9575821051844093
GSE250136,mast,sample_single_cell,Mtch1,H,Morphotypeneural_bias,0.0176241108834106,NA,NA,NA,NA,0.2519015689207622,0.2519015689207622,0.067828541548252,0.9420923948011839,0.938348820586133,0.940525173935812
GSE250136,mast,sample_single_cell,Mtdh,H,Morphotypeneural_bias,0.7778311212709442,NA,NA,NA,NA,-0.004909308496831244,-0.004909308496831244,0.7898546701134203,0.9067044138463518,0.9058255897069335,0.9063365003366499
GSE250136,mast,sample_single_cell,Mybbp1a,H,Morphotypeneural_bias,0.00879906905901445,NA,NA,NA,NA,0.26772257274780387,0.26772257274780387,0.05395086200486572,0.9444086990091365,0.9395997140814868,0.9423954514850004
GSE250136,mast,sample_single_cell,Myl12a,H,Morphotypeneural_bias,0.9375220183239904,NA,NA,NA,NA,0.03194991550534887,0.03194991550534887,0.9430433494095263,0.9548320679449235,0.9497855611150822,0.95271938355651975
GSE250136,mast,sample_single_cell,Myl6,H,Morphotypeneural_bias,0.49896492941846227,NA,NA,NA,NA,0.23783754300158044,0.23783754300158044,0.521561872366422,0.9958821258525287,0.9939242315939957,0.9950624672701429
GSE250136,mast,sample_single_cell,Naa50,H,Morphotypeneural_bias,0.014098654080219767,NA,NA,NA,NA,0.264163890077858,0.264163890077858,0.06109096824647664,0.8287221721786128,0.8232666190135811,0.8264382434353258
GSE250136,mast,sample_single_cell,Naca,H,Morphotypeneural_bias,NA,NA,NA,NA,NA,NA,NA,NA,0.8525286320936817,0.8600786275911365,0.8556893843046308
GSE250136,mast,sample_single_cell,Nap1l1,H,Morphotypeneural_bias,0.007646595918281839,NA,NA,NA,NA,1.9862926568861,1.9862926568861,0.05182692789057691,0.9186719855874405,0.92012151536812,0.919278820977033
GSE250136,mast,sample_single_cell,Nap1l4,H,Morphotypeneural_bias,0.003361282166646074,NA,NA,NA,NA,0.23875283828836347,0.23875283828836347,0.0410076424330821,0.8711877493244112,0.8711579699785561,0.8711752824119099
GSE250136,mast,sample_single_cell,Nars,H,Morphotypeneural_bias,0.052628172391765315,NA,NA,NA,NA,0.26228239247081486,0.26228239247081486,0.09793306374762223,0.9415776605327499,0.9385275196568977,0.9403007406299094
GSE250136,mast,sample_single_cell,Nasp,H,Morphotypeneural_bias,0.063079319427428,NA,NA,NA,NA,1.4836519529973131,1.4836519529973131,0.10860834433674095,0.8195856389139107,0.831844174410293,0.8247175880900726
GSE250136,mast,sample_single_cell,Ncl,H,Morphotypeneural_bias,0.5538564961166834,NA,NA,NA,NA,1.0375940932469803,1.0375940932469803,0.5719388726525364,0.8889460815853816,0.8863473909935669,0.8878581581506696
GSE250136,mast,sample_single_cell,Ncor1,H,Morphotypeneural_bias,0.0039985156490502174,NA,NA,NA,NA,0.2525745370977863,0.2525745370977863,0.042589761678324164,0.8817398018273066,0.8666904932094354,0.8754395152240593
GSE250136,mast,sample_single_cell,Ndufa1,H,Morphotypeneural_bias,3.0377240703258863e-4,NA,NA,NA,NA,0.3404896699883262,0.3404896699883262,0.010995155349702405,0.999485265731566,0.9985704074338814,0.9991022667763896
GSE250136,mast,sample_single_cell,Ndufa10,H,Morphotypeneural_bias,0.329627232873878,NA,NA,NA,NA,0.08370899561795575,0.08370899561795575,0.3567828350751481,0.8970531463132158,0.8984989278055754,0.8976584125084163
GSE250136,mast,sample_single_cell,Ndufa11,H,Morphotypeneural_bias,0.40387686654797617,NA,NA,NA,NA,-0.07534672551223753,-0.07534672551223753,0.42846067581611386,0.9525157637369708,0.9460328806290207,0.949801750579786
GSE250136,mast,sample_single_cell,Ndufa12,H,Morphotypeneural_bias,0.08502771709234573,NA,NA,NA,NA,0.17743773171107025,0.17743773171107025,0.12851977061391726,1,1,1
GSE250136,mast,sample_single_cell,Ndufa13,H,Morphotypeneural_bias,0.05881635738715399,NA,NA,NA,NA,0.3876508767660294,0.3876508767660294,0.10420989462371266,0.8007978381160725,0.8039671193709793,0.802124635295878
GSE250136,mast,sample_single_cell,Ndufa2,H,Morphotypeneural_bias,0.07806559147812206,NA,NA,NA,NA,0.3927283407430089,0.3927283407430089,0.12287002585472472,0.8693861793848926,0.873481057898499,0.8711004713099424
GSE250136,mast,sample_single_cell,Ndufa3,H,Morphotypeneural_bias,0.0904767041980067,NA,NA,NA,NA,0.06759345293393304,0.06759345293393304,0.13389083931012122,0.9817269334705958,0.9803431022158685,0.981147602304182
GSE250136,mast,sample_single_cell,Ndufa4,H,Morphotypeneural_bias,0.018766690585989492,NA,NA,NA,NA,0.8847817189138745,0.8847817189138745,0.067828541548252,0.8037575601595677,0.7966404574696212,0.8007780354604623
GSE250136,mast,sample_single_cell,Ndufa5,H,Morphotypeneural_bias,0.0340660744012181,NA,NA,NA,NA,0.15553159179145348,0.15553159179145348,0.08128120420143532,0.9266503667481663,0.9301286633309507,0.9281065310092018
GSE250136,mast,sample_single_cell,Ndufa6,H,Morphotypeneural_bias,0.2225061879694515,NA,NA,NA,NA,0.07116562231428158,0.07116562231428158,0.2589718574924613,0.9647407026122764,0.9612223016440314,0.9632677489339418
GSE250136,mast,sample_single_cell,Ndufa7,H,Morphotypeneural_bias,0.21246245952330303,NA,NA,NA,NA,0.4787267975167655,0.4787267975167655,0.24957763470825417,0.8525286320936817,0.8602573266619014,0.8557641954065983
GSE250136,mast,sample_single_cell,Ndufab1,H,Morphotypeneural_bias,0.045248259847406165,NA,NA,NA,NA,0.3303847575603305,0.3303847575603305,0.09156875334048546,0.8224166773902972,0.8143316654753395,0.8190319443405402
GSE250136,mast,sample_single_cell,Ndufb1-ps,H,Morphotypeneural_bias,0.04324569254295406,NA,NA,NA,NA,0.20385412997793573,0.20385412997793573,0.08985844630579748,0.9077338823832196,0.9076125804145818,0.9076831001720655
GSE250136,mast,sample_single_cell,Ndufb10,H,Morphotypeneural_bias,0.08843612184029913,NA,NA,NA,NA,0.11802637370296853,0.11802637370296853,0.13212901091119109,0.8478960236777764,0.8441744102930665,0.8463379965586894
GSE250136,mast,sample_single_cell,Ndufb11,H,Morphotypeneural_bias,0.03060251474686708,NA,NA,NA,NA,0.2736886055554546,0.2736886055554546,0.07755058633182339,0.8455797194698237,0.8422087205146533,0.8441684746016309
GSE250136,mast,sample_single_cell,Ndufb2,H,Morphotypeneural_bias,0.0991924825976947,NA,NA,NA,NA,0.12529893880475784,0.12529893880475784,0.1430918583419447,0.999742632865783,0.9996426018584703,0.9997007555921299
GSE250136,mast,sample_single_cell,Ndufb3,H,Morphotypeneural_bias,0.04488663269214622,NA,NA,NA,NA,0.21514930976992952,0.21514930976992952,0.09105269434463865,0.8605070132544074,0.8609721229449607,0.8607017281364554
GSE250136,mast,sample_single_cell,Ndufb4,H,Morphotypeneural_bias,0.1989342850129656,NA,NA,NA,NA,0.10794334495088354,0.10794334495088354,0.23628634130886314,1,1,1
GSE250136,mast,sample_single_cell,Ndufb5,H,Morphotypeneural_bias,0.06097685234629198,NA,NA,NA,NA,0.2912647248423781,0.2912647248423781,0.10627394266068031,0.850469695019946,0.8429235167977126,0.8473105408842673
GSE250136,mast,sample_single_cell,Ndufb6,H,Morphotypeneural_bias,0.048531742854629384,NA,NA,NA,NA,0.18752064925333523,0.18752064925333523,0.09628897011477253,0.944280015442028,0.9458541815582558,0.9449390289518964
GSE250136,mast,sample_single_cell,Ndufb7,H,Morphotypeneural_bias,0.07578158714547184,NA,NA,NA,NA,0.2235768152834754,0.2235768152834754,0.12057349129815036,0.9036160082357483,0.8942101501072195,0.8996783122615396
GSE250136,mast,sample_single_cell,Ndufb8,H,Morphotypeneural_bias,0.03616272421845974,NA,NA,NA,NA,0.47860487749572567,0.47860487749572567,0.0834730317186569,0.9678291082228799,0.9612223016440314,0.9650632153811626
GSE250136,mast,sample_single_cell,Ndufb9,H,Morphotypeneural_bias,0.03838748329005724,NA,NA,NA,NA,0.4731428142106182,0.4731428142106182,0.08559506717939656,0.95766310642131,0.9546104360257327,0.9563851275529288
GSE250136,mast,sample_single_cell,Ndufc1,H,Morphotypeneural_bias,0.09620102507261731,NA,NA,NA,NA,0.15672616781733595,0.15672616781733595,0.1400129051116146,0.8523999485265732,0.8557898498927805,0.8538191067554425
GSE250136,mast,sample_single_cell,Ndufc2,H,Morphotypeneural_bias,0.0589757797671735,NA,NA,NA,NA,0.20950311409838251,0.20950311409838251,0.1042176517721516,0.9912495174366234,0.9896354538956398,0.9905738011520909
GSE250136,mast,sample_single_cell,Ndufs2,H,Morphotypeneural_bias,0.22591862333946583,NA,NA,NA,NA,0.11600669320790935,0.11600669320790935,0.26249592426109364,0.999485265731566,0.9987491065046462,0.9991770778783572
GSE250136,mast,sample_single_cell,Ndufs5,H,Morphotypeneural_bias,0.11900949559349744,NA,NA,NA,NA,0.20199882660636215,0.20199882660636215,0.16183775356185798,1,1,1
GSE250136,mast,sample_single_cell,Ndufs6,H,Morphotypeneural_bias,0.04029432372463621,NA,NA,NA,NA,0.48856453291069624,0.48856453291069624,0.08711734800212487,0.9877750611246944,0.9883845604002859,0.9880302236851949
GSE250136,mast,sample_single_cell,Ndufs7,H,Morphotypeneural_bias,0.08955277468936888,NA,NA,NA,NA,0.1484831641816382,0.1484831641816382,0.13300533840821047,0.999742632865783,1,0.9998503777960649
GSE250136,mast,sample_single_cell,Ndufv2,H,Morphotypeneural_bias,0.15283320114363871,NA,NA,NA,NA,0.17311546886397,0.17311546886397,0.194514983273722,0.8460944537382576,0.8529306647605432,0.8489563851275529
GSE250136,mast,sample_single_cell,Ndufv3,H,Morphotypeneural_bias,0.008369862038383996,NA,NA,NA,NA,0.3199124734373022,0.3199124734373022,0.05294712726503654,0.9770943250546905,0.9801644031451037,0.9783795915313832
GSE250136,mast,sample_single_cell,Nedd4,H,Morphotypeneural_bias,0.18783928097535096,NA,NA,NA,NA,0.7294745415320101,0.7294745415320101,0.22625493082221398,0.9375884699523871,0.9253037884203003,0.9324455749233186
GSE250136,mast,sample_single_cell,Nedd8,H,Morphotypeneural_bias,0.08545040787873809,NA,NA,NA,NA,0.3858667933983799,0.3858667933983799,0.12893047407852,0.9978123793591558,0.9974982130092923,0.9976808558390066
GSE250136,mast,sample_single_cell,Nhp2,H,Morphotypeneural_bias,1.474033857334108e-4,NA,NA,NA,NA,0.7507253229188082,0.7507253229188082,0.008860964291947585,0.8289795393128297,0.8193352394567548,0.8249420213959752
GSE250136,mast,sample_single_cell,Nktr,H,Morphotypeneural_bias,0.4268500701891335,NA,NA,NA,NA,-0.03944014676426999,-0.03944014676426999,0.45003698758212346,0.9133959593359928,0.9167262330235882,0.9147901548589811
GSE250136,mast,sample_single_cell,Nme1,H,Morphotypeneural_bias,0.11487255788030766,NA,NA,NA,NA,0.49351802218276486,0.49351802218276486,0.15771891387424877,0.9956247587183117,0.9958899213724088,0.9957357671878507
GSE250136,mast,sample_single_cell,Nme2,H,Morphotypeneural_bias,0.13024555942894464,NA,NA,NA,NA,1.4234720680857222,1.4234720680857222,0.17219521458418333,0.94749710461974,0.9606862044317369,0.95301862796439
GSE250136,mast,sample_single_cell,Nol7,H,Morphotypeneural_bias,9.019214598275097e-5,NA,NA,NA,NA,0.49264475152211906,0.49264475152211906,0.007002190242660849,0.9155835799768369,0.9108291636883489,0.9135931772275006
GSE250136,mast,sample_single_cell,Nolc1,H,Morphotypeneural_bias,0.02360324915776841,NA,NA,NA,NA,0.35418513737177815,0.35418513737177815,0.07001605895110906,1,1,1
GSE250136,mast,sample_single_cell,Nono,H,Morphotypeneural_bias,0.07436309002624422,NA,NA,NA,NA,0.4107354605057143,0.4107354605057143,0.11959713537177508,0.9930510873761421,0.992494639027877,0.992818134211117
GSE250136,mast,sample_single_cell,Nop10,H,Morphotypeneural_bias,0.029307283228560115,NA,NA,NA,NA,0.5776806371083039,0.5776806371083039,0.077010522699047193,0.8795521811864625,0.8779485346676197,0.8788808259145657
GSE250136,mast,sample_single_cell,Nop56,H,Morphotypeneural_bias,0.007354833538798125,NA,NA,NA,NA,0.38321428987483186,0.38321428987483186,0.05148383477158688,0.9926650366748166,0.992494639027877,0.9925937009052144
GSE250136,mast,sample_single_cell,Nop58,H,Morphotypeneural_bias,0.14817595779678233,NA,NA,NA,NA,0.36744015142705955,0.36744015142705955,0.1898838112125951,0.9003989190580363,0.8947462473195139,0.8980324680182539
GSE250136,mast,sample_single_cell,Npc2,H,Morphotypeneural_bias,0.028952137911287097,NA,NA,NA,NA,0.26490175215258915,0.26490175215258915,0.07683371967900458,0.9357869000128684,0.9335239456754825,0.9348395301862796
GSE250136,mast,sample_single_cell,Npm1,H,Morphotypeneural_bias,NA,NA,NA,NA,NA,NA,NA,NA,0.8678419765795908,0.8590064331665476,0.864143038826962
GSE250136,mast,sample_single_cell,Npm3,H,Morphotypeneural_bias,0.9692957336025299,NA,NA,NA,NA,0.019285473942823206,0.019285473942823206,0.9715710757001883,0.9296100887916613,0.9337026447462473,0.9313234083938057
GSE250136,mast,sample_single_cell,Nsa2,H,Morphotypeneural_bias,0.07311232083490857,NA,NA,NA,NA,0.45237250248446426,0.45237250248446426,0.11875424752394247,0.9992278985973492,1,0.9995511333881948
GSE250136,mast,sample_single_cell,Nsd2,H,Morphotypeneural_bias,8.423661480152376e-4,NA,NA,NA,NA,0.40880632978492537,0.40880632978492537,0.018445658728333664,0.8028567751898082,0.8016440314510365,0.8023490686017805
GSE250136,mast,sample_single_cell,Nsmce4a,H,Morphotypeneural_bias,0.0027697057821011025,NA,NA,NA,NA,0.3659645768393105,0.3659645768393105,0.037544900601814944,0.9677004246557714,0.9737312365975697,0.9702251814169223
GSE250136,mast,sample_single_cell,Nt5dc2,H,Morphotypeneural_bias,0.04101418625147446,NA,NA,NA,NA,0.24416055838978457,0.24416055838978457,0.08800531421798792,0.924720113241539,0.9190493209435311,0.9223460761577018
GSE250136,mast,sample_single_cell,Nucks1,H,Morphotypeneural_bias,0.1209145313272693,NA,NA,NA,NA,0.6567089540826814,0.6567089540826814,0.16390636468807618,0.8745335220692317,0.8636526090064331,0.8699783047804294
GSE250136,mast,sample_single_cell,Nudc,H,Morphotypeneural_bias,0.007632703153183954,NA,NA,NA,NA,0.39452571627164446,0.39452571627164446,0.05182692789057691,0.928709303821902,0.9367405289492494,0.932071519413481
GSE250136,mast,sample_single_cell,Nudcd2,H,Morphotypeneural_bias,0.021667748132961084,NA,NA,NA,NA,0.24469254905126636,0.24469254905126636,0.0695648755847698,0.9917642517050572,0.9880271622587563,0.9901997456422533
GSE250136,mast,sample_single_cell,Nudt21,H,Morphotypeneural_bias,0.010362091736924902,NA,NA,NA,NA,0.45400620373301237,0.45400620373301237,0.056601416340753496,0.9503281430961267,0.9501429592566119,0.9502506171915912
GSE250136,mast,sample_single_cell,Oaz1,H,Morphotypeneural_bias,0.02020513036869913,NA,NA,NA,NA,1.1325069807047843,1.1325069807047843,0.06842930510367344,1,1,1
GSE250136,mast,sample_single_cell,Odc1,H,Morphotypeneural_bias,0.007596693348607359,NA,NA,NA,NA,1.5190095586518115,1.5190095586518115,0.05182692789057691,0.8145669797966799,0.8391708363116511,0.8248672102940077
GSE250136,mast,sample_single_cell,Ola1,H,Morphotypeneural_bias,0.010865272816597604,NA,NA,NA,NA,0.22000917473846204,0.22000917473846204,0.056601416340753496,0.9998713164328915,1,0.9999251888980325
GSE250136,mast,sample_single_cell,Ost4,H,Morphotypeneural_bias,0.0021225914491556017,NA,NA,NA,NA,0.27459758989772753,0.27459758989772753,0.03251568726954367,0.9420923948011839,0.9329878484631879,0.9382808408767861
GSE250136,mast,sample_single_cell,Ostc,H,Morphotypeneural_bias,0.18944345211792463,NA,NA,NA,NA,0.09424902285927628,0.09424902285927628,0.22722571363582533,0.8445502509329559,0.8334524660471766,0.8399042417894815
GSE250136,mast,sample_single_cell,P4hb,H,Morphotypeneural_bias,0.055552700159574815,NA,NA,NA,NA,0.18073735400234714,0.18073735400234714,0.10158887780787343,0.9356582164457599,0.9447819871336669,0.9394778185082666
GSE250136,mast,sample_single_cell,Pa2g4,H,Morphotypeneural_bias,0.004048635595093507,NA,NA,NA,NA,0.6811209580597213,0.6811209580597213,0.042589761678324164,0.9298674559258783,0.9274481772694781,0.9288546420288771
GSE250136,mast,sample_single_cell,Pabpc1,H,Morphotypeneural_bias,0.024696887051287062,NA,NA,NA,NA,1.0934013126863835,1.0934013126863835,0.07139429943990573,0.947754471753957,0.9472837741243746,0.9475574175207601
GSE250136,mast,sample_single_cell,Pabpn1,H,Morphotypeneural_bias,0.03833876321081995,NA,NA,NA,NA,0.4637005221341939,0.4637005221341939,0.08559506717939656,1,1,1
GSE250136,mast,sample_single_cell,Pafah1b1,H,Morphotypeneural_bias,0.12423391210030996,NA,NA,NA,NA,0.16996692337107078,0.16996692337107078,0.16629429613427069,0.8285934886115043,0.8291636883488206,0.8288321986982868
GSE250136,mast,sample_single_cell,Paics,H,Morphotypeneural_bias,0.011456852057713381,NA,NA,NA,NA,0.44063810356322897,0.44063810356322897,0.056601416340753496,0.9378458370866041,0.9351322373123659,0.936709807735468
GSE250136,mast,sample_single_cell,Paip2,H,Morphotypeneural_bias,0.1479267460644553,NA,NA,NA,NA,0.16368243037116192,0.16368243037116192,0.1898838112125951,0.9849440226483078,0.9805218012866334,0.9830926909553378
GSE250136,mast,sample_single_cell,Papola,H,Morphotypeneural_bias,0.047651164850222416,NA,NA,NA,NA,0.17838101360772773,0.17838101360772773,0.09507966070581762,0.9359155835799768,0.9270907791279486,0.932221141617416
GSE250136,mast,sample_single_cell,Park7,H,Morphotypeneural_bias,0.04678913486988076,NA,NA,NA,NA,0.5252451046217459,0.5252451046217459,0.09401863806794863,0.8409471110539184,0.8516797712651895,0.8454402633350789
GSE250136,mast,sample_single_cell,Parp1,H,Morphotypeneural_bias,0.1029916411076919,NA,NA,NA,NA,0.3180853384720881,0.3180853384720881,0.1465914358432815,0.8717024835928452,0.8665117941386705,0.8695294381686243
GSE250136,mast,sample_single_cell,Pbrm1,H,Morphotypeneural_bias,0.8797261663628774,NA,NA,NA,NA,0.04766805696889431,0.04766805696889431,0.8880450899218644,0.8307811092523485,0.8507862759113652,0.8391561307698062
GSE250136,mast,sample_single_cell,Pbx1,H,Morphotypeneural_bias,0.013660884014743524,NA,NA,NA,NA,0.3854364753352377,0.3854364753352377,0.060447642220678596,0.9788958949942093,0.9789135096497498,0.978903269245156
GSE250136,mast,sample_single_cell,Pcbp1,H,Morphotypeneural_bias,0.013260995046979694,NA,NA,NA,NA,0.7043449960641217,0.7043449960641217,0.060447642220678596,0.9998713164328915,0.9998213009292352,0.9998503777960649
GSE250136,mast,sample_single_cell,Pcbp2,H,Morphotypeneural_bias,0.07222253960428396,NA,NA,NA,NA,0.7368316009904117,0.7368316009904117,0.1179312596980086,0.8367005533393386,0.8527519656897784,0.8434203635819556
GSE250136,mast,sample_single_cell,Pclaf,H,Morphotypeneural_bias,6.81479631521938e-4,NA,NA,NA,NA,1.6933257243492825,1.6933257243492825,0.016628103009135285,0.8821258525286321,0.8784846318799142,0.880601481259819
GSE250136,mast,sample_single_cell,Pcm1,H,Morphotypeneural_bias,0.15800228095933985,NA,NA,NA,NA,0.17434144393728923,0.17434144393728923,0.19916116338030063,0.8175267018401751,0.8214796283059328,0.8191815665444752
GSE250136,mast,sample_single_cell,Pcna,H,Morphotypeneural_bias,4.8813444546121727e-4,NA,NA,NA,NA,0.720638241807892,0.720638241807892,0.013447316658834824,0.9357869000128684,0.9154753395282345,0.9272836088875589
GSE250136,mast,sample_single_cell,Pcnp,H,Morphotypeneural_bias,0.07483683333263044,NA,NA,NA,NA,0.146882818578991,0.146882818578991,0.1199074215123197,0.8952515763736971,0.8911722659042173,0.893543801900202
GSE250136,mast,sample_single_cell,Pdap1,H,Morphotypeneural_bias,0.02091763413592818,NA,NA,NA,NA,1.0956921553850325,1.0956921553850325,0.06877299402491575,0.8392742246815081,0.8389921372408864,0.8391561307698062
GSE250136,mast,sample_single_cell,Pdcd5,H,Morphotypeneural_bias,0.3314133690101913,NA,NA,NA,NA,0.21621068683387978,0.21621068683387978,0.3578091240641003,0.9751640715480633,0.9689063616869192,0.9725443255779158
GSE250136,mast,sample_single_cell,Pdia3,H,Morphotypeneural_bias,0.6363119817714503,NA,NA,NA,NA,0.06480128759168302,0.06480128759168302,0.6500124789866251,0.9718182988032428,0.9737312365975697,0.9726191366798833
GSE250136,mast,sample_single_cell,Pdia6,H,Morphotypeneural_bias,0.7484560413174943,NA,NA,NA,NA,0.0770290995610936,0.0770290995610936,0.7609303086727859,0.8958949942092395,0.89278055754110075,0.8945911573277474
GSE250136,mast,sample_single_cell,Pebp1,H,Morphotypeneural_bias,0.010854366901848309,NA,NA,NA,NA,1.1346340504476728,1.1346340504476728,0.056601416340753496,0.8364431862051216,0.8323802716225875,0.8347422757537218
GSE250136,mast,sample_single_cell,Peg3,H,Morphotypeneural_bias,0.0036588414542646293,NA,NA,NA,NA,-0.916838572415096,-0.916838572415096,0.041662008025893246,1,1,1
GSE250136,mast,sample_single_cell,Pfdn1,H,Morphotypeneural_bias,0.177302202510115,NA,NA,NA,NA,0.1656179881343629,0.1656179881343629,0.21597607102388916,0.8188135375112598,0.8309506790564689,0.8238946659684298
GSE250136,mast,sample_single_cell,Pfdn2,H,Morphotypeneural_bias,0.014811156392558495,NA,NA,NA,NA,0.3048106773869197,0.3048106773869197,0.06200356646688704,0.9797966799639686,0.9756969263759828,0.9780803471235131
GSE250136,mast,sample_single_cell,Pfdn5,H,Morphotypeneural_bias,0.0550546463672689,NA,NA,NA,NA,0.45672678799115296,0.45672678799115296,0.10111111397343579,0.9953673915840947,0.9944603288062902,0.9949876561681753
GSE250136,mast,sample_single_cell,Pfn1,H,Morphotypeneural_bias,0.10444028751876157,NA,NA,NA,NA,0.9202134225915426,0.9202134225915426,0.1475046006585475,0.9280658859863595,0.9272694781987134,0.9277324754993641
GSE250136,mast,sample_single_cell,Pgam1,H,Morphotypeneural_bias,0.02279669165101889,NA,NA,NA,NA,1.0355194717151726,1.0355194717151726,0.07001605895110906,0.9494273581263672,0.9438884917798428,0.9471085509089548
GSE250136,mast,sample_single_cell,Pgk1,H,Morphotypeneural_bias,0.16557707759575063,NA,NA,NA,NA,0.9957194359977812,0.9957194359977812,0.20552736085286488,0.830909792819457,0.836132952108649,0.8330964315104361
GSE250136,mast,sample_single_cell,Pgls,H,Morphotypeneural_bias,0.02638392102573806,NA,NA,NA,NA,0.35958893856137353,0.35958893856137353,0.07315541738954644,0.9975550122249389,0.9976769120800572,0.997606044737039
GSE250136,mast,sample_single_cell,Phb2,H,Morphotypeneural_bias,0.029802357519564844,NA,NA,NA,NA,0.36742804893270353,0.36742804893270353,0.07755058633182339,0.8482820743791017,0.8522158684774839,0.8499289294531308
GSE250136,mast,sample_single_cell,Phf5a,H,Morphotypeneural_bias,0.009372167285938036,NA,NA,NA,NA,0.40402697421677836,0.40402697421677836,0.05508530233472825,0.8364431862051216,0.8359542530378842,0.8362384977930725
GSE250136,mast,sample_single_cell,Pin1,H,Morphotypeneural_bias,0.0141802570972438,NA,NA,NA,NA,0.2858643909968843,0.2858643909968843,0.06109096824647664,0.9604941448976966,0.9537169406719085,0.957656916286377
GSE250136,mast,sample_single_cell,Pkm,H,Morphotypeneural_bias,0.039880794351852676,NA,NA,NA,NA,1.8393293051329813,1.8393293051329813,0.08693367583873457,0.9863595418865011,0.9810578984989278,0.9841400463828832
GSE250136,mast,sample_single_cell,Pnisr,H,Morphotypeneural_bias,0.014438457477392402,NA,NA,NA,NA,0.3186704086270695,0.3186704086270695,0.06109096824647664,0.9432505469051602,0.9456754824874911,0.9442657290341887
GSE250136,mast,sample_single_cell,Pnn,H,Morphotypeneural_bias,0.006349392615564416,NA,NA,NA,NA,0.32976904398936924,0.32976904398936924,0.0475647481902808,0.9948526573156607,0.9941029306647605,0.9945387895563702
GSE250136,mast,sample_single_cell,Polr1d,H,Morphotypeneural_bias,0.18820248446633644,NA,NA,NA,NA,0.17839343651040185,0.17839343651040185,0.22637312920317088,0.9770943250546905,0.9762330235882773,0.9767337472880976
GSE250136,mast,sample_single_cell,Polr2e,H,Morphotypeneural_bias,0.08838286801453137,NA,NA,NA,NA,0.25505864322314764,0.25505864322314764,0.13212901091119109,0.8780079783811607,0.8708005718370264,0.8749906486122541
GSE250136,mast,sample_single_cell,Polr2f,H,Morphotypeneural_bias,0.00470316292332377,NA,NA,NA,NA,0.6014880302065091,0.6014880302065091,0.04290216747062152,0.8684853944151332,0.873481057898499,0.8705767935961697
GSE250136,mast,sample_single_cell,Polr2j,H,Morphotypeneural_bias,0.021094920664326097,NA,NA,NA,NA,0.3181105136115572,0.3181105136115572,0.06877299402491575,0.8682280272809162,0.8657969978556112,0.8672102940076307
GSE250136,mast,sample_single_cell,Polr2m,H,Morphotypeneural_bias,0.0026476278121351365,NA,NA,NA,NA,0.33335712859385014,0.33335712859385014,0.03646893792844204,0.8711877493244112,0.8716940671908506,0.8713997157178125
GSE250136,mast,sample_single_cell,Pomp,H,Morphotypeneural_bias,0.1254730167007611,NA,NA,NA,NA,0.33472821217499504,0.33472821217499504,0.1676900723982003,0.9990992150302407,0.9996426018584703,0.9993267000822922
GSE250136,mast,sample_single_cell,Ppa1,H,Morphotypeneural_bias,0.0043459378600995986,NA,NA,NA,NA,0.33415513756674375,0.33415513756674375,0.042660125661207554,0.8825119032299575,0.8858112937812723,0.8838931697463903
GSE250136,mast,sample_single_cell,Ppdpf,H,Morphotypeneural_bias,3.493512329194721e-4,NA,NA,NA,NA,0.42287190031621513,0.42287190031621513,0.011474844342816506,0.9852013897825248,0.9830235882773409,0.9842896685868183
GSE250136,mast,sample_single_cell,Ppia,H,Morphotypeneural_bias,0.06347761067811898,NA,NA,NA,NA,5.725956733944834,5.725956733944834,0.10902816251681942,0.8523999485265732,0.8448892065761258,0.8492556295354231
GSE250136,mast,sample_single_cell,Ppib,H,Morphotypeneural_bias,0.24002481574899273,NA,NA,NA,NA,0.022674604058916525,0.022674604058916525,0.27352629591099903,0.8931926392999614,0.8959971408148678,0.8943667240218448
GSE250136,mast,sample_single_cell,Ppig,H,Morphotypeneural_bias,0.05237697006401316,NA,NA,NA,NA,0.3232884561383482,0.3232884561383482,0.09793306374762223,0.9471110539184147,0.9306647605432452,0.9402259295279419
GSE250136,mast,sample_single_cell,Ppp1ca,H,Morphotypeneural_bias,0.022433391530512565,NA,NA,NA,NA,0.603005619249859,0.603005619249859,0.06992013272648806,0.9926650366748166,0.9933881343817013,0.992967756415052
GSE250136,mast,sample_single_cell,Ppp1cc,H,Morphotypeneural_bias,0.02225496289858348,NA,NA,NA,NA,0.32876811766526126,0.32876811766526126,0.06992013272648806,1,1,1
GSE250136,mast,sample_single_cell,Ppp1r14b,H,Morphotypeneural_bias,0.0441417213479469,NA,NA,NA,NA,-0.022210731467400713,-0.022210731467400713,0.09063450016944649,0.9876463775575859,0.9874910650464618,0.9875813570733897
GSE250136,mast,sample_single_cell,Ppp2ca,H,Morphotypeneural_bias,0.03958029998789848,NA,NA,NA,NA,0.32368012571897076,0.32368012571897076,0.08693367583873457,0.993308454510359,0.992494639027877,0.992967756415052
GSE250136,mast,sample_single_cell,Ppp4r2,H,Morphotypeneural_bias,0.00893945336632876,NA,NA,NA,NA,0.16854038716224506,0.16854038716224506,0.05398979370147276,0.824475614464033,0.8164760543245175,0.821126655195631
GSE250136,mast,sample_single_cell,Prdx1,H,Morphotypeneural_bias,0.12149006522479075,NA,NA,NA,NA,1.0717176664073413,1.0717176664073413,0.16399861684422953,0.9698880452966157,0.9662258756254467,0.9683549038677339
GSE250136,mast,sample_single_cell,Prdx2,H,Morphotypeneural_bias,0.023943154407010996,NA,NA,NA,NA,1.1551812343348669,1.1551812343348669,0.0700255269300938,1,1,1
GSE250136,mast,sample_single_cell,Prdx4,H,Morphotypeneural_bias,0.008175017737386171,NA,NA,NA,NA,0.23880319239050252,0.23880319239050252,0.05288988748278629,0.9526444473040793,0.9556826304503216,0.9539163611880003
GSE250136,mast,sample_single_cell,Prdx6,H,Morphotypeneural_bias,0.26894354483251165,NA,NA,NA,NA,0.1661324097290109,0.1661324097290109,0.29944952710164924,1,1,1
GSE250136,mast,sample_single_cell,Prelid1,H,Morphotypeneural_bias,0.11656229958571712,NA,NA,NA,NA,0.2365059049176481,0.2365059049176481,0.15952596770224747,0.9339853300733496,0.9335239456754825,0.9337921747587342
GSE250136,mast,sample_single_cell,Prmt1,H,Morphotypeneural_bias,0.16529477043773588,NA,NA,NA,NA,0.44799625616233474,0.44799625616233474,0.20547559527485657,0.976708274353365,0.975518227305218,0.9762100695743249
GSE250136,mast,sample_single_cell,Prpf40a,H,Morphotypeneural_bias,0.313302895886858,NA,NA,NA,NA,0.19555305772473108,0.19555305772473108,0.3408416217673589,0.9005276026251448,0.9033238027162259,0.9016982120146629
GSE250136,mast,sample_single_cell,Prpf4b,H,Morphotypeneural_bias,0.49546956051101854,NA,NA,NA,NA,0.06730908253672929,0.06730908253672929,0.5185428978877572,0.9998713164328915,1,0.9999251888980325
GSE250136,mast,sample_single_cell,Prrc2c,H,Morphotypeneural_bias,0.16766782226960542,NA,NA,NA,NA,0.37527331552402465,0.37527331552402465,0.20691953788763442,0.9957534422854202,0.9944603288062902,0.9952120894740779
GSE250136,mast,sample_single_cell,Prtg,H,Morphotypeneural_bias,9.873191594535026e-5,NA,NA,NA,NA,1.7752493358183958,1.7752493358183958,0.007026421351444094,0.9260069489126238,0.9203002144388849,0.9236178648911498
GSE250136,mast,sample_single_cell,Psat1,H,Morphotypeneural_bias,0.06818303449915442,NA,NA,NA,NA,0.33466604782078546,0.33466604782078546,0.11484874055676109,0.997040277956505,0.9962473195139385,0.9967083115134286
GSE250136,mast,sample_single_cell,Psip1,H,Morphotypeneural_bias,9.374396974367782e-4,NA,NA,NA,NA,0.7417139066107232,0.7417139066107232,0.019061273847881158,0.892549221464419,0.8940314510364546,0.8931697463903643
GSE250136,mast,sample_single_cell,Psma1,H,Morphotypeneural_bias,0.011052347345959668,NA,NA,NA,NA,0.32751706999014374,0.32751706999014374,0.056601416340753496,0.8292369064470467,0.8238027162258756,0.8269619211490985
GSE250136,mast,sample_single_cell,Psma2,H,Morphotypeneural_bias,0.11155755771809915,NA,NA,NA,NA,0.38130360322700607,0.38130360322700607,0.1544086779436899,0.954960751512032,0.9508577555396712,0.9532430612702925
GSE250136,mast,sample_single_cell,Psma3,H,Morphotypeneural_bias,0.1698649218078792,NA,NA,NA,NA,0.45349915590858725,0.45349915590858725,0.20902686343505597,1,1,1
GSE250136,mast,sample_single_cell,Psma4,H,Morphotypeneural_bias,0.09061932683987127,NA,NA,NA,NA,0.4047410525798325,0.4047410525798325,0.13389083931012122,0.8567751898082615,0.8477483917083631,0.8529961846337997
GSE250136,mast,sample_single_cell,Psma5,H,Morphotypeneural_bias,0.18860120366842273,NA,NA,NA,NA,0.22658797867808866,0.22658797867808866,0.22653365391397046,1,1,1
GSE250136,mast,sample_single_cell,Psma6,H,Morphotypeneural_bias,0.019637426245982362,NA,NA,NA,NA,0.3838628030120401,0.3838628030120401,0.06842930510367344,0.8651396216703127,0.8634739099356683,0.8644422832348321
GSE250136,mast,sample_single_cell,Psma7,H,Morphotypeneural_bias,0.051300298038780306,NA,NA,NA,NA,1.040279933941827,1.040279933941827,0.09739811937249422,1,1,1
GSE250136,mast,sample_single_cell,Psmb1,H,Morphotypeneural_bias,0.12194276545209104,NA,NA,NA,NA,0.4732535638270301,0.4732535638270301,0.16399861684422953,0.8935786900012869,0.8906361686919227,0.8923468242687215
GSE250136,mast,sample_single_cell,Psmb2,H,Morphotypeneural_bias,0.10336780460362409,NA,NA,NA,NA,0.34899160270755525,0.34899160270755525,0.14676491357287436,0.9386179384892549,0.9397784131522516,0.939103762998429
GSE250136,mast,sample_single_cell,Psmb3,H,Morphotypeneural_bias,0.04890761372839217,NA,NA,NA,NA,0.5356067072809081,0.5356067072809081,0.09628897011477253,0.9960108094196372,0.9955325232308792,0.9958105782898182
GSE250136,mast,sample_single_cell,Psmb4,H,Morphotypeneural_bias,0.05554506511108126,NA,NA,NA,NA,0.32154889382771934,0.32154889382771934,0.10158887780787343,0.9592073092266118,0.9669406719085061,0.9624448268122989
GSE250136,mast,sample_single_cell,Psmb5,H,Morphotypeneural_bias,0.08304035203546352,NA,NA,NA,NA,0.383744637274849,0.383744637274849,0.12709043125140831,0.9113370222622571,0.9135096497498213,0.912246577392085
GSE250136,mast,sample_single_cell,Psmb6,H,Morphotypeneural_bias,0.05628874362458606,NA,NA,NA,NA,0.505429919622844,0.505429919622844,0.10267353426148222,0.950971560931669,0.9465689778413152,0.9491284506620783
GSE250136,mast,sample_single_cell,Psmb7,H,Morphotypeneural_bias,0.05727370746861154,NA,NA,NA,NA,0.24250908387724968,0.24250908387724968,0.10340749720548469,0.954446017243598,0.9555039313795568,0.9548889055135782
GSE250136,mast,sample_single_cell,Psmc3,H,Morphotypeneural_bias,0.06775275449363277,NA,NA,NA,NA,0.22858879107584817,0.22858879107584817,0.11457594522289581,0.9006562861922532,0.9076125804145818,0.9035684895638513
GSE250136,mast,sample_single_cell,Psmc4,H,Morphotypeneural_bias,0.004293768160532031,NA,NA,NA,NA,0.25859150281537957,0.25859150281537957,0.042645715058633835,0.9603654613305881,0.9628305932809149,0.9613974713847535
GSE250136,mast,sample_single_cell,Psmc5,H,Morphotypeneural_bias,0.2139395422594465,NA,NA,NA,NA,0.17387121934270455,0.17387121934270455,0.2509675399581969,0.9958821258525287,0.9944603288062902,0.9952869005760455
GSE250136,mast,sample_single_cell,Psmc6,H,Morphotypeneural_bias,0.057528634380725294,NA,NA,NA,NA,0.23680559791784317,0.23680559791784317,0.10343042897081979,0.9023291725646635,0.8963545389563974,0.8998279344654747
GSE250136,mast,sample_single_cell,Psmd1,H,Morphotypeneural_bias,0.010910102631106196,NA,NA,NA,NA,0.34578171734303975,0.34578171734303975,0.056601416340753496,0.9553468022133573,0.9612223016440314,0.9578065384903119
GSE250136,mast,sample_single_cell,Psmd11,H,Morphotypeneural_bias,0.08391790248415555,NA,NA,NA,NA,0.2793847391145783,0.2793847391145783,0.12797480128833721,0.9112083386951486,0.9052894924946391,0.908730455599611
GSE250136,mast,sample_single_cell,Psmd12,H,Morphotypeneural_bias,0.22884065823335598,NA,NA,NA,NA,0.12297534815381184,0.12297534815381184,0.2648567485000553,0.8457084030369322,0.8615082201572551,0.8523228847160919
GSE250136,mast,sample_single_cell,Psmd2,H,Morphotypeneural_bias,0.026297245932810354,NA,NA,NA,NA,0.2544369885426252,0.2544369885426252,0.07315541738954644,0.9984557971946982,0.998927805575411,0.9986534001645844
GSE250136,mast,sample_single_cell,Psmd4,H,Morphotypeneural_bias,0.03800307962056972,NA,NA,NA,NA,0.24918369140446917,0.24918369140446917,0.08525185431761119,0.9460815853815467,0.9501429592566119,0.9477818508266627
GSE250136,mast,sample_single_cell,Psmd6,H,Morphotypeneural_bias,0.052788216498104126,NA,NA,NA,NA,0.16707456695182055,0.16707456695182055,0.09800247149865418,1,1,1
GSE250136,mast,sample_single_cell,Psmd7,H,Morphotypeneural_bias,0.1063505027011818,NA,NA,NA,NA,0.3904116173662979,0.3904116173662979,0.14907167171624242,0.823960880195599,0.8257684060042888,0.8247175880900726
GSE250136,mast,sample_single_cell,Psmd8,H,Morphotypeneural_bias,0.08429131822772201,NA,NA,NA,NA,0.2101005245363372,0.2101005245363372,0.12826525737467057,0.997040277956505,0.9969621157969979,0.9970075559212987
GSE250136,mast,sample_single_cell,Psmg4,H,Morphotypeneural_bias,0.022599012204490457,NA,NA,NA,NA,0.15414196032833782,0.15414196032833782,0.06992592906751757,0.9990992150302407,0.9992852037169406,0.9991770778783572
GSE250136,mast,sample_single_cell,Ptbp1,H,Morphotypeneural_bias,0.05967252588607575,NA,NA,NA,NA,0.33375989641420745,0.33375989641420745,0.10463422632688113,0.8655256723716381,0.8822373123659757,0.8725218822473255
GSE250136,mast,sample_single_cell,Ptbp2,H,Morphotypeneural_bias,0.08869711164715871,NA,NA,NA,NA,0.13193438989932194,0.13193438989932194,0.13219429903433427,0.9770943250546905,0.9771265189421015,0.9771078027979352
GSE250136,mast,sample_single_cell,Ptges3,H,Morphotypeneural_bias,0.013048705745438123,NA,NA,NA,NA,0.9576749292168945,0.9576749292168945,0.060447642220678596,0.9957534422854202,0.9953538241601144,0.9955861449839156
GSE250136,mast,sample_single_cell,Ptma,H,Morphotypeneural_bias,NA,NA,NA,NA,NA,NA,NA,NA,0.9446660661433535,0.9483559685489635,0.9462108176853445
GSE250136,mast,sample_single_cell,Ptms,H,Morphotypeneural_bias,0.5286451272793253,NA,NA,NA,NA,0.0015527117423390635,0.0015527117423390635,0.5492249862488368,0.8491828593488612,0.8489992852037169,0.849106007331488
GSE250136,mast,sample_single_cell,Ptn,H,Morphotypeneural_bias,0.04659720972889563,NA,NA,NA,NA,1.0523952523164404,1.0523952523164404,0.09385381393508696,0.8096770042465578,0.8229092208720514,0.815216578140196
GSE250136,mast,sample_single_cell,Ptov1,H,Morphotypeneural_bias,0.13157745243046562,NA,NA,NA,NA,0.1998580413255331,0.1998580413255331,0.1731388973430164,0.8553596705700682,0.859542530378842,0.857110795242014
GSE250136,mast,sample_single_cell,Ptp4a2,H,Morphotypeneural_bias,0.007939211246727643,NA,NA,NA,NA,0.43425568620618993,0.43425568620618993,0.05255880933880161,0.9992278985973492,0.9987491065046462,0.9990274556744221
GSE250136,mast,sample_single_cell,Pum1,H,Morphotypeneural_bias,0.11117535160294519,NA,NA,NA,NA,0.158049610639881,0.158049610639881,0.15412946472226494,0.8072320164714966,0.8053967119370979,0.8064636792099947
GSE250136,mast,sample_single_cell,Qk,H,Morphotypeneural_bias,0.009853701842659962,NA,NA,NA,NA,0.4202564021428272,0.4202564021428272,0.056069167384095515,1,0.9998213009292352,0.9999251888980325
GSE250136,mast,sample_single_cell,Rab2a,H,Morphotypeneural_bias,0.011664767584914604,NA,NA,NA,NA,0.18963650154375378,0.18963650154375378,0.056601416340753496,0.8028567751898082,0.8025375268048606,0.8027231241116182
GSE250136,mast,sample_single_cell,Rab5if,H,Morphotypeneural_bias,0.05815968904804205,NA,NA,NA,NA,0.16778983180725104,0.16778983180725104,0.10390873315277806,0.8451936687684982,0.8459614010007148,0.8455150744370464
GSE250136,mast,sample_single_cell,Rac1,H,Morphotypeneural_bias,0.06853470895249979,NA,NA,NA,NA,0.19436089174155624,0.19436089174155624,0.11495533976546252,0.8023420409213743,0.8102215868477484,0.8056407570883519
GSE250136,mast,sample_single_cell,Rack1,H,Morphotypeneural_bias,NA,NA,NA,NA,NA,NA,NA,NA,0.8850855745721271,0.8929592566118656,0.8883818358644423
GSE250136,mast,sample_single_cell,Ralgps2,H,Morphotypeneural_bias,0.019228993355272898,NA,NA,NA,NA,0.2150746696006247,0.2150746696006247,0.06813925446225333,0.7894736842105263,0.8200500357398142,0.802274257499813
GSE250136,mast,sample_single_cell,Raly,H,Morphotypeneural_bias,0.016464729753736432,NA,NA,NA,NA,0.3729273560395292,0.3729273560395292,0.06553822214603561,0.9993565821644576,0.9991065046461758,0.9992518889803247
GSE250136,mast,sample_single_cell,Ran,H,Morphotypeneural_bias,0.025455597217384933,NA,NA,NA,NA,2.6431112471126603,2.6431112471126603,0.07246360007882244,0.9843006048127654,0.9832022873481058,0.9838408019750131
GSE250136,mast,sample_single_cell,Ranbp1,H,Morphotypeneural_bias,0.00983067303096424,NA,NA,NA,NA,2.0200442750476384,2.0200442750476384,0.056069167384095515,0.8664264573413974,0.8668691922802001,0.8666118051918905
GSE250136,mast,sample_single_cell,Rbbp4,H,Morphotypeneural_bias,0.10857605464946207,NA,NA,NA,NA,0.26393589031864106,0.26393589031864106,0.15126256226858176,0.9052888946081585,0.9104717655468192,0.9074586668661629
GSE250136,mast,sample_single_cell,Rbbp6,H,Morphotypeneural_bias,0.03651038834644443,NA,NA,NA,NA,0.17327377391479137,0.17327377391479137,0.0834730317186569,0.9885471625273453,0.9858827734095783,0.9874317348694547
GSE250136,mast,sample_single_cell,Rbbp7,H,Morphotypeneural_bias,0.0445746065632174,NA,NA,NA,NA,0.24459595221681107,0.24459595221681107,0.09103155690771035,0.8215158924205379,0.856325947105075,0.8360888755891375
GSE250136,mast,sample_single_cell,Rbm17,H,Morphotypeneural_bias,0.23833667117569127,NA,NA,NA,NA,0.1295100115133634,0.1295100115133634,0.2721116539893587,0.8422339467250032,0.8791994281629736,0.8577092840577542
GSE250136,mast,sample_single_cell,Rbm25,H,Morphotypeneural_bias,0.14261992806059343,NA,NA,NA,NA,0.2753724272389926,0.2753724272389926,0.18478225678759172,0.980697464933728,0.9769478198713367,0.9791277025510586
GSE250136,mast,sample_single_cell,Rbm3,H,Morphotypeneural_bias,0.09679164027739254,NA,NA,NA,NA,1.0614751112315997,1.0614751112315997,0.14057833468859393,0.8365718697722301,0.8355968548963545,0.836163686691105
GSE250136,mast,sample_single_cell,Rbm39,H,Morphotypeneural_bias,0.03510999453504873,NA,NA,NA,NA,0.7695949325097793,0.7695949325097793,0.08260037281799344,0.9747780208467379,0.972301644031451,0.9737413032093962
GSE250136,mast,sample_single_cell,Rbm8a,H,Morphotypeneural_bias,0.1510398998659785,NA,NA,NA,NA,0.3217208185751357,0.3217208185751357,0.19280728622652563,1,1,1
GSE250136,mast,sample_single_cell,Rbx1,H,Morphotypeneural_bias,0.05965221720849102,NA,NA,NA,NA,0.6435221052831483,0.6435221052831483,0.10463422632688113,1,1,1
GSE250136,mast,sample_single_cell,Rcc2,H,Morphotypeneural_bias,0.04889374244962071,NA,NA,NA,NA,0.36087050763183237,0.36087050763183237,0.09628897011477253,0.879938231887788,0.8959971408148678,0.8866611805191891
GSE250136,mast,sample_single_cell,Rdx,H,Morphotypeneural_bias,0.047211718808690316,NA,NA,NA,NA,0.3280685893344426,0.3280685893344426,0.09442343761738063,0.9288379873890105,0.9185132237312366,0.9245155981147603
GSE250136,mast,sample_single_cell,Rfc1,H,Morphotypeneural_bias,0.030577861873055615,NA,NA,NA,NA,0.2619712307114357,0.2619712307114357,0.07755058633182339,0.9987131643289152,0.9992852037169406,0.9989526445724546
GSE250136,mast,sample_single_cell,Rfc3,H,Morphotypeneural_bias,0.0016426718048482046,NA,NA,NA,NA,0.19621291344310343,0.19621291344310343,0.027506700418438567,1,1,1
GSE250136,mast,sample_single_cell,Rhoa,H,Morphotypeneural_bias,0.02580412467322351,NA,NA,NA,NA,0.39407191937019936,0.39407191937019936,0.07286572803654347,0.8355424012353623,0.8397069335239457,0.837285853220618
GSE250136,mast,sample_single_cell,Rnaseh2c,H,Morphotypeneural_bias,0.008361414257447734,NA,NA,NA,NA,0.21402418156182135,0.21402418156182135,0.05294712726503654,0.8037575601595677,0.8050393137955683,0.8042941572529363
GSE250136,mast,sample_single_cell,Rnf7,H,Morphotypeneural_bias,0.044311535929169844,NA,NA,NA,NA,0.3764849514875328,0.3764849514875328,0.09074832538012242,0.831167159953674,0.8347033595425304,0.832647564898631
GSE250136,mast,sample_single_cell,Rnps1,H,Morphotypeneural_bias,0.005750553035496423,NA,NA,NA,NA,0.6036607940107972,0.6036607940107972,0.04589693731134528,0.8475099729764509,0.840421729807005,0.8445425301114685
GSE250136,mast,sample_single_cell,Romo1,H,Morphotypeneural_bias,0.031532081128339114,NA,NA,NA,NA,0.22373062298990343,0.22373062298990343,0.07920116848118118,0.9949813408827692,0.992494639027877,0.9939403007406299
GSE250136,mast,sample_single_cell,Rpl10,H,Morphotypeneural_bias,NA,NA,NA,NA,NA,NA,NA,NA,0.8319392613563248,0.8332737669764118,0.8324979426946959
GSE250136,mast,sample_single_cell,Rpl10a,H,Morphotypeneural_bias,NA,NA,NA,NA,NA,NA,NA,NA,0.827692703641745,0.8309506790564689,0.8290566320041894
GSE250136,mast,sample_single_cell,Rpl11,H,Morphotypeneural_bias,NA,NA,NA,NA,NA,NA,NA,NA,0.8162398661690902,0.8198713366690493,0.8177601556070921
GSE250136,mast,sample_single_cell,Rpl12,H,Morphotypeneural_bias,NA,NA,NA,NA,NA,NA,NA,NA,1,1,1
GSE250136,mast,sample_single_cell,Rpl13,H,Morphotypeneural_bias,NA,NA,NA,NA,NA,NA,NA,NA,0.9942092394801184,0.9942816297355254,0.9942395451485
GSE250136,mast,sample_single_cell,Rpl13a,H,Morphotypeneural_bias,NA,NA,NA,NA,NA,NA,NA,NA,0.9032299575344228,0.9060042887776983,0.9043914116854941
GSE250136,mast,sample_single_cell,Rpl14,H,Morphotypeneural_bias,0.010848853380514178,NA,NA,NA,NA,4.768796994471977,4.768796994471977,0.056601416340753496,0.9984557971946982,0.998927805575411,0.9986534001645844
GSE250136,mast,sample_single_cell,Rpl15,H,Morphotypeneural_bias,NA,NA,NA,NA,NA,NA,NA,NA,0.999742632865783,0.9998213009292352,0.9997755666940974
GSE250136,mast,sample_single_cell,Rpl17,H,Morphotypeneural_bias,NA,NA,NA,NA,NA,NA,NA,NA,0.9790245785613177,0.9783774124374554,0.9787536470412209
GSE250136,mast,sample_single_cell,Rpl18,H,Morphotypeneural_bias,NA,NA,NA,NA,NA,NA,NA,NA,0.8419765795907863,0.8575768406004288,0.8485075185157477
GSE250136,mast,sample_single_cell,Rpl18a,H,Morphotypeneural_bias,NA,NA,NA,NA,NA,NA,NA,NA,0.8562604555398275,0.8649035025017869,0.8598788060148126
GSE250136,mast,sample_single_cell,Rpl19,H,Morphotypeneural_bias,NA,NA,NA,NA,NA,NA,NA,NA,0.996525543688071,0.997855611150822,0.9970823670232662
GSE250136,mast,sample_single_cell,Rpl21,H,Morphotypeneural_bias,NA,NA,NA,NA,NA,NA,NA,NA,0.8696435465191095,0.8808077197998571,0.8743173486945462
GSE250136,mast,sample_single_cell,Rpl22,H,Morphotypeneural_bias,NA,NA,NA,NA,NA,NA,NA,NA,0.8423626302921117,0.8316654753395283,0.8378843420363582
GSE250136,mast,sample_single_cell,Rpl22l1,H,Morphotypeneural_bias,0.1449305255271089,NA,NA,NA,NA,0.7204371989683853,0.7204371989683853,0.1872476078670968,0.8431347316947626,0.8461401000714797,0.8443929079075335
GSE250136,mast,sample_single_cell,Rpl23,H,Morphotypeneural_bias,NA,NA,NA,NA,NA,NA,NA,NA,0.9568910050186591,0.9572909220872051,0.9570584274706366
GSE250136,mast,sample_single_cell,Rpl23a,H,Morphotypeneural_bias,0.19754480970643465,NA,NA,NA,NA,1.5683079789257945,1.5683079789257945,0.23496276809094038,0.9176425170505726,0.9219085060757684,0.9194284431809681
GSE250136,mast,sample_single_cell,Rpl24,H,Morphotypeneural_bias,NA,NA,NA,NA,NA,NA,NA,NA,0.8195856389139107,0.8266619013581129,0.8225480661330141
GSE250136,mast,sample_single_cell,Rpl26,H,Morphotypeneural_bias,NA,NA,NA,NA,NA,NA,NA,NA,0.8917771200617681,0.8875982844889206,0.890027680107728
GSE250136,mast,sample_single_cell,Rpl27,H,Morphotypeneural_bias,NA,NA,NA,NA,NA,NA,NA,NA,0.9835285034101146,0.9835596854896355,0.983541557567143
GSE250136,mast,sample_single_cell,Rpl27a,H,Morphotypeneural_bias,NA,NA,NA,NA,NA,NA,NA,NA,0.9823703513061383,0.9792709077912795,0.9810727912022144
GSE250136,mast,sample_single_cell,Rpl28,H,Morphotypeneural_bias,NA,NA,NA,NA,NA,NA,NA,NA,0.8926779050315274,0.9058255897069335,0.898182090222189
GSE250136,mast,sample_single_cell,Rpl29,H,Morphotypeneural_bias,0.0015957408746382635,NA,NA,NA,NA,1.7642771782844235,1.7642771782844235,0.027255254138821537,0.9706601466992665,0.9674767691208006,0.9693274481933118
GSE250136,mast,sample_single_cell,Rpl3,H,Morphotypeneural_bias,0.015858729060985413,NA,NA,NA,NA,4.6282128756405,4.6282128756405,0.06480073979943321,1,1,1
GSE250136,mast,sample_single_cell,Rpl30,H,Morphotypeneural_bias,NA,NA,NA,NA,NA,NA,NA,NA,0.921503024063827,0.9147605432451751,0.9186803321612927
GSE250136,mast,sample_single_cell,Rpl31,H,Morphotypeneural_bias,0.028961317267950874,NA,NA,NA,NA,2.0561292359662957,2.0561292359662957,0.07683371967900458,0.9565049543173336,0.9540743388134382,0.9554873943293185
GSE250136,mast,sample_single_cell,Rpl32,H,Morphotypeneural_bias,NA,NA,NA,NA,NA,NA,NA,NA,0.8560030884056106,0.8466761972837741,0.8520984514101893
GSE250136,mast,sample_single_cell,Rpl34,H,Morphotypeneural_bias,NA,NA,NA,NA,NA,NA,NA,NA,0.8212585252863209,0.8345246604717655,0.8268122989451635
GSE250136,mast,sample_single_cell,Rpl35,H,Morphotypeneural_bias,0.057450391158311284,NA,NA,NA,NA,1.5785979530193615,1.5785979530193615,0.10343042897081979,0.9218890747651525,0.9199428162973553,0.9210742874242538
GSE250136,mast,sample_single_cell,Rpl35a,H,Morphotypeneural_bias,NA,NA,NA,NA,NA,NA,NA,NA,0.9275511517179256,0.9328091493924232,0.9297523752524874
GSE250136,mast,sample_single_cell,Rpl36,H,Morphotypeneural_bias,NA,NA,NA,NA,NA,NA,NA,NA,0.9940805559130099,0.9960686204431737,0.9949128450662078
GSE250136,mast,sample_single_cell,Rpl36a,H,Morphotypeneural_bias,NA,NA,NA,NA,NA,NA,NA,NA,1,1,1
GSE250136,mast,sample_single_cell,Rpl36al,H,Morphotypeneural_bias,0.022396598132309195,NA,NA,NA,NA,1.1820697660615966,1.1820697660615966,0.06992013272648806,0.9983271136275897,0.996783416726233,0.9976808558390066
GSE250136,mast,sample_single_cell,Rpl37,H,Morphotypeneural_bias,NA,NA,NA,NA,NA,NA,NA,NA,0.974005919444087,0.9712294496068621,0.9728435699857859
GSE250136,mast,sample_single_cell,Rpl37a,H,Morphotypeneural_bias,NA,NA,NA,NA,NA,NA,NA,NA,0.8368292369064471,0.8439957112223017,0.839829430687514
GSE250136,mast,sample_single_cell,Rpl38,H,Morphotypeneural_bias,NA,NA,NA,NA,NA,NA,NA,NA,0.8131514605584866,0.8155825589706933,0.8141692227126506
GSE250136,mast,sample_single_cell,Rpl39,H,Morphotypeneural_bias,NA,NA,NA,NA,NA,NA,NA,NA,0.9575344228542015,0.9578270192994996,0.957656916286377
GSE250136,mast,sample_single_cell,Rpl4,H,Morphotypeneural_bias,0.01874353343621709,NA,NA,NA,NA,2.322948251635186,2.322948251635186,0.067828541548252,0.9568910050186591,0.9556826304503216,0.9563851275529288
GSE250136,mast,sample_single_cell,Rpl41,H,Morphotypeneural_bias,NA,NA,NA,NA,NA,NA,NA,NA,0.9060609960108095,0.907433881343817,0.9066357447445201
GSE250136,mast,sample_single_cell,Rpl5,H,Morphotypeneural_bias,NA,NA,NA,NA,NA,NA,NA,NA,0.8579333419122378,0.8497140814867763,0.8544924066731503
GSE250136,mast,sample_single_cell,Rpl6,H,Morphotypeneural_bias,NA,NA,NA,NA,NA,NA,NA,NA,0.8920344871959851,0.8977841315225161,0.8944415351238124
GSE250136,mast,sample_single_cell,Rpl7,H,Morphotypeneural_bias,NA,NA,NA,NA,NA,NA,NA,NA,0.9893192639299961,0.9890993566833453,0.9892272013166754
GSE250136,mast,sample_single_cell,Rpl7a,H,Morphotypeneural_bias,0.02977973988368585,NA,NA,NA,NA,2.624324181206699,2.624324181206699,0.07755058633182339,0.8839274224681508,0.8845604002859185,0.8841924141542605
GSE250136,mast,sample_single_cell,Rpl8,H,Morphotypeneural_bias,NA,NA,NA,NA,NA,NA,NA,NA,0.9169990992150302,0.9215511079342388,0.9189047654671954
GSE250136,mast,sample_single_cell,Rpl9,H,Morphotypeneural_bias,NA,NA,NA,NA,NA,NA,NA,NA,0.8405610603525929,0.8422087205146533,0.8412508416248972
GSE250136,mast,sample_single_cell,Rplp0,H,Morphotypeneural_bias,NA,NA,NA,NA,NA,NA,NA,NA,0.827177969373311,0.8052180128663331,0.8179845889129946
GSE250136,mast,sample_single_cell,Rplp1,H,Morphotypeneural_bias,NA,NA,NA,NA,NA,NA,NA,NA,0.999742632865783,0.9998213009292352,0.9997755666940974
GSE250136,mast,sample_single_cell,Rplp2,H,Morphotypeneural_bias,NA,NA,NA,NA,NA,NA,NA,NA,0.9791532621284262,0.9805218012866334,0.9797261913667988
GSE250136,mast,sample_single_cell,Rps10,H,Morphotypeneural_bias,NA,NA,NA,NA,NA,NA,NA,NA,0.9756788058164972,0.9749821300929236,0.975387147452682
GSE250136,mast,sample_single_cell,Rps11,H,Morphotypeneural_bias,NA,NA,NA,NA,NA,NA,NA,NA,0.9624243984043238,0.9642601858470335,0.9631929378319742
GSE250136,mast,sample_single_cell,Rps12,H,Morphotypeneural_bias,NA,NA,NA,NA,NA,NA,NA,NA,0.9260069489126238,0.9183345246604717,0.922794942769507
GSE250136,mast,sample_single_cell,Rps13,H,Morphotypeneural_bias,NA,NA,NA,NA,NA,NA,NA,NA,0.9233045940033457,0.9220872051465332,0.922794942769507
GSE250136,mast,sample_single_cell,Rps14,H,Morphotypeneural_bias,NA,NA,NA,NA,NA,NA,NA,NA,0.9570196885857676,0.9547891350964975,0.9560858831450587
GSE250136,mast,sample_single_cell,Rps15,H,Morphotypeneural_bias,NA,NA,NA,NA,NA,NA,NA,NA,0.8801955990220048,0.8890278770550393,0.8838931697463903
GSE250136,mast,sample_single_cell,Rps15a,H,Morphotypeneural_bias,NA,NA,NA,NA,NA,NA,NA,NA,0.8792948140522455,0.8750893495353824,0.8775342260791501
GSE250136,mast,sample_single_cell,Rps16,H,Morphotypeneural_bias,NA,NA,NA,NA,NA,NA,NA,NA,0.8665551409085059,0.8607934238741959,0.864143038826962
GSE250136,mast,sample_single_cell,Rps17,H,Morphotypeneural_bias,NA,NA,NA,NA,NA,NA,NA,NA,0.8056878136661948,0.81915654038599,0.8113264008378843
GSE250136,mast,sample_single_cell,Rps18,H,Morphotypeneural_bias,NA,NA,NA,NA,NA,NA,NA,NA,0.8505983785870544,0.84578270192995,0.8485823296177153
GSE250136,mast,sample_single_cell,Rps19,H,Morphotypeneural_bias,NA,NA,NA,NA,NA,NA,NA,NA,0.944537382576245,0.952108649035025,0.9477070397246952
GSE250136,mast,sample_single_cell,Rps2,H,Morphotypeneural_bias,NA,NA,NA,NA,NA,NA,NA,NA,0.9904774160339724,0.9939242315939957,0.9919204009875066
GSE250136,mast,sample_single_cell,Rps20,H,Morphotypeneural_bias,NA,NA,NA,NA,NA,NA,NA,NA,0.8637241024321194,0.8788420300214439,0.870053115882397
GSE250136,mast,sample_single_cell,Rps21,H,Morphotypeneural_bias,NA,NA,NA,NA,NA,NA,NA,NA,0.9231759104362373,0.9210150107219442,0.9222712650557343
GSE250136,mast,sample_single_cell,Rps23,H,Morphotypeneural_bias,NA,NA,NA,NA,NA,NA,NA,NA,0.9079912495174366,0.9081486776268763,0.9080571556819031
GSE250136,mast,sample_single_cell,Rps24,H,Morphotypeneural_bias,NA,NA,NA,NA,NA,NA,NA,NA,0.977480375756016,0.9789135096497498,0.9780803471235131
GSE250136,mast,sample_single_cell,Rps25,H,Morphotypeneural_bias,NA,NA,NA,NA,NA,NA,NA,NA,0.9931797709432505,0.9914224446032881,0.9924440787012793
GSE250136,mast,sample_single_cell,Rps26,H,Morphotypeneural_bias,NA,NA,NA,NA,NA,NA,NA,NA,0.9971689615236135,0.9974982130092923,0.9973068003291689
GSE250136,mast,sample_single_cell,Rps27,H,Morphotypeneural_bias,NA,NA,NA,NA,NA,NA,NA,NA,0.8723459014283876,0.8736597569692638,0.8728959377571631
GSE250136,mast,sample_single_cell,Rps27a,H,Morphotypeneural_bias,NA,NA,NA,NA,NA,NA,NA,NA,0.8679706601466992,0.8666904932094354,0.8674347273135333
GSE250136,mast,sample_single_cell,Rps27l,H,Morphotypeneural_bias,0.03489244876286766,NA,NA,NA,NA,1.2910693162756193,1.2910693162756193,0.08260037281799344,0.9606228284648051,0.9581844174410293,0.9596020049375328
GSE250136,mast,sample_single_cell,Rps28,H,Morphotypeneural_bias,NA,NA,NA,NA,NA,NA,NA,NA,0.9613949298674559,0.9587205146533238,0.9602753048552405
GSE250136,mast,sample_single_cell,Rps29,H,Morphotypeneural_bias,NA,NA,NA,NA,NA,NA,NA,NA,0.9996139492986745,1,0.9997755666940974
GSE250136,mast,sample_single_cell,Rps3,H,Morphotypeneural_bias,NA,NA,NA,NA,NA,NA,NA,NA,0.9253635310770815,0.9231593995711223,0.9244407870127928
GSE250136,mast,sample_single_cell,Rps3a1,H,Morphotypeneural_bias,NA,NA,NA,NA,NA,NA,NA,NA,1,1,1
GSE250136,mast,sample_single_cell,Rps4x,H,Morphotypeneural_bias,NA,NA,NA,NA,NA,NA,NA,NA,0.9554754857804658,0.9490707648320229,0.9527941946584874
GSE250136,mast,sample_single_cell,Rps5,H,Morphotypeneural_bias,NA,NA,NA,NA,NA,NA,NA,NA,0.9894479474971046,0.9883845604002859,0.9890027680107728
GSE250136,mast,sample_single_cell,Rps6,H,Morphotypeneural_bias,NA,NA,NA,NA,NA,NA,NA,NA,0.9987131643289152,0.9982130092923517,0.9985037779606494
GSE250136,mast,sample_single_cell,Rps7,H,Morphotypeneural_bias,NA,NA,NA,NA,NA,NA,NA,NA,0.8251190322995754,0.8416726233023588,0.8320490760828907
GSE250136,mast,sample_single_cell,Rps8,H,Morphotypeneural_bias,NA,NA,NA,NA,NA,NA,NA,NA,0.8328400463260841,0.8293423874195854,0.8313757761651829
GSE250136,mast,sample_single_cell,Rps9,H,Morphotypeneural_bias,NA,NA,NA,NA,NA,NA,NA,NA,0.8705443314888689,0.8725875625446747,0.8713997157178125
GSE250136,mast,sample_single_cell,Rpsa,H,Morphotypeneural_bias,NA,NA,NA,NA,NA,NA,NA,NA,0.9485265731566079,0.9456754824874911,0.9473329842148575
GSE250136,mast,sample_single_cell,Rrm2,H,Morphotypeneural_bias,8.679671372954271e-5,NA,NA,NA,NA,0.509481782233312,0.509481782233312,0.007002190242660849,0.820743791017887,0.8230879199428163,0.8217251440113713
GSE250136,mast,sample_single_cell,Rrp1,H,Morphotypeneural_bias,0.2343567257986813,NA,NA,NA,NA,0.160540801257953,0.160540801257953,0.269731325919237,1,1,1
GSE250136,mast,sample_single_cell,Rsl1d1,H,Morphotypeneural_bias,0.0353115694589116,NA,NA,NA,NA,0.2699717312189893,0.2699717312189893,0.08263045371975439,0.9525157637369708,0.9490707648320229,0.9510735393132341
GSE250136,mast,sample_single_cell,Rsrc2,H,Morphotypeneural_bias,0.10970072639638502,NA,NA,NA,NA,0.1570343482649328,0.1570343482649328,0.15258048915718697,0.8476386565435594,0.8652609006433166,0.855016084386923
GSE250136,mast,sample_single_cell,Rtf1,H,Morphotypeneural_bias,0.5324323145056784,NA,NA,NA,NA,0.0723234996700386,0.0723234996700386,0.5518169861503027,0.9234332775704542,0.9229807005003574,0.9232438093813122
GSE250136,mast,sample_single_cell,Rtn3,H,Morphotypeneural_bias,3.218722292067449e-4,NA,NA,NA,NA,0.41078089269024387,0.41078089269024387,0.010995155349702405,0.9096641358898468,0.9018942101501072,0.9064113114386175
GSE250136,mast,sample_single_cell,Rtn4,H,Morphotypeneural_bias,0.05058329598320786,NA,NA,NA,NA,0.14747880240530842,0.14747880240530842,0.09679674384017849,1,1,1
GSE250136,mast,sample_single_cell,Rtraf,H,Morphotypeneural_bias,0.10621568970191074,NA,NA,NA,NA,0.4001222533971447,0.4001222533971447,0.14907167171624242,0.8687427615493502,0.8666904932094354,0.8678835939253385
GSE250136,mast,sample_single_cell,Rwdd1,H,Morphotypeneural_bias,0.22258236932021852,NA,NA,NA,NA,0.22680232604141803,0.22680232604141803,0.2589718574924613,0.9595933599279372,0.9519299499642602,0.9563851275529288
GSE250136,mast,sample_single_cell,Sae1,H,Morphotypeneural_bias,0.056955426767918045,NA,NA,NA,NA,0.24929707865796225,0.24929707865796225,0.10305070860127545,0.8067172822030627,0.8118298784846318,0.8088576344729558
GSE250136,mast,sample_single_cell,Sarnp,H,Morphotypeneural_bias,0.21547686748909267,NA,NA,NA,NA,0.20752688640175831,0.20752688640175831,0.251769795064046,0.879680864753571,0.8745532523230879,0.8775342260791501
GSE250136,mast,sample_single_cell,Sars,H,Morphotypeneural_bias,8.670243250324276e-4,NA,NA,NA,NA,0.22852393101887003,0.22852393101887003,0.01851096933944233,0.9082486166516536,0.9047533952823446,0.9067853669484551
GSE250136,mast,sample_single_cell,Scaf11,H,Morphotypeneural_bias,0.18214992371155853,NA,NA,NA,NA,0.16669150169695657,0.16669150169695657,0.2203343269825368,0.9046454767726161,0.9031451036454611,0.9040173561756565
GSE250136,mast,sample_single_cell,Scand1,H,Morphotypeneural_bias,0.0035920144768598933,NA,NA,NA,NA,0.20980865541728022,0.20980865541728022,0.041662008025893246,0.8967957791789989,0.8952823445318084,0.8961621904690656
GSE250136,mast,sample_single_cell,Scd2,H,Morphotypeneural_bias,0.09050352926650822,NA,NA,NA,NA,0.35804584125774586,0.35804584125774586,0.13389083931012122,0.9097928194569553,0.9018942101501072,0.906486122540585
GSE250136,mast,sample_single_cell,Sec11a,H,Morphotypeneural_bias,0.004515046954740053,NA,NA,NA,NA,0.2088225714404266,0.2088225714404266,0.04290216747062152,0.8706730150559774,0.8543602573266619,0.8638437944190918
GSE250136,mast,sample_single_cell,Sec61b,H,Morphotypeneural_bias,0.03318421475647593,NA,NA,NA,NA,0.34417272488760897,0.34417272488760897,0.08075170162851177,0.9927937202419251,0.9926733380986419,0.9927433231091494
GSE250136,mast,sample_single_cell,Sec61g,H,Morphotypeneural_bias,0.0629177648426206,NA,NA,NA,NA,0.8012903588863303,0.8012903588863303,0.10854903267797573,0.9783811607257753,0.978734810578985,0.9785292137353183
GSE250136,mast,sample_single_cell,Selenof,H,Morphotypeneural_bias,0.036653848822595245,NA,NA,NA,NA,0.1707316336419602,0.1707316336419602,0.0834730317186569,0.8575472912109123,0.8450679056468906,0.8523228847160919
GSE250136,mast,sample_single_cell,Selenoh,H,Morphotypeneural_bias,0.03056070389375637,NA,NA,NA,NA,0.588371403568198,0.588371403568198,0.07755058633182339,0.905417578175267,0.9097569692637598,0.9072342335602603
GSE250136,mast,sample_single_cell,Selenow,H,Morphotypeneural_bias,0.5419206126536554,NA,NA,NA,NA,0.10067222052816938,0.10067222052816938,0.5602908029131013,0.9498134088276927,0.9481772694781987,0.9491284506620783
GSE250136,mast,sample_single_cell,Sem1,H,Morphotypeneural_bias,0.1266277504675236,NA,NA,NA,NA,0.6003012416075162,0.6003012416075162,0.1689689045301018,0.9145541114399691,0.9119013581129378,0.9134435550235654
GSE250136,mast,sample_single_cell,Sept11,H,Morphotypeneural_bias,0.630647491740131,NA,NA,NA,NA,0.05900162192681879,0.05900162192681879,0.6449975544264334,0.9770943250546905,0.9789135096497498,0.9778559138176105
GSE250136,mast,sample_single_cell,Sept7,H,Morphotypeneural_bias,0.14144712005146906,NA,NA,NA,NA,0.14649864843200433,0.14649864843200433,0.18385972682489282,0.9855874404838502,0.9858827734095783,0.9857110795242013
GSE250136,mast,sample_single_cell,Serbp1,H,Morphotypeneural_bias,0.07616254126831477,NA,NA,NA,NA,1.970025036668119,1.970025036668119,0.12067311733421303,0.9104362372924978,0.9056468906361687,0.9084312111917409
GSE250136,mast,sample_single_cell,Serf2,H,Morphotypeneural_bias,0.27540537065289294,NA,NA,NA,NA,0.6841985857403987,0.6841985857403987,0.30505341963368426,0.882640586797066,0.8890278770550393,0.8853145806837734
GSE250136,mast,sample_single_cell,Set,H,Morphotypeneural_bias,0.0526361548713801,NA,NA,NA,NA,2.5169762668905626,2.5169762668905626,0.09793306374762223,0.8150817140651139,0.8154038598999285,0.815216578140196
GSE250136,mast,sample_single_cell,Sf1,H,Morphotypeneural_bias,0.014282897596760177,NA,NA,NA,NA,0.214259428246228,0.214259428246228,0.06109096824647664,1,1,1
GSE250136,mast,sample_single_cell,Sf3a3,H,Morphotypeneural_bias,0.0034610611460634084,NA,NA,NA,NA,0.22734028836623832,0.22734028836623832,0.041151483266541104,0.9877750611246944,0.9865975696926376,0.9872821126655196
GSE250136,mast,sample_single_cell,Sf3b1,H,Morphotypeneural_bias,0.09410654507389597,NA,NA,NA,NA,0.3814578777044648,0.3814578777044648,0.1380876108128989,0.811092523484751,0.8264832022873481,0.8175357223011895
GSE250136,mast,sample_single_cell,Sf3b2,H,Morphotypeneural_bias,0.019325881992896265,NA,NA,NA,NA,0.7919680370956605,0.7919680370956605,0.06819960009063393,1,1,1
GSE250136,mast,sample_single_cell,Sf3b3,H,Morphotypeneural_bias,0.0017361874493501547,NA,NA,NA,NA,0.26830881208547375,0.26830881208547375,0.02851354003355831,0.9957534422854202,0.9948177269478199,0.995361711678013
GSE250136,mast,sample_single_cell,Sf3b5,H,Morphotypeneural_bias,0.131097287803297,NA,NA,NA,NA,0.25554146090487295,0.25554146090487295,0.17283373221298107,0.9846866555140908,0.9815939957112223,0.9833919353632079
GSE250136,mast,sample_single_cell,Sf3b6,H,Morphotypeneural_bias,0.008119522616046105,NA,NA,NA,NA,0.36161960517894265,0.36161960517894265,0.05288988748278629,0.823960880195599,0.8168334524660472,0.820977032991696
GSE250136,mast,sample_single_cell,Sfpq,H,Morphotypeneural_bias,0.06230414641325262,NA,NA,NA,NA,0.8702969115591941,0.8702969115591941,0.10792645240754105,1,1,1
GSE250136,mast,sample_single_cell,Sfr1,H,Morphotypeneural_bias,0.37352597798124193,NA,NA,NA,NA,0.18162888797722054,0.18162888797722054,0.4007426949698249,0.9980697464933728,0.996783416726233,0.9975312336350715
GSE250136,mast,sample_single_cell,Sh3bgrl,H,Morphotypeneural_bias,0.0062566143082522915,NA,NA,NA,NA,0.2864066300947483,0.2864066300947483,0.0475647481902808,0.9952387080169862,0.9944603288062902,0.9949128450662078
GSE250136,mast,sample_single_cell,Sinhcaf,H,Morphotypeneural_bias,0.008977225650596173,NA,NA,NA,NA,0.3201304154254596,0.3201304154254596,0.05398979370147276,0.9837858705443315,0.9807005003573981,0.9824942021395975
GSE250136,mast,sample_single_cell,Siva1,H,Morphotypeneural_bias,0.004294533366560316,NA,NA,NA,NA,0.6318662400623261,0.6318662400623261,0.042645715058633835,0.8819971689615236,0.8874195854181558,0.884267225256228
GSE250136,mast,sample_single_cell,Skp1a,H,Morphotypeneural_bias,0.24911462946856971,NA,NA,NA,NA,0.26208757544934347,0.26208757544934347,0.2806647672376762,0.9898339981984301,0.9894567548248749,0.9896760679284806
GSE250136,mast,sample_single_cell,Slbp,H,Morphotypeneural_bias,1.4507911073661797e-5,NA,NA,NA,NA,0.5835698860842657,0.5835698860842657,0.004583203132438806,0.9299961394929868,0.9263759828448892,0.9284805865190394
GSE250136,mast,sample_single_cell,Slc25a3,H,Morphotypeneural_bias,0.05066527458613558,NA,NA,NA,NA,0.5885353973254475,0.5885353973254475,0.09679674384017849,0.9837858705443315,0.9824874910650465,0.9832423131592728
GSE250136,mast,sample_single_cell,Slc25a4,H,Morphotypeneural_bias,0.072641808761834,NA,NA,NA,NA,0.4664199048291273,0.4664199048291273,0.11838951275306535,0.9566336378844421,0.9546104360257327,0.9557866387371886
GSE250136,mast,sample_single_cell,Slc25a5,H,Morphotypeneural_bias,0.2146337978158546,NA,NA,NA,NA,0.4193412604229234,0.4193412604229234,0.2514365752191218,0.9886758460944537,0.98409578270193,0.9867584349517469
GSE250136,mast,sample_single_cell,Sltm,H,Morphotypeneural_bias,0.12193673657404988,NA,NA,NA,NA,0.08756899557355569,0.08756899557355569,0.16399861684422953,0.8572899240766954,0.8559685489635454,0.8567367397321762
GSE250136,mast,sample_single_cell,Smap1,H,Morphotypeneural_bias,0.0010884695064509733,NA,NA,NA,NA,0.20901567261272724,0.20901567261272724,0.021103278377657228,1,1,1
GSE250136,mast,sample_single_cell,Smarca4,H,Morphotypeneural_bias,0.03911562671482375,NA,NA,NA,NA,0.27975199405242224,0.27975199405242224,0.08676557198560905,0.8917771200617681,0.8784846318799142,0.8862123139073839
GSE250136,mast,sample_single_cell,Smarca5,H,Morphotypeneural_bias,0.006603136662267525,NA,NA,NA,NA,0.569321905540896,0.569321905540896,0.04819725392800398,0.8126367262900528,0.8173695496783416,0.8146180893244558
GSE250136,mast,sample_single_cell,Smarcc1,H,Morphotypeneural_bias,0.051962999499025754,NA,NA,NA,NA,0.46382101160416145,0.46382101160416145,0.09793306374762223,0.9711748809677004,0.9714081486776269,0.9712725368444677
GSE250136,mast,sample_single_cell,Smarcd1,H,Morphotypeneural_bias,0.05328440255965238,NA,NA,NA,NA,0.1867872901712726,0.1867872901712726,0.09870906678078771,0.8500836443186205,0.8454253037884203,0.8481334630059101
GSE250136,mast,sample_single_cell,Smarce1,H,Morphotypeneural_bias,0.10178328591680806,NA,NA,NA,NA,0.19882155672378232,0.19882155672378232,0.1454368207514444,0.9998713164328915,1,0.9999251888980325
GSE250136,mast,sample_single_cell,Smc1a,H,Morphotypeneural_bias,0.15486011415138337,NA,NA,NA,NA,0.2601657276013185,0.2601657276013185,0.1962174146665896,0.9750353879809548,0.9708720514653324,0.9732924365975911
GSE250136,mast,sample_single_cell,Smc2,H,Morphotypeneural_bias,0.0032485262389805422,NA,NA,NA,NA,0.2565912652162172,0.2565912652162172,0.04020639721868671,0.9947239737485523,0.9928520371694067,0.9939403007406299
GSE250136,mast,sample_single_cell,Smc3,H,Morphotypeneural_bias,0.03700882944977613,NA,NA,NA,NA,0.37305668255572133,0.37305668255572133,0.08405728816518303,0.9423497619354009,0.9472837741243746,0.9444153512381237
GSE250136,mast,sample_single_cell,Smdt1,H,Morphotypeneural_bias,0.13347907523316546,NA,NA,NA,NA,0.19316750198331567,0.19316750198331567,0.17510158256393749,0.9833998198430061,0.9815939957112223,0.9826438243435326
GSE250136,mast,sample_single_cell,Sms,H,Morphotypeneural_bias,0.30802023223960173,NA,NA,NA,NA,0.2039413724960868,0.2039413724960868,0.33595054704038296,0.909149401621413,0.9090421729807004,0.9091045111094487
GSE250136,mast,sample_single_cell,Snhg1,H,Morphotypeneural_bias,0.013477221173668027,NA,NA,NA,NA,0.3759481497164905,0.3759481497164905,0.060447642220678596,0.9041307425041822,0.8933166547533953,0.8996035011595721
GSE250136,mast,sample_single_cell,Snhg8,H,Morphotypeneural_bias,3.9099246255194136e-4,NA,NA,NA,NA,0.23617896740065802,0.23617896740065802,0.011750834860425175,0.8827692703641745,0.8791994281629736,0.8812747811775268
GSE250136,mast,sample_single_cell,Snrnp70,H,Morphotypeneural_bias,0.03549623987108289,NA,NA,NA,NA,0.21849804295008335,0.21849804295008335,0.08282455969919342,0.9046454767726161,0.9065403859899929,0.9054387671130396
GSE250136,mast,sample_single_cell,Snrpa,H,Morphotypeneural_bias,0.027845786741625488,NA,NA,NA,NA,0.22668933713733397,0.22668933713733397,0.07560341847891615,0.9975550122249389,0.9973195139385275,0.997456422533104
GSE250136,mast,sample_single_cell,Snrpa1,H,Morphotypeneural_bias,0.03632662644110946,NA,NA,NA,NA,0.22297175920980905,0.22297175920980905,0.0834730317186569,0.9795393128297516,0.9812365975696926,0.9802498690805715
GSE250136,mast,sample_single_cell,Snrpb,H,Morphotypeneural_bias,0.011753744043785331,NA,NA,NA,NA,0.6551792378939849,0.6551792378939849,0.056601416340753496,0.8702869643546519,0.8686561829878484,0.8696042492705918
GSE250136,mast,sample_single_cell,Snrpb2,H,Morphotypeneural_bias,0.036040619562988145,NA,NA,NA,NA,0.2207202973058875,0.2207202973058875,0.0834730317186569,0.8305237421181315,0.8416726233023588,0.835191142365527
GSE250136,mast,sample_single_cell,Snrpc,H,Morphotypeneural_bias,0.020882391997994718,NA,NA,NA,NA,0.311617483295608,0.311617483295608,0.06877299402491575,0.9768369579204735,0.9728377412437456,0.9751627141467794
GSE250136,mast,sample_single_cell,Snrpd1,H,Morphotypeneural_bias,0.013077812032394552,NA,NA,NA,NA,1.011687010171764,1.011687010171764,0.060447642220678596,0.9891905803628877,0.9867762687634024,0.98817984588913
GSE250136,mast,sample_single_cell,Snrpd2,H,Morphotypeneural_bias,0.022780150825175108,NA,NA,NA,NA,1.0522568976969708,1.0522568976969708,0.07001605895110906,0.9984557971946982,0.997855611150822,0.9982045335527793
GSE250136,mast,sample_single_cell,Snrpd3,H,Morphotypeneural_bias,0.02674079080541538,NA,NA,NA,NA,0.40660691601147825,0.40660691601147825,0.07340927299253411,0.954446017243598,0.9565761258041459,0.9553377721253834
GSE250136,mast,sample_single_cell,Snrpe,H,Morphotypeneural_bias,0.014450088507948806,NA,NA,NA,NA,1.4386968719138817,1.4386968719138817,0.06109096824647664,0.999742632865783,0.998927805575411,0.9994015111842598
GSE250136,mast,sample_single_cell,Snrpf,H,Morphotypeneural_bias,0.06982223636452752,NA,NA,NA,NA,0.6282671729395144,0.6282671729395144,0.1160081514694679,0.9518723459014284,0.940314510364546,0.9470337398069874
GSE250136,mast,sample_single_cell,Snrpg,H,Morphotypeneural_bias,0.0177383075880508,NA,NA,NA,NA,1.752208055947193,1.752208055947193,0.067828541548252,0.8961523613434564,0.893674052894925,0.8951148350415201
GSE250136,mast,sample_single_cell,Snu13,H,Morphotypeneural_bias,0.07348597918523335,NA,NA,NA,NA,0.6184031114730972,0.6184031114730972,0.11908354122237055,0.9427358126367263,0.9392423159399571,0.9412732849554873
GSE250136,mast,sample_single_cell,Snw1,H,Morphotypeneural_bias,0.006220749021071442,NA,NA,NA,NA,0.3565568623966344,0.3565568623966344,0.0475647481902808,0.9980697464933728,0.9983917083631165,0.9982045335527793
GSE250136,mast,sample_single_cell,Snx6,H,Morphotypeneural_bias,0.16275347648546634,NA,NA,NA,NA,0.10705787298805847,0.10705787298805847,0.20350141862165191,0.852914682795007,0.8568620443173696,0.8545672177751178
GSE250136,mast,sample_single_cell,Sod1,H,Morphotypeneural_bias,0.4883716722864102,NA,NA,NA,NA,0.06314200052067775,0.06314200052067775,0.5117416050706678,0.8884313473169476,0.8829521086490351,0.8861375028054164
GSE250136,mast,sample_single_cell,Son,H,Morphotypeneural_bias,0.0870822484624341,NA,NA,NA,NA,0.2903673203169719,0.2903673203169719,0.13093000032908228,0.9830137691416806,0.9803431022158685,0.9818957133238573
GSE250136,mast,sample_single_cell,Sox11,H,Morphotypeneural_bias,0.12151221227076248,NA,NA,NA,NA,0.8027227889223632,0.8027227889223632,0.16399861684422953,1,1,1
GSE250136,mast,sample_single_cell,Sox4,H,Morphotypeneural_bias,0.23252589146106423,NA,NA,NA,NA,0.39260780726178757,0.39260780726178757,0.2683474477131741,0.8297516407154807,0.8291636883488206,0.8295054986159947
GSE250136,mast,sample_single_cell,Spcs2,H,Morphotypeneural_bias,0.011863762909830065,NA,NA,NA,NA,0.3469170874455143,0.3469170874455143,0.056601416340753496,0.882383219662849,0.8758041458184418,0.879628936934241
GSE250136,mast,sample_single_cell,Srp14,H,Morphotypeneural_bias,0.05223923258070594,NA,NA,NA,NA,0.1745761936730421,0.1745761936730421,0.09793306374762223,0.8386308068459658,0.842566118656183,0.8402782972993192
GSE250136,mast,sample_single_cell,Srp19,H,Morphotypeneural_bias,0.3035245955976334,NA,NA,NA,NA,0.12951569163596588,0.12951569163596588,0.331895012343635,1,1,1
GSE250136,mast,sample_single_cell,Srp9,H,Morphotypeneural_bias,0.011692525516578924,NA,NA,NA,NA,0.24803732874675077,0.24803732874675077,0.056601416340753496,0.826920602239094,0.815939957112223,0.8223236328271115
GSE250136,mast,sample_single_cell,Srpk1,H,Morphotypeneural_bias,0.014379546629265836,NA,NA,NA,NA,0.2382001980037214,0.2382001980037214,0.06109096824647664,0.993308454510359,0.9889206576125804,0.9914715343757013
GSE250136,mast,sample_single_cell,Srrm1,H,Morphotypeneural_bias,0.026791259189347525,NA,NA,NA,NA,0.6004126358611686,0.6004126358611686,0.07340927299253411,0.9613949298674559,0.9626518942101501,0.9619211490985262
GSE250136,mast,sample_single_cell,Srrm2,H,Morphotypeneural_bias,0.04381702960200005,NA,NA,NA,NA,0.7265625081405762,0.7265625081405762,0.09059424522494759,0.8072320164714966,0.8091493924231594,0.808034712351313
GSE250136,mast,sample_single_cell,Srsf1,H,Morphotypeneural_bias,0.0024443430376528442,NA,NA,NA,NA,0.37851187960044763,0.37851187960044763,0.03479114923592548,0.9785098442928838,0.9740886347390993,0.97665893618613
GSE250136,mast,sample_single_cell,Srsf10,H,Morphotypeneural_bias,0.04140921120782208,NA,NA,NA,NA,0.3465258101110109,0.3465258101110109,0.08823407148393672,0.97374855230987,0.9692637598284489,0.971871025660208
GSE250136,mast,sample_single_cell,Srsf11,H,Morphotypeneural_bias,0.12404023404725997,NA,NA,NA,NA,0.3490319474522874,0.3490319474522874,0.16629429613427069,0.9525157637369708,0.9467476769120801,0.9501009949876562
GSE250136,mast,sample_single_cell,Srsf2,H,Morphotypeneural_bias,0.020490451270188618,NA,NA,NA,NA,0.8456163761881168,0.8456163761881168,0.06877299402491575,0.999742632865783,0.9996426018584703,0.9997007555921299
GSE250136,mast,sample_single_cell,Srsf3,H,Morphotypeneural_bias,0.018926289709119415,NA,NA,NA,NA,1.539288679602608,1.539288679602608,0.067828541548252,0.931669025865397,0.9267333809864189,0.9296027530485524
GSE250136,mast,sample_single_cell,Srsf5,H,Morphotypeneural_bias,0.013630757888048455,NA,NA,NA,NA,0.46822202043744543,0.46822202043744543,0.060447642220678596,0.8943507914039377,0.9001072194424589,0.8967606792848059
GSE250136,mast,sample_single_cell,Srsf6,H,Morphotypeneural_bias,0.07401234883863461,NA,NA,NA,NA,0.287227359366959,0.287227359366959,0.11945626182931356,0.8717024835928452,0.8718727662616155,0.8717737712276502
GSE250136,mast,sample_single_cell,Srsf7,H,Morphotypeneural_bias,0.008549704427769944,NA,NA,NA,NA,0.8954180396155733,0.8954180396155733,0.0532952378198214,0.9770943250546905,0.9737312365975697,0.9756863918605521
GSE250136,mast,sample_single_cell,Srsf9,H,Morphotypeneural_bias,0.1504167877936161,NA,NA,NA,NA,0.17079087551049588,0.17079087551049588,0.1922993065505212,0.9819843006048128,0.9803431022158685,0.981297224508117
GSE250136,mast,sample_single_cell,Ssb,H,Morphotypeneural_bias,0.023382566323930005,NA,NA,NA,NA,0.6408746222985151,0.6408746222985151,0.07001605895110906,0.9930510873761421,0.992494639027877,0.992818134211117
GSE250136,mast,sample_single_cell,Ssbp1,H,Morphotypeneural_bias,0.024966102122154523,NA,NA,NA,NA,0.29141663955306285,0.29141663955306285,0.07178805121993254,0.996268176553854,0.9960686204431737,0.9961846337996558
GSE250136,mast,sample_single_cell,Ssr2,H,Morphotypeneural_bias,0.19171851089620026,NA,NA,NA,NA,0.13321015579010798,0.13321015579010798,0.22963198920807154,0.8687427615493502,0.8691922802001429,0.868930949352884
GSE250136,mast,sample_single_cell,Ssr3,H,Morphotypeneural_bias,0.28651311690084463,NA,NA,NA,NA,0.087291110143775,0.087291110143775,0.31531211576458934,0.9575344228542015,0.9581844174410293,0.9578065384903119
GSE250136,mast,sample_single_cell,Ssrp1,H,Morphotypeneural_bias,3.81148254651468e-4,NA,NA,NA,NA,0.5608815648700354,0.5608815648700354,0.011750834860425175,1,1,1
GSE250136,mast,sample_single_cell,St13,H,Morphotypeneural_bias,0.112314841371763,NA,NA,NA,NA,0.3814864139475196,0.3814864139475196,0.15495456305571179,0.8351563505340368,0.833988563259471,0.8346674646517543
GSE250136,mast,sample_single_cell,Stip1,H,Morphotypeneural_bias,0.001297951563299804,NA,NA,NA,NA,0.312544858773006,0.312544858773006,0.02409675293604419,0.9797966799639686,0.9807005003573981,0.980175057978604
GSE250136,mast,sample_single_cell,Stmn1,H,Morphotypeneural_bias,0.40461626116816074,NA,NA,NA,NA,0.44004280060827483,0.44004280060827483,0.4285671129076766,0.8545875691674173,0.8536454610436026,0.8541931622652802
GSE250136,mast,sample_single_cell,Strap,H,Morphotypeneural_bias,0.1673432484372154,NA,NA,NA,NA,0.10004301171452701,0.10004301171452701,0.2068178497328248,0.801698623085832,0.8168334524660472,0.808034712351313
GSE250136,mast,sample_single_cell,Stub1,H,Morphotypeneural_bias,0.04989335922637954,NA,NA,NA,NA,0.2044801477367706,0.2044801477367706,0.09679674384017849,0.9438939647407026,0.947819871336669,0.9455375177676367
GSE250136,mast,sample_single_cell,Sub1,H,Morphotypeneural_bias,0.2471350159082193,NA,NA,NA,NA,0.5037998873112723,0.5037998873112723,0.2788022504433544,1,1,1
GSE250136,mast,sample_single_cell,Sumo1,H,Morphotypeneural_bias,0.08758548137060708,NA,NA,NA,NA,0.39139632473123953,0.39139632473123953,0.13145518645078813,0.9258782653455154,0.9152966404574696,0.9214483429340914
GSE250136,mast,sample_single_cell,Sumo2,H,Morphotypeneural_bias,0.026784533019617716,NA,NA,NA,NA,1.6407769539943757,1.6407769539943757,0.07340927299253411,1,1,1
GSE250136,mast,sample_single_cell,Sumo3,H,Morphotypeneural_bias,1.8467258058783997e-4,NA,NA,NA,NA,0.2855722093781825,0.2855722093781825,0.00927708140129502,0.8036288765924592,0.8086132952108649,0.8057155681903194
GSE250136,mast,sample_single_cell,Supt16,H,Morphotypeneural_bias,0.04991571634417037,NA,NA,NA,NA,0.6112037742979846,0.6112037742979846,0.09679674384017849,0.9971689615236135,0.9971408148677627,0.9971571781252337
GSE250136,mast,sample_single_cell,Swi5,H,Morphotypeneural_bias,0.007434610711511791,NA,NA,NA,NA,0.5034465365635672,0.5034465365635672,0.05161916705391113,0.8723459014283876,0.8738384560400286,0.8729707488591307
GSE250136,mast,sample_single_cell,Syncrip,H,Morphotypeneural_bias,0.30959746827058776,NA,NA,NA,NA,0.1409648017037166,0.1409648017037166,0.33724009936617594,0.9042594260712907,0.9083273766976412,0.9059624448268123
GSE250136,mast,sample_single_cell,Taf10,H,Morphotypeneural_bias,0.05365468112367724,NA,NA,NA,NA,0.28250081686544215,0.28250081686544215,0.09896565373568113,0.8813537511259812,0.8859899928520372,0.8832946809306501
GSE250136,mast,sample_single_cell,Taf1d,H,Morphotypeneural_bias,0.025318595997595783,NA,NA,NA,NA,0.2818592059164322,0.2818592059164322,0.07231465211353444,0.9761935400849312,0.9814152966404575,0.9783795915313832
GSE250136,mast,sample_single_cell,Tardbp,H,Morphotypeneural_bias,0.03265883305150173,NA,NA,NA,NA,0.2964268479476426,0.2964268479476426,0.08014552708615655,0.9728477673401107,0.9706933523945676,0.9719458367621755
GSE250136,mast,sample_single_cell,Tax1bp1,H,Morphotypeneural_bias,0.5937906513329372,NA,NA,NA,NA,-0.009401230287353624,-0.009401230287353624,0.6094918464402985,1,1,1
GSE250136,mast,sample_single_cell,Tbca,H,Morphotypeneural_bias,0.8919370805326704,NA,NA,NA,NA,0.015062208440419056,0.015062208440419056,0.8993084613635189,0.9927937202419251,0.992494639027877,0.9926685120071819
GSE250136,mast,sample_single_cell,Tbl1x,H,Morphotypeneural_bias,0.177788264554794,NA,NA,NA,NA,0.10857808846663008,0.10857808846663008,0.21597607102388916,1,1,1
GSE250136,mast,sample_single_cell,Tcea1,H,Morphotypeneural_bias,0.0010312457606836134,NA,NA,NA,NA,0.21740761782476792,0.21740761782476792,0.020481020456367578,0.8916484364946596,0.8963545389563974,0.8936186130021695
GSE250136,mast,sample_single_cell,Tceal8,H,Morphotypeneural_bias,0.17396993163308194,NA,NA,NA,NA,0.18381486662073065,0.18381486662073065,0.21254695509964516,0.9224038090335864,0.9304860614724804,0.9257873868482083
GSE250136,mast,sample_single_cell,Tceal9,H,Morphotypeneural_bias,0.07584852395567597,NA,NA,NA,NA,0.40096266510910983,0.40096266510910983,0.12057349129815036,0.8118646248874019,0.8109363831308077,0.8114760230418194
GSE250136,mast,sample_single_cell,Tcerg1,H,Morphotypeneural_bias,8.980607102490183e-4,NA,NA,NA,NA,0.3023728555544176,0.3023728555544176,0.018705947476894184,0.9616522970016729,0.9603288062902073,0.9610982269768834
GSE250136,mast,sample_single_cell,Tcf25,H,Morphotypeneural_bias,0.03398243451588092,NA,NA,NA,NA,0.1664009307444223,0.1664009307444223,0.08128120420143532,0.999742632865783,0.9994639027877055,0.9996259444901623
GSE250136,mast,sample_single_cell,Tcf4,H,Morphotypeneural_bias,0.05775324466239027,NA,NA,NA,NA,-0.02534544458239818,-0.02534544458239818,0.1036075600342861,0.8786513962167031,0.8754467476769121,0.8773097927732475
GSE250136,mast,sample_single_cell,Tcp1,H,Morphotypeneural_bias,0.11209929484184983,NA,NA,NA,NA,0.49508781062405216,0.49508781062405216,0.15490743979763713,0.9704027795650495,0.9737312365975697,0.9717962145582404
GSE250136,mast,sample_single_cell,Tead2,H,Morphotypeneural_bias,0.14234554483004727,NA,NA,NA,NA,0.11655191248208041,0.11655191248208041,0.18474634541772092,1,1,1
GSE250136,mast,sample_single_cell,Tecr,H,Morphotypeneural_bias,0.03298064259252106,NA,NA,NA,NA,0.33686180266764243,0.33686180266764243,0.08070334892267331,0.9606228284648051,0.9658684774839171,0.9628188823221366
GSE250136,mast,sample_single_cell,Thoc7,H,Morphotypeneural_bias,0.24527626839111968,NA,NA,NA,NA,0.1903581787361759,0.1903581787361759,0.27838872264142156,0.8525286320936817,0.8429235167977126,0.8485075185157477
GSE250136,mast,sample_single_cell,Thrap3,H,Morphotypeneural_bias,0.20468727176795512,NA,NA,NA,NA,0.2158013671696386,0.2158013671696386,0.24177445378953483,1,1,1
GSE250136,mast,sample_single_cell,Timm13,H,Morphotypeneural_bias,0.03193396681986476,NA,NA,NA,NA,0.33749826636469127,0.33749826636469127,0.07928803746164093,0.9496847252605842,0.931915654038599,0.9422458292810653
GSE250136,mast,sample_single_cell,Timm23,H,Morphotypeneural_bias,0.050548719946721374,NA,NA,NA,NA,0.3071011105437349,0.3071011105437349,0.09679674384017849,0.8737614206665809,0.8745532523230879,0.8740929153886436
GSE250136,mast,sample_single_cell,Timm8b,H,Morphotypeneural_bias,0.1619863778118463,NA,NA,NA,NA,0.12458072608412873,0.12458072608412873,0.20283924728932073,0.8825119032299575,0.8777698355968548,0.8805266701578515
GSE250136,mast,sample_single_cell,Tipin,H,Morphotypeneural_bias,0.0050238942597963,NA,NA,NA,NA,0.3165003232954118,0.3165003232954118,0.0429040569786604,0.8063312315017372,0.7989635453895639,0.8032468018253909
GSE250136,mast,sample_single_cell,Tkt,H,Morphotypeneural_bias,0.028203364206018655,NA,NA,NA,NA,0.5131629731866605,0.5131629731866605,0.07621744473068369,0.8091622699781238,0.809685489635454,0.8093813121867285
GSE250136,mast,sample_single_cell,Tma7,H,Morphotypeneural_bias,0.05227742378898308,NA,NA,NA,NA,0.35508341503990515,0.35508341503990515,0.09793306374762223,0.8526573156607902,0.850071479628306,0.8515747736964165
GSE250136,mast,sample_single_cell,Tmed10,H,Morphotypeneural_bias,0.01830286818711354,NA,NA,NA,NA,0.17006324232397896,0.17006324232397896,0.067828541548252,0.9790245785613177,0.9771265189421015,0.9782299693274482
GSE250136,mast,sample_single_cell,Tmed2,H,Morphotypeneural_bias,0.04912878921006649,NA,NA,NA,NA,0.2076736775685979,0.2076736775685979,0.09628897011477253,0.9674430575215545,0.9681915654038599,0.9677564150519937
GSE250136,mast,sample_single_cell,Tmem167,H,Morphotypeneural_bias,0.04163467146066324,NA,NA,NA,NA,0.28498449276984683,0.28498449276984683,0.08823407148393672,0.990091365332647,0.9883845604002859,0.9893768235206104
GSE250136,mast,sample_single_cell,Tmem234,H,Morphotypeneural_bias,0.0058772257128788434,NA,NA,NA,NA,0.3017363813775491,0.3017363813775491,0.046047254667876444,0.8548449363016343,0.8443531093638313,0.8504526071669035
GSE250136,mast,sample_single_cell,Tmem258,H,Morphotypeneural_bias,0.037834197128811024,NA,NA,NA,NA,0.13725100932271994,0.13725100932271994,0.08525172651188553,0.9947239737485523,0.9926733380986419,0.9938654896386624
GSE250136,mast,sample_single_cell,Tmpo,H,Morphotypeneural_bias,0.007839073753446195,NA,NA,NA,NA,0.5290193018351861,0.5290193018351861,0.052468374929371626,0.8512417964225968,0.8611508220157256,0.8553901398967607
GSE250136,mast,sample_single_cell,Tmsb10,H,Morphotypeneural_bias,0.5338807607229387,NA,NA,NA,NA,-0.6821434765429668,-0.6821434765429668,0.5526474783725934,0.8978252477158667,0.8961758398856325,0.8971347347946436
GSE250136,mast,sample_single_cell,Tmsb4x,H,Morphotypeneural_bias,0.03636796720212954,NA,NA,NA,NA,1.4618990018626983,1.4618990018626983,0.0834730317186569,0.9368163685497362,0.9412080057183703,0.9386548963866238
GSE250136,mast,sample_single_cell,Tomm20,H,Morphotypeneural_bias,0.24345031542719361,NA,NA,NA,NA,0.47021684155019905,0.47021684155019905,0.2768396396469019,0.9010423368935787,0.9043959971408149,0.9024463230343382
GSE250136,mast,sample_single_cell,Tomm22,H,Morphotypeneural_bias,0.06798126127592855,NA,NA,NA,NA,0.19338550966663748,0.19338550966663748,0.11473517219297032,0.8924205378973105,0.8895639742673338,0.8912246577392084
GSE250136,mast,sample_single_cell,Tomm5,H,Morphotypeneural_bias,0.16176687396454378,NA,NA,NA,NA,0.1925833208190273,0.1925833208190273,0.20283924728932073,0.9236906447046712,0.9151179413867048,0.9201017430986759
GSE250136,mast,sample_single_cell,Tomm6,H,Morphotypeneural_bias,0.02324087950972222,NA,NA,NA,NA,0.24315059437608166,0.24315059437608166,0.07001605895110906,0.9810835156350534,0.9792709077912795,0.980324680182539
GSE250136,mast,sample_single_cell,Tomm7,H,Morphotypeneural_bias,0.030864459370916825,NA,NA,NA,NA,0.4793463900896704,0.4793463900896704,0.07798298314426913,0.9034873246686398,0.8981415296640457,0.9012493454028578
GSE250136,mast,sample_single_cell,Top1,H,Morphotypeneural_bias,0.058663739568978045,NA,NA,NA,NA,-0.13434113342692378,-0.13434113342692378,0.10418875558455422,0.8333547805945181,0.8236240171551108,0.829281065310092
GSE250136,mast,sample_single_cell,Top2a,H,Morphotypeneural_bias,0.010883702974380178,NA,NA,NA,NA,0.5177631788615482,0.5177631788615482,0.056601416340753496,0.8854716252734526,0.8963545389563974,0.890027680107728
GSE250136,mast,sample_single_cell,Tpi1,H,Morphotypeneural_bias,0.20944314444363826,NA,NA,NA,NA,0.6929510807385064,0.6929510807385064,0.24705033888793793,0.9203448719598507,0.9337026447462473,0.9259370090521434
GSE250136,mast,sample_single_cell,Tpm3,H,Morphotypeneural_bias,0.26438737731737844,NA,NA,NA,NA,0.14632343834059514,0.14632343834059514,0.29514617023404077,1,1,1
GSE250136,mast,sample_single_cell,Tpm4,H,Morphotypeneural_bias,0.6118578909220029,NA,NA,NA,NA,0.046481915698710186,0.046481915698710186,0.6272828797687761,0.9527731308711878,0.9513938527519656,0.952195705842747
GSE250136,mast,sample_single_cell,Tpr,H,Morphotypeneural_bias,0.4341539791236804,NA,NA,NA,NA,0.19512672019820432,0.19512672019820432,0.45661021942318114,0.8372152876077725,0.8439957112223017,0.8400538639934166
GSE250136,mast,sample_single_cell,Tpt1,H,Morphotypeneural_bias,NA,NA,NA,NA,NA,NA,NA,NA,0.8849568910050186,0.8881343817012152,0.8862871250093514
GSE250136,mast,sample_single_cell,Tra2a,H,Morphotypeneural_bias,0.005535993468947992,NA,NA,NA,NA,0.2643073737295394,0.2643073737295394,0.045268462652323316,0.9095354523227384,0.889385275196569,0.9010997231989227
GSE250136,mast,sample_single_cell,Tra2b,H,Morphotypeneural_bias,0.023190746336138914,NA,NA,NA,NA,0.6676580986435461,0.6676580986435461,0.07001605895110906,1,1,1
GSE250136,mast,sample_single_cell,Trim28,H,Morphotypeneural_bias,0.07367795607124956,NA,NA,NA,NA,0.46438611743983493,0.46438611743983493,0.11916851228190745,0.8818684853944151,0.8867047891350965,0.8838931697463903
GSE250136,mast,sample_single_cell,Trir,H,Morphotypeneural_bias,0.08290437771041176,NA,NA,NA,NA,0.18741472193870523,0.18741472193870523,0.12709043125140831,0.9840432376785484,0.981951393852752,0.9831675020573053
GSE250136,mast,sample_single_cell,Trmt112,H,Morphotypeneural_bias,0.05188655793000626,NA,NA,NA,NA,0.11786810061430719,0.11786810061430719,0.09793306374762223,0.8394029082486166,0.838277340957827,0.8389316974639036
GSE250136,mast,sample_single_cell,Trp53,H,Morphotypeneural_bias,0.38220441150282536,NA,NA,NA,NA,0.1271664039261795,0.1271664039261795,0.40851385159375825,0.8679706601466992,0.8625804145818442,0.8657140719682801
GSE250136,mast,sample_single_cell,Tsn,H,Morphotypeneural_bias,0.0024033197354965704,NA,NA,NA,NA,0.7209033234122382,0.7209033234122382,0.03478703481549273,0.9657701711491442,0.9619370979270908,0.9641654821575522
GSE250136,mast,sample_single_cell,Tspan3,H,Morphotypeneural_bias,0.17648014535276202,NA,NA,NA,NA,0.15975717766384356,0.15975717766384356,0.21530577733036965,0.8351563505340368,0.8375625446747677,0.836163686691105
GSE250136,mast,sample_single_cell,Ttc3,H,Morphotypeneural_bias,0.47889365893527064,NA,NA,NA,NA,0.18232574867396245,0.18232574867396245,0.5024265168682077,0.9788958949942093,0.9774839170836311,0.9783047804294157
GSE250136,mast,sample_single_cell,Tuba1a,H,Morphotypeneural_bias,0.011529908780080577,NA,NA,NA,NA,1.1569461450312062,1.1569461450312062,0.056601416340753496,0.9619096641358899,0.9606862044317369,0.9613974713847535
GSE250136,mast,sample_single_cell,Tuba1b,H,Morphotypeneural_bias,0.016696597049351374,NA,NA,NA,NA,1.9069825417130009,1.9069825417130009,0.06601339759326887,0.9951100244498777,0.9937455325232308,0.9945387895563702
GSE250136,mast,sample_single_cell,Tubb4b,H,Morphotypeneural_bias,0.0019347731053740293,NA,NA,NA,NA,0.7349375793792916,0.7349375793792916,0.03104153487942674,0.8585767597477802,0.8632952108649035,0.8605521059325204
GSE250136,mast,sample_single_cell,Tubb5,H,Morphotypeneural_bias,0.011538930864998674,NA,NA,NA,NA,4.291537026767124,4.291537026767124,0.056601416340753496,1,0.9994639027877055,0.9997755666940974
GSE250136,mast,sample_single_cell,Txn1,H,Morphotypeneural_bias,0.033189516711484346,NA,NA,NA,NA,0.8729740439345157,0.8729740439345157,0.08075170162851177,1,1,1
GSE250136,mast,sample_single_cell,Txndc17,H,Morphotypeneural_bias,0.07855624603826662,NA,NA,NA,NA,0.15301346475803568,0.15301346475803568,0.12287002585472472,0.8054304465319778,0.8041458184417442,0.8048926460686766
GSE250136,mast,sample_single_cell,Txnl1,H,Morphotypeneural_bias,0.09794491253034576,NA,NA,NA,NA,0.15553409613269853,0.15553409613269853,0.14177111067951742,0.8453223523356067,0.8322015725518227,0.839829430687514
GSE250136,mast,sample_single_cell,Txnl4a,H,Morphotypeneural_bias,0.02082320652348038,NA,NA,NA,NA,0.2595607398179931,0.2595607398179931,0.06877299402491575,0.9693733110281817,0.9583631165117942,0.9647639709732925
GSE250136,mast,sample_single_cell,Txnrd1,H,Morphotypeneural_bias,0.1578967997132374,NA,NA,NA,NA,0.17971109808531027,0.17971109808531027,0.19916116338030063,0.8553596705700682,0.8665117941386705,0.8600284282187477
GSE250136,mast,sample_single_cell,U2af1,H,Morphotypeneural_bias,6.590880173303092e-4,NA,NA,NA,NA,0.7330999541186536,0.7330999541186536,0.01655474020000247,0.997040277956505,0.9976769120800572,0.9973068003291689
GSE250136,mast,sample_single_cell,U2af2,H,Morphotypeneural_bias,0.003656830624704323,NA,NA,NA,NA,0.2534468250612978,0.2534468250612978,0.041662008025893246,0.8548449363016343,0.8699070764832023,0.8611505947482606
GSE250136,mast,sample_single_cell,U2surp,H,Morphotypeneural_bias,0.0350342511875102,NA,NA,NA,NA,0.24339804192142633,0.24339804192142633,0.08260037281799344,0.9328271779693733,0.9378127233738385,0.9349143412882471
GSE250136,mast,sample_single_cell,Uba2,H,Morphotypeneural_bias,0.08177998468735656,NA,NA,NA,NA,0.18204824291287203,0.18204824291287203,0.12629314090958862,0.9492986745592588,0.9451393852751966,0.9475574175207601
GSE250136,mast,sample_single_cell,Uba52,H,Morphotypeneural_bias,0.11935664387182346,NA,NA,NA,NA,0.1081892154195101,0.1081892154195101,0.16205178675125156,0.9987131643289152,0.998927805575411,0.9988030223685195
GSE250136,mast,sample_single_cell,Ubap2l,H,Morphotypeneural_bias,0.041916696087137356,NA,NA,NA,NA,0.19364138533025743,0.19364138533025743,0.0884725159343542,0.9957534422854202,0.9955325232308792,0.9956609560858831
GSE250136,mast,sample_single_cell,Ubb,H,Morphotypeneural_bias,0.10423811257485709,NA,NA,NA,NA,1.1857144118078295,1.1857144118078295,0.1475046006585475,0.8984686655514091,0.8836669049320943,0.892272013166754
GSE250136,mast,sample_single_cell,Ube2d2a,H,Morphotypeneural_bias,0.1581162397796766,NA,NA,NA,NA,0.1912014457754343,0.1912014457754343,0.19916116338030063,0.8188135375112598,0.815939957112223,0.817610533403157
GSE250136,mast,sample_single_cell,Ube2d3,H,Morphotypeneural_bias,0.04916078973695281,NA,NA,NA,NA,0.4359111262078956,0.4359111262078956,0.09628897011477253,0.8809677004246558,0.8842030021443888,0.8823221366050722
GSE250136,mast,sample_single_cell,Ube2e3,H,Morphotypeneural_bias,0.5078527493795594,NA,NA,NA,NA,0.08982211938836082,0.08982211938836082,0.5295558583274038,0.8819971689615236,0.8933166547533953,0.8867359916211566
GSE250136,mast,sample_single_cell,Ube2i,H,Morphotypeneural_bias,0.011817911596417152,NA,NA,NA,NA,0.5719908410689296,0.5719908410689296,0.056601416340753496,0.9909921503024064,0.992494639027877,0.9916211565796365
GSE250136,mast,sample_single_cell,Ube2k,H,Morphotypeneural_bias,0.003186700987895962,NA,NA,NA,NA,0.271145889620791,0.271145889620791,0.04002121534798752,0.9624243984043238,0.9540743388134382,0.958928705019825
GSE250136,mast,sample_single_cell,Ube2l3,H,Morphotypeneural_bias,0.07150542455028079,NA,NA,NA,NA,0.39222861964660183,0.39222861964660183,0.11748574760181645,0.9725904002058937,0.9717655468191565,0.9722450811700456
GSE250136,mast,sample_single_cell,Ube2m,H,Morphotypeneural_bias,0.017468650347861426,NA,NA,NA,NA,0.2128649165682308,0.2128649165682308,0.067828541548252,0.8255050830009008,0.8198713366690493,0.8231465549487544
GSE250136,mast,sample_single_cell,Ube2n,H,Morphotypeneural_bias,0.08849858810445119,NA,NA,NA,NA,0.23032583434319243,0.23032583434319243,0.13212901091119109,0.9015570711620126,0.9097569692637598,0.9049899005012344
GSE250136,mast,sample_single_cell,Ube2r2,H,Morphotypeneural_bias,0.1852237546253724,NA,NA,NA,NA,0.1682506719859549,0.1682506719859549,0.22341961363003962,0.9779951100244498,0.9758756254467477,0.9771078027979352
GSE250136,mast,sample_single_cell,Ube2s,H,Morphotypeneural_bias,0.227225463775352,NA,NA,NA,NA,0.5496494912148275,0.5496494912148275,0.26365563323933505,0.9386179384892549,0.9381701215153682,0.9384304630807212
GSE250136,mast,sample_single_cell,Ube2v1,H,Morphotypeneural_bias,0.105475445473109,NA,NA,NA,NA,0.13534313745094373,0.13534313745094373,0.1483954372883609,0.9180285677518981,0.9195854181558256,0.9186803321612927
GSE250136,mast,sample_single_cell,Ubl5,H,Morphotypeneural_bias,0.03187760798387424,NA,NA,NA,NA,0.4062858392530879,0.4062858392530879,0.07928803746164093,0.9908634667352979,0.9890993566833453,0.9901249345402858
GSE250136,mast,sample_single_cell,Ubxn1,H,Morphotypeneural_bias,0.02237715439542619,NA,NA,NA,NA,0.4628565101289679,0.4628565101289679,0.06992013272648806,0.9944666066143354,0.9928520371694067,0.9937906785366949
GSE250136,mast,sample_single_cell,Uqcc2,H,Morphotypeneural_bias,0.03352855414873202,NA,NA,NA,NA,0.26845973459299044,0.26845973459299044,0.08111642129122665,0.9162269978123794,0.9051107934238742,0.9115732774743772
GSE250136,mast,sample_single_cell,Uqcr10,H,Morphotypeneural_bias,0.06688615377071055,NA,NA,NA,NA,0.4293193382387104,0.4293193382387104,0.11357293350530528,0.9266503667481663,0.9188706218727662,0.9233934315852472
GSE250136,mast,sample_single_cell,Uqcr11,H,Morphotypeneural_bias,0.03138296893331802,NA,NA,NA,NA,0.3692206188988676,0.3692206188988676,0.0790591606756743,0.9328271779693733,0.9324517512508935,0.9326700082292212
GSE250136,mast,sample_single_cell,Uqcrb,H,Morphotypeneural_bias,0.164856917082448,NA,NA,NA,NA,0.3318284797248694,0.3318284797248694,0.20537177090771214,1,1,1
GSE250136,mast,sample_single_cell,Uqcrc2,H,Morphotypeneural_bias,0.006512214672055897,NA,NA,NA,NA,0.26647380562943823,0.26647380562943823,0.04794337353392875,0.7857418607643804,0.8214796283059328,0.8007032243584948
GSE250136,mast,sample_single_cell,Uqcrfs1,H,Morphotypeneural_bias,0.04881238672944982,NA,NA,NA,NA,0.18350583452129277,0.18350583452129277,0.09628897011477253,0.8419765795907863,0.8152251608291637,0.8307772873494427
GSE250136,mast,sample_single_cell,Uqcrh,H,Morphotypeneural_bias,0.0144039125330883,NA,NA,NA,NA,0.8781481082054601,0.8781481082054601,0.06109096824647664,0.9794106292626431,0.9769478198713367,0.9783795915313832
GSE250136,mast,sample_single_cell,Uqcrq,H,Morphotypeneural_bias,0.018332461535019162,NA,NA,NA,NA,0.41941852196078067,0.41941852196078067,0.067828541548252,1,1,1
GSE250136,mast,sample_single_cell,Utp3,H,Morphotypeneural_bias,0.0697207104151702,NA,NA,NA,NA,0.18706117694531565,0.18706117694531565,0.1160081514694679,0.8558744048385021,0.8550750536097212,0.8555397621006957
GSE250136,mast,sample_single_cell,Vapa,H,Morphotypeneural_bias,0.04704303899705451,NA,NA,NA,NA,0.23507776370093048,0.23507776370093048,0.09430693733212335,0.8213872088534294,0.8143316654753395,0.8184334555247998
GSE250136,mast,sample_single_cell,Vcp,H,Morphotypeneural_bias,0.04911761745487078,NA,NA,NA,NA,0.6960038275981795,0.6960038275981795,0.09628897011477253,0.8123793591558358,0.8050393137955683,0.809306501084761
GSE250136,mast,sample_single_cell,Vdac1,H,Morphotypeneural_bias,0.022361585209757544,NA,NA,NA,NA,0.41084398043840586,0.41084398043840586,0.06992013272648806,0.9570196885857676,0.9547891350964975,0.9560858831450587
GSE250136,mast,sample_single_cell,Vdac2,H,Morphotypeneural_bias,0.30440634853638515,NA,NA,NA,NA,0.2073246231506909,0.2073246231506909,0.3324335315218324,1,1,1
GSE250136,mast,sample_single_cell,Vdac3,H,Morphotypeneural_bias,0.01577133681704428,NA,NA,NA,NA,0.3752169320701726,0.3752169320701726,0.06475346943151834,0.886115043108995,0.8811651179413867,0.8840427919503254
GSE250136,mast,sample_single_cell,Wbp11,H,Morphotypeneural_bias,0.05362630893023087,NA,NA,NA,NA,0.2100573259262024,0.2100573259262024,0.09896565373568113,0.9891905803628877,0.9860614724803431,0.9878806014812598
GSE250136,mast,sample_single_cell,Wdr43,H,Morphotypeneural_bias,0.17396879655803824,NA,NA,NA,NA,0.14461613037406584,0.14461613037406584,0.21254695509964516,0.9961394929867456,0.9933881343817013,0.9949876561681753
GSE250136,mast,sample_single_cell,Xrn2,H,Morphotypeneural_bias,0.10647976551160174,NA,NA,NA,NA,0.14476755585386636,0.14476755585386636,0.14907167171624242,0.8378587054433149,0.8475696926375983,0.841924141542605
GSE250136,mast,sample_single_cell,Ybx1,H,Morphotypeneural_bias,NA,NA,NA,NA,NA,NA,NA,NA,1,1,1
GSE250136,mast,sample_single_cell,Ybx3,H,Morphotypeneural_bias,0.24612503423582702,NA,NA,NA,NA,0.18874388415622567,0.18874388415622567,0.2783983830958891,0.7992536353107708,0.8132594710507506,0.8051170793745792
GSE250136,mast,sample_single_cell,Yeats4,H,Morphotypeneural_bias,0.04414982678043295,NA,NA,NA,NA,0.1740547647259194,0.1740547647259194,0.09063450016944649,0.8390168575472912,0.8388134381701216,0.8389316974639036
GSE250136,mast,sample_single_cell,Ythdc1,H,Morphotypeneural_bias,0.11587630638484213,NA,NA,NA,NA,0.18391884719891216,0.18391884719891216,0.15884167841517685,0.8458370866040407,0.8416726233023588,0.8440936634996633
GSE250136,mast,sample_single_cell,Ywhab,H,Morphotypeneural_bias,0.2839866258944378,NA,NA,NA,NA,0.14426290715426404,0.14426290715426404,0.3129349400178708,0.8939647407026122,0.9149392423159399,0.9027455674422085
GSE250136,mast,sample_single_cell,Ywhae,H,Morphotypeneural_bias,0.07997517341101483,NA,NA,NA,NA,1.3192291800725968,1.3192291800725968,0.12440582530602307,0.9583065242568524,0.9565761258041459,0.9575821051844093
GSE250136,mast,sample_single_cell,Ywhaq,H,Morphotypeneural_bias,0.018086559599425244,NA,NA,NA,NA,0.7818953726219204,0.7818953726219204,0.067828541548252,0.9782524771586668,0.9749821300929236,0.9768833694920326
GSE250136,mast,sample_single_cell,Ywhaz,H,Morphotypeneural_bias,0.03980299245484498,NA,NA,NA,NA,0.7542490614289132,0.7542490614289132,0.08693367583873457,0.9101788701582808,0.9177984274481773,0.913368743921598
GSE250136,mast,sample_single_cell,Zc3h13,H,Morphotypeneural_bias,0.12251453402126058,NA,NA,NA,NA,0.13637852123846983,0.13637852123846983,0.16450850951911405,0.8530433663621155,0.8477483917083631,0.8508266626767412
GSE250136,mast,sample_single_cell,Zc3h15,H,Morphotypeneural_bias,0.09911934333416532,NA,NA,NA,NA,0.2744488155235185,0.2744488155235185,0.1430918583419447,0.9299961394929868,0.9299499642601858,0.92997680855839
GSE250136,mast,sample_single_cell,Zcrb1,H,Morphotypeneural_bias,0.6250315220535089,NA,NA,NA,NA,0.05903519319955475,0.05903519319955475,0.6400202875703797,0.8459657701711492,0.8493566833452466,0.8473853519862348
GSE250136,mast,sample_single_cell,Zfp106,H,Morphotypeneural_bias,0.0720859576626021,NA,NA,NA,NA,0.17578628115579198,0.17578628115579198,0.1179312596980086,0.9270364174494917,0.9263759828448892,0.9267599311737862
GSE250136,mast,sample_single_cell,Zfp207,H,Morphotypeneural_bias,0.2749514551577341,NA,NA,NA,NA,0.09973699835212813,0.09973699835212813,0.30494615935675967,0.9117230729635826,0.9154753395282345,0.9132939328196304
GSE250136,mast,sample_single_cell,Zfp706,H,Morphotypeneural_bias,0.009913869174471221,NA,NA,NA,NA,0.26565501156787663,0.26565501156787663,0.056069167384095515,0.87298931926393,0.8749106504646176,0.8737936709807735
GSE250136,mast,sample_single_cell,Zfp91,H,Morphotypeneural_bias,0.04053284366361412,NA,NA,NA,NA,0.2153390764603862,0.2153390764603862,0.08719155790611198,0.9460815853815467,0.9587205146533238,0.9513727837211042
GSE250136,mast,sample_single_cell,Zmat2,H,Morphotypeneural_bias,0.07079062180948208,NA,NA,NA,NA,0.21940933601291723,0.21940933601291723,0.11670886298320018,0.8671985587440484,0.8670478913509649,0.8671354829056632
GSE250136,mast,sample_single_cell,Zranb2,H,Morphotypeneural_bias,0.0034694458960081494,NA,NA,NA,NA,0.2631080202774543,0.2631080202774543,0.041151483266541104,0.9593359927937203,0.9614010007147963,0.960200493753273
GSE250136,mast,sample_single_cell,mt-Atp6,H,Morphotypeneural_bias,0.0421646600591594,NA,NA,NA,NA,5.665872964369555,5.665872964369555,0.08869118150374908,0.9958821258525287,0.9921372408863474,0.9943143562504676
GSE250136,mast,sample_single_cell,mt-Co1,H,Morphotypeneural_bias,0.023216185853297343,NA,NA,NA,NA,7.433011124593875,7.433011124593875,0.07001605895110906,0.9907347831681894,0.9874910650464618,0.9893768235206104
GSE250136,mast,sample_single_cell,mt-Co2,H,Morphotypeneural_bias,0.09581403856937952,NA,NA,NA,NA,5.049516511828102,5.049516511828102,0.13987211784316259,0.996525543688071,0.9955325232308792,0.9961098226976883
GSE250136,mast,sample_single_cell,mt-Co3,H,Morphotypeneural_bias,0.05906480498562222,NA,NA,NA,NA,9.016819061691095,9.016819061691095,0.1042176517721516,0.9966542272551795,0.9960686204431737,0.9964090671055584
GSE250136,mast,sample_single_cell,mt-Cytb,H,Morphotypeneural_bias,0.06136421506697224,NA,NA,NA,NA,4.7517735745258705,4.7517735745258705,0.10673124168471343,0.9980697464933728,0.9983917083631165,0.9982045335527793
GSE250136,mast,sample_single_cell,mt-Nd1,H,Morphotypeneural_bias,0.02222170244520892,NA,NA,NA,NA,4.487605337185364,4.487605337185364,0.06992013272648806,0.9989705314631322,0.9987491065046462,0.998877833470487
GSE250136,mast,sample_single_cell,mt-Nd2,H,Morphotypeneural_bias,0.22888089038997753,NA,NA,NA,NA,1.0882226683594851,1.0882226683594851,0.2648567485000553,0.9612662463003474,0.9487133666904932,0.9560110720430912
GSE250136,mast,sample_single_cell,mt-Nd3,H,Morphotypeneural_bias,0.009265232754349451,NA,NA,NA,NA,0.42825648132922023,0.42825648132922023,0.05508530233472825,0.8258911337022262,0.8111150822015726,0.819705244258248
GSE250136,mast,sample_single_cell,mt-Nd4,H,Morphotypeneural_bias,0.06902251779959495,NA,NA,NA,NA,2.0626055498929965,2.0626055498929965,0.11535270098014498,0.9934371380774675,0.9905289492494639,0.9922196453953767
GSE250136,mast,sample_single_cell,mt-Nd4l,H,Morphotypeneural_bias,0.20273228003279484,NA,NA,NA,NA,-0.01083795753305683,-0.01083795753305683,0.23979690740721163,0.8711877493244112,0.8741958541815582,0.872447071145358
GSE250136,mast,sample_single_cell,mt-Nd5,H,Morphotypeneural_bias,0.26866787725792,NA,NA,NA,NA,0.15352502018504932,0.15352502018504932,0.29944952710164924,0.996782910822288,0.994639027877055,0.9958853893917857
