study,technique,analysis_level,gene,neural__log2FoldChange,neuromesodermal.progenitors__log2FoldChange,pluripotent__log2FoldChange,somitic__log2FoldChange,unknown__log2FoldChange,neural__pvalue,neuromesodermal.progenitors__pvalue,pluripotent__pvalue,somitic__pvalue,unknown__pvalue,neural__padj_celltype_BH,neuromesodermal.progenitors__padj_celltype_BH,pluripotent__padj_celltype_BH,somitic__padj_celltype_BH,unknown__padj_celltype_BH,neural__pct_TLS,neuromesodermal.progenitors__pct_TLS,pluripotent__pct_TLS,somitic__pct_TLS,unknown__pct_TLS,neural__pct_neural_bias,neuromesodermal.progenitors__pct_neural_bias,pluripotent__pct_neural_bias,somitic__pct_neural_bias,unknown__pct_neural_bias,neural__detection_freq,neuromesodermal.progenitors__detection_freq,pluripotent__detection_freq,somitic__detection_freq,unknown__detection_freq
GSE250136,mast,celltype_single_cell,1110004F10Rik,0.48030760479404755,0.06157701281004613,0.22980839731109626,0.1385051983114325,-0.07533560500975423,0.008737190669360092,0.6030517340135626,0.7290809451283551,0.7500219772288532,0.896014501760734,0.015237455462015687,0.9832753433879675,0.9964021960522161,0.9883062072638981,0.9967258111793633,0.974912328028055,0.9759587864911277,0.966789667896679,0.9564761405348715,0.7769784172661871,0.9745493107104984,0.96875,0.9672897196261683,0.9596662030598053,0.8074866310160428,0.9747292418772563,0.9738882088943288,0.9670103092783505,0.9573495811119573,0.7944785276073619
GSE250136,mast,celltype_single_cell,1110038B12Rik,0.31019822965502675,0.06259676313834017,0.4575368212059727,0.04256744214566899,-0.10945547318752613,0.0015187683765402066,0.8621429943849125,0.09058672562377566,0.6369653274033671,0.7402925124711615,0.008240416740643706,0.9901382823531624,0.6727049015887341,0.9879344995215968,0.995500824812625,0.9050445103857567,0.8820835718374356,0.8892988929889298,0.8945988463555322,0.6187050359712231,0.9117179215270413,0.8821022727272727,0.9065420560747663,0.8873435326842837,0.6631016042780749,0.908410215269421,0.8820889432884537,0.8969072164948454,0.8926123381568926,0.6441717791411042
GSE250136,mast,celltype_single_cell,1810058I24Rik,0.21123718417452597,0.06416983789124231,0.0977045067942468,0.14238803504398057,-0.06734691277318383,0.029336820094055506,0.5932547544889369,0.74724094101110206,0.39546526665571974,0.9663532637215061,0.03673554891543021,0.9832753433879675,0.9964021960522161,0.9837481328310289,0.9967258111793633,0.8815753978958727,0.8734974241556954,0.8560885608856088,0.8484530676455165,0.5107913669064749,0.8804347826086957,0.8636363636363636,0.8738317757009346,0.8581363004172462,0.5240641711229946,0.8810001337077149,0.8706650346797226,0.8639175257731959,0.8511043412033511,0.5184049079754601
GSE250136,mast,celltype_single_cell,2410006H16Rik,0.5364380607926478,0.2898359184220327,2.3012139819265967,0.6546936298454744,-0.20275350166676542,0.03861251829031351,0.06266820896105546,3.588391980354597e-8,0.024686823411210423,0.9211494070868285,0.04592631005560966,0.9568423640428352,3.064486751222826e-5,0.9837481328310289,0.9967258111793633,0.9552198543296466,0.9147109330280481,0.977859778597786,0.9716832721552177,0.6834532374100719,0.9562566277836692,0.9431818181818182,0.9813084112149533,0.980528511821975,0.7005347593582888,0.9557427463564647,0.9228886168910648,0.979381443298969,0.9741051028179741,0.6932515337423313
GSE250136,mast,celltype_single_cell,2810004N23Rik,0.19732542715711165,0.14457905031420593,0.053080650352767655,0.14309942823241295,0.3576546407488106,0.026551771202766066,0.4365833587264593,0.8477538300509605,0.4589822861600992,0.20862558182837487,0.03404686577651985,0.9568423640428352,0.9989153187003222,0.9837481328310289,0.995500824812625,0.8956029134070677,0.8740698340011448,0.940959409594096,0.8300996329313057,0.5107913669064749,0.8870625662778366,0.8835227272727273,0.9485981308411215,0.8400556328233658,0.6042780748663101,0.8912956277577216,0.8767849857201142,0.9443298969072165,0.8328255902513328,0.5644171779141104
GSE250136,mast,celltype_single_cell,Abcf1,0.33140644806480113,0.04188777759997864,-0.11486897315074973,0.10866616703137133,-0.33442423605516636,8.81589327799714e-4,0.3320330368179641,0.8609279097553265,0.5940453886955072,0.5316052258521464,0.007156386446969428,0.9568423640428352,0.9989153187003222,0.9879344995215968,0.995500824812625,0.8910169948745617,0.8723526044647968,0.9372693726937269,0.8736234923964342,0.5827338129496403,0.8915694591728526,0.8508522727272727,0.9299065420560748,0.8734353268428373,0.5882352941176471,0.8912956277577216,0.8661770705834353,0.934020618556701,0.8735719725818736,0.5858895705521472
GSE250136,mast,celltype_single_cell,Acin1,0.3494862789208102,0.06663904803534448,0.21938015801717548,0.19717777898965405,-0.10361193739262697,0.008254984763666677,0.6748627494478587,0.5783499190155112,0.1647309292129579,0.25502387254473136,0.014804052370730576,0.9832753433879675,0.9500980645074812,0.9837481328310289,0.995500824812625,0.9209603452926896,0.9250143102461362,0.955719557195572,0.908232826428946,0.6187050359712231,0.9220572640509014,0.9161931818181818,0.9672897196261683,0.9290681502086231,0.5614973262032086,0.9215135713330659,0.9224806201550387,0.9608247422680413,0.913937547600914,0.5858895705521472
GSE250136,mast,celltype_single_cell,Acp1,0.3829006612853494,0.13577386254618817,-0.10306814404398867,0.07187619574746273,0.19467767765878552,0.0021491637640632458,0.5363596465270382,0.7070505248951264,0.86876557580441,0.6978790487818176,0.008912141277491582,0.9787417481497662,0.9882506518174107,0.9986810248541517,0.995500824812625,0.9328297814944699,0.9238694905552376,0.933579335793358,0.9160985841636078,0.6402877697841727,0.922322375397667,0.9303977272727273,0.9065420560747663,0.9207232267037552,0.6898395721925134,0.9275304185051477,0.9257445940432476,0.9216494845360824,0.9173648134044173,0.6687116564417178
GSE250136,mast,celltype_single_cell,Actb,NA,-37.660563373940626,NA,-37.660563373940626,NA,0.014668088739231424,0.7026221176039246,0.6766592888386933,0.9424416964385949,0.22531113903768424,0.021560323207063057,0.9832753433879675,0.9785166997544211,0.9986810248541517,0.995500824812625,1,1,1,1,0.9928057553956835,1,1,1,1,1,1,1,1,1,0.9969325153374233
GSE250136,mast,celltype_single_cell,Actg1,2.473493546314952,-0.30384468651037366,-17.966416325086346,0.5797600404906191,-0.819632453564278,0.005010235322235701,0.11732722019028716,0.02628352638574465,0.24131391490174395,0.6936568461759556,0.011903649924449772,0.9568423640428352,0.4580843170086924,0.9837481328310289,0.995500824812625,0.9973024008632317,0.996565540927304,1,0.9979024646040902,0.9496402877697842,0.9986744432661718,1,0.9953271028037384,1,0.9679144385026738,0.9979943842759728,0.9975520195838433,0.9979381443298969,0.9984767707539984,0.9601226993865031
GSE250136,mast,celltype_single_cell,Actl6a,0.2515424258516674,0.042610261530898086,0.07560162438412332,0.007707830043590214,-0.13547612473872173,7.852932172581862e-4,0.4578243092317346,0.9352652009872481,0.4450796290911713,0.8190820941771864,0.007156386446969428,0.9568423640428352,1,0.9837481328310289,0.995500824812625,0.8840032371189641,0.8500286204922725,0.948339483394834,0.8295752490823283,0.48201438848920863,0.8714209968186638,0.8664772727272727,0.9485981308411215,0.8122392211404729,0.5187165775401069,0.8776574408343362,0.8547531619747042,0.9484536082474226,0.8248286367098249,0.5030674846625767
GSE250136,mast,celltype_single_cell,Adh5,0.2824234499031717,0.15067823765089816,-0.08030131530120066,0.18980406765851976,0.0061736171123931705,0.009880075398156525,0.41229878771951173,0.9044351500356654,0.11605209398288686,0.9904547249760892,0.016479657011768893,0.9568423640428352,1,0.9837481328310289,0.9967258111793633,0.8902077151335311,0.8895248998282771,0.974169741697417,0.8605138961719979,0.5971223021582733,0.8862672322375398,0.8991477272727273,0.9719626168224299,0.8497913769123783,0.6096256684491979,0.8882203503142131,0.8922888616891065,0.9731958762886598,0.8575780654988576,0.6042944785276073
GSE250136,mast,celltype_single_cell,Aimp1,0.3414978787843448,0.11914376349262312,0.25372215621637606,0.21591837869899022,-0.08525418896754733,0.011136335161966488,0.5297624377827894,0.48189486758611916,0.2867183745968086,0.9703618161888753,0.018046357169486493,0.972800019388586,0.9355206543413022,0.9837481328310289,0.9967258111793633,0.951443215538171,0.9490555237550086,0.981549815498155,0.9501835343471421,0.6834532374100719,0.9514846235418876,0.9417613636363636,0.9906542056074766,0.9499304589707928,0.7005347593582888,0.9514640994785399,0.9469604243166054,0.9855670103092784,0.9501142421934501,0.6932515337423313
GSE250136,mast,celltype_single_cell,Akr1a1,0.1843047505108224,0.15661647813312563,-0.020756824848439326,0.14913394643887212,-0.12827813563500667,0.03757218118075252,0.42710309928451323,0.8428648012615509,0.47369349129470734,0.10037636624872394,0.04500823298932203,0.9568423640428352,0.9989153187003222,0.9837481328310289,0.995500824812625,0.898300512543836,0.8832283915283343,0.9040590405904059,0.9140010487676979,0.4748201438848921,0.8867974549310711,0.8892045454545454,0.883177570093458,0.9207232267037552,0.5935828877005348,0.892498997192138,0.8849449204406364,0.8948453608247423,0.9158415841584159,0.5429447852760736
GSE250136,mast,celltype_single_cell,Aldoa,0.7371898952546605,0.5905378325830579,1.7642483370647586,1.1446057813564003,-0.7322399105540871,0.06591177094477162,0.3365476794149818,0.06833198785381123,0.10144094461145878,0.570460034775963,0.07357993776056858,0.9568423640428352,0.6063201478430317,0.9837481328310289,0.995500824812625,0.9929862422444025,0.994848311390956,1,0.9958049292081804,0.8489208633093526,0.9888653234358431,0.9914772727272727,1,0.9958275382475661,0.8823529411764706,0.9909078753844097,0.9938800489596084,1,0.9958111195734958,0.8680981595092024
GSE250136,mast,celltype_single_cell,Alyref,0.668920067759526,0.07515339450704595,-0.31436717045252127,0.1452117493773919,-0.48139321590551276,0.0026051602485645062,0.8205745435403234,0.6196143101604484,0.7075731105126197,0.489635652365961,0.009328584011535645,0.9901382823531624,0.966440990871839,0.9879344995215968,0.995500824812625,0.9700566495818721,0.9639381797366915,0.9520295202952029,0.9396958573675931,0.762589928057554,0.9697773064687168,0.9588068181818182,0.9392523364485982,0.9471488178025035,0.7593582887700535,0.9699157641395909,0.9624643002855977,0.9463917525773196,0.9417364813404417,0.7607361963190185
GSE250136,mast,celltype_single_cell,Anapc13,0.1986616162507282,0.12214804410668867,-0.036687993640937666,0.1297200431810599,0.08243749736238071,0.013959773595010974,0.4057019414692612,0.5394325830885786,0.03980144531548235,0.9385126883945685,0.020805666056089654,0.9568423640428352,0.9355206543413022,0.9837481328310289,0.9967258111793633,0.8821149177232264,0.8746422438465942,0.9040590405904059,0.8515993707393812,0.5539568345323741,0.8761930010604454,0.8721590909090909,0.8691588785046729,0.827538247566064,0.5721925133689839,0.8791282256986228,0.8739290085679314,0.8886597938144329,0.845011424219345,0.5644171779141104
GSE250136,mast,celltype_single_cell,Anapc5,0.25506946311359724,0.10703968241997108,-0.0029390867628904527,0.10280812601599898,0.06298740871226416,4.437388749256286e-4,0.35486941482514556,0.6042177906493899,0.4517952514664594,0.43165590032077855,0.006933194569982071,0.9568423640428352,0.9636030410824716,0.9837481328310289,0.995500824812625,0.8030752630159158,0.7996565540927304,0.9114391143911439,0.8044048243314106,0.39568345323741005,0.8250265111346765,0.7897727272727273,0.8878504672897196,0.803894297635605,0.48128342245989303,0.814146276240139,0.7968176254589964,0.9010309278350516,0.8042650418888042,0.4447852760736196
GSE250136,mast,celltype_single_cell,Ankrd11,0.4337917025826119,0.018796038083646494,0.5126417061855983,0.2781407139117711,-0.37370011818009274,0.024887669393924512,0.9962900176401078,0.42224638559326616,0.13362151534996483,0.38206873452636675,0.032570617470571106,0.999854330950744,0.9252697612929077,0.9837481328310289,0.995500824812625,0.962503371998921,0.9696622781911849,0.981549815498155,0.9412690089145255,0.5683453237410072,0.9634146341463414,0.96875,0.9813084112149533,0.9304589707927677,0.5294117647058824,0.9629629629629629,0.9694002447980417,0.9814432989690721,0.9383092155369384,0.5460122699386503
GSE250136,mast,celltype_single_cell,Anp32a,0.8052631278069917,0.3518556947610758,-0.5189797221760317,0.32926452724941946,-0.8713739896919943,0.010311926451773252,0.4687259266536696,0.5621806100003268,0.496263471398692,0.329205561097286,0.01703362705960224,0.9568423640428352,0.9450466938251723,0.9837481328310289,0.995500824812625,0.9897491232802805,0.9896966227819118,0.996309963099631,0.9874147876245412,0.8992805755395683,0.9901908801696713,0.9914772727272727,0.9953271028037384,0.9916550764951322,0.9197860962566845,0.9899719213798637,0.9902080783353733,0.9958762886597938,0.9885757806549885,0.911042944785276
GSE250136,mast,celltype_single_cell,Anp32b,1.6729168051575378,0.3793055165454575,-0.4774498233597555,0.30738580699949125,-0.3421855900545836,0.006855090952248341,0.5795040113402941,0.8687584754879456,0.7492977571604984,0.7970414977824207,0.013404664019394321,0.9832753433879675,0.9989153187003222,0.9883062072638981,0.995500824812625,0.9994604801726463,0.9994275901545506,1,0.9989512323020451,0.9640287769784173,0.9997348886532343,1,1,0.9986091794158554,0.9786096256684492,0.9995988768551946,0.9995920032639739,1,0.9988575780654989,0.9723926380368099
GSE250136,mast,celltype_single_cell,Anp32e,0.7216014101326591,0.09497475238425057,-0.13880280756065844,0.18976979019659623,-0.46031594562783074,0.001467120983188732,0.8453133308399318,0.8720447392614509,0.7008648473377322,0.33147128505150353,0.008240416740643706,0.9901382823531624,0.9989153187003222,0.9879344995215968,0.995500824812625,0.9722147288912868,0.9702346880366343,0.9630996309963099,0.9580492920818039,0.8129496402877698,0.9703075291622482,0.9659090909090909,0.9485981308411215,0.9596662030598053,0.7807486631016043,0.9712528412889424,0.9689922480620154,0.9567010309278351,0.9584920030464585,0.7944785276073619
GSE250136,mast,celltype_single_cell,Apex1,0.23706883778186905,-0.10378002122870278,0.4701491012271619,0.03390229138277023,-0.38843581125667526,0.022065963108774064,0.6739687615889651,0.10316455597762707,0.9532489956787245,0.08577160979477091,0.029676114165185907,0.9832753433879675,0.6743716767311836,0.9986810248541517,0.995500824812625,0.8664688427299704,0.8872352604464797,0.915129151291513,0.875721027792344,0.6187050359712231,0.8571049840933191,0.8764204545454546,0.9345794392523364,0.8762169680111266,0.5401069518716578,0.861746222757053,0.88412892696858425,0.9237113402061856,0.8758568164508759,0.5736196319018405
GSE250136,mast,celltype_single_cell,Aprt,0.2900210949429529,0.14551724357101703,-0.4502469701211802,0.06523132412773824,0.11351812279561724,0.007476090374286494,0.5159226133636368,0.08127613683270472,0.8590644183022779,0.7896220744488277,0.014032046548660804,0.9704799819659599,0.6537065380770825,0.9986810248541517,0.995500824812625,0.9190720258969517,0.8998282770463651,0.940959409594096,0.8668065023597273,0.60431654676259,0.9122481442205727,0.90625,0.9392523364485982,0.8706536856745479,0.6524064171122995,0.9156304318759192,0.9016727866177071,0.9402061855670103,0.8678598629093679,0.6319018404907976
GSE250136,mast,celltype_single_cell,Arf1,0.32339037446202257,0.10064441350849718,-0.3864608611098803,0.07831290554549764,-0.16869815747047712,0.014956982756546932,0.2476436103789807,0.22235134844610913,0.727647307024689,0.8404914121087622,0.021872026154265548,0.9568423640428352,0.8100556513485475,0.9879344995215968,0.995500824812625,0.9169139465875371,0.9198626216370922,0.9704797047970479,0.9061352910330361,0.60431654676259,0.9148992576882291,0.9034090909090909,0.9672897196261683,0.9165507649513213,0.6042780748663101,0.9158978473057895,0.9151366789065688,0.9690721649484536,0.908987052551409,0.6042944785276073
GSE250136,mast,celltype_single_cell,Arf4,0.22988730825787806,-0.0419736951205385,-0.23894586162814857,0.18616219211442298,-0.21394178560417965,0.02544485777529967,0.7717286546425587,0.41642970513751865,0.06030415371520256,0.751424778280316,0.03310160577021451,0.9850299795379734,0.9206871144167472,0.9837481328310289,0.995500824812625,0.8823846776369032,0.8963938179736691,0.8819188191881919,0.8426848453067646,0.4892086330935252,0.8785790031813362,0.8963068181818182,0.8457943925233645,0.874826147426982,0.5080213903743316,0.8804653028479743,0.8963688290493677,0.865979381443299,0.8514851485148515,0.5
GSE250136,mast,celltype_single_cell,Arf5,0.32037873635617453,0.1381881682559527,0.1348424290293404,0.09766532732246613,-0.04217523657450872,2.789908992740707e-4,0.16623586928010933,0.6926936984418857,0.5868147372014842,0.6727784350491437,0.006421544580902452,0.9568423640428352,0.9871369574576384,0.9879344995215968,0.995500824812625,0.848125168599946,0.8597595878649112,0.8118081180811808,0.8405873099108547,0.5107913669064749,0.8525980911983033,0.8480113636363636,0.8037383177570093,0.8428372739916551,0.48663101604278075,0.8503810669875652,0.8563851489188087,0.8082474226804124,0.8412033511043412,0.49693251533742333
GSE250136,mast,celltype_single_cell,Arglu1,0.3585732611237411,0.06198653486301264,0.05236749629431792,0.17571606240913074,-0.7578090524213854,0.00852311669290431,0.38108161480796426,0.8522610140647481,0.1922169924383977,0.012036864679918925,0.015066774983860548,0.9568423640428352,0.9989153187003222,0.9837481328310289,0.6547036535613597,0.934178581062854,0.9227246708643388,0.9446494464944649,0.9323544834819087,0.6402877697841727,0.9406150583244963,0.9360795454545454,0.9299065420560748,0.9235048678720446,0.5454545454545454,0.937424789410349,0.9265605875152999,0.9381443298969072,0.9299314546839299,0.5858895705521472
GSE250136,mast,celltype_single_cell,Arhgdia,0.2985726823733428,0.18715651450588044,-0.20618702701384706,0.021671595047130676,0.1288636716156386,0.0029358899230430037,0.18601173958522346,0.557625117001632,0.5084787654815637,0.7408837243775999,0.009645931793863546,0.9568423640428352,0.9430943100093804,0.9837481328310289,0.995500824812625,0.8707850013487995,0.8391528334287349,0.8708487084870848,0.816465652857892,0.4676258992805755,0.8677094379639448,0.8579545454545454,0.8598130841121495,0.8011126564673157,0.5240641711229946,0.8692338547934216,0.8445532435740514,0.865979381443299,0.8122619954303123,0.5
GSE250136,mast,celltype_single_cell,Arl6ip1,0.1958195684171633,0.0326139819196678,-0.565291577734651,-0.3890400614228162,-1.0863209070394144,0.36963570483148683,0.9917071859471033,0.5663494148292243,0.3807284006651611,0.03187313016247334,0.3775943683326432,0.999854330950744,0.9450466938251723,0.9837481328310289,0.8653719484329542,0.8351766927434583,0.7916428162564396,0.948339483394834,0.7933927635028841,0.6906474820143885,0.8419936373276776,0.7869318181818182,0.9392523364485982,0.7844228094575799,0.5935828877005348,0.8386147880732718,0.7902896776825785,0.9443298969072165,0.7909367859862909,0.6349693251533742
GSE250136,mast,celltype_single_cell,Arpc2,0.3551468635771706,0.0859645550903414,-0.07334419684088367,0.18929934974678986,-0.15874183284467058,0.0031072879496830954,0.705268376032602,0.9114990082114849,0.32955738207328916,0.9099098163855798,0.009760419475235928,0.9832753433879675,1,0.9837481328310289,0.9967258111793633,0.946857297005665,0.9496279336004579,0.966789667896679,0.9171473518615627,0.6258992805755396,0.9366383881230117,0.9431818181818182,0.9672897196261683,0.9318497913769124,0.6363636363636364,0.9417034362882738,0.9477764177886577,0.9670103092783505,0.9211728865194212,0.6319018404907976
GSE250136,mast,celltype_single_cell,Arpp19,0.3539742471567786,-0.00422188074059493,0.08815701492746175,0.047892707590736716,-0.3821866254421753,0.005137707467917518,0.322862083950384,0.4065248358061471,0.9011160373573727,0.300721098192159,0.011918463976325192,0.9568423640428352,0.9206871144167472,0.9986810248541517,0.995500824812625,0.9282438629619638,0.9175729822552948,0.977859778597786,0.9003670686942842,0.6402877697841727,0.9247083775185578,0.8977272727272727,0.9906542056074766,0.9068150208623088,0.6042780748663101,0.9264607567856665,0.9118727050183598,0.9835051546391752,0.9021325209444021,0.6196319018404908
GSE250136,mast,celltype_single_cell,Atox1,0.29696298791110376,0.13696309921185623,-0.32450029906711686,0.1674981980574377,0.09340809637337077,4.133447712580535e-5,0.280961938221371,0.30272349418777267,0.26218429404312926,0.7930173381685331,0.00519821067832161,0.9568423640428352,0.8847001264161986,0.9837481328310289,0.995500824812625,0.913946587537092,0.8952489982827705,0.966789667896679,0.8956476140534871,0.6474820143884892,0.9032343584305408,0.9105113636363636,0.9439252336448598,0.8984700973574409,0.6417112299465241,0.9085439229843562,0.8996328029375765,0.9567010309278351,0.8964204112718964,0.6441717791411042
GSE250136,mast,celltype_single_cell,Atp2b1,0.08980703841472693,0.06981261836024188,-0.114053421697065,0.20199703728628915,0.16829314191658096,0.0020720583370698693,0.7650894244784645,0.6056512727088085,0.1421043357494487,0.8664772224473998,0.008849126187123925,0.9850299795379734,0.9636030410824716,0.9837481328310289,0.995500824812625,0.9438899379552198,0.9593589009730967,0.7269372693726938,0.7005768222338752,0.4460431654676259,0.9225874867444327,0.953125,0.7570093457943925,0.6689847009735744,0.44919786096256686,0.9331461425324241,0.9575683394532843,0.7402061855670103,0.6919268849961919,0.44785276073619634
GSE250136,mast,celltype_single_cell,Atp5a1,0.9056688073003585,0.14054379109412185,-0.1879723059581142,0.357394667480496,-0.7911055395954207,0.002459717788827215,0.7166624943595116,0.9496107972116309,0.30736825247738664,0.039045338640059456,0.009107477777931687,0.9832753433879675,1,0.9837481328310289,0.8653719484329542,0.9865120043161586,0.9856897538637664,1,0.9858416360776088,0.841726618705036,0.9883351007423118,0.9886363636363636,1,0.9916550764951322,0.7700534759358288,0.9874314747960957,0.9865361077111383,1,0.9874333587204874,0.8006134969325154
GSE250136,mast,celltype_single_cell,Atp5b,0.9610254254345705,0.062063395544281974,0.3340947282249207,0.46898266839408365,-0.5462358415174684,0.027881434426107334,0.49182261976858377,0.8560538272623075,0.3770312816344524,0.7316701853585841,0.03527517777762321,0.9672341034930508,0.9989153187003222,0.9837481328310289,0.995500824812625,0.9973024008632317,0.9977103606182026,1,0.989512323020451,0.8705035971223022,0.9968186638388123,0.9943181818181818,1,0.9930458970792768,0.8877005347593583,0.9970584302714267,0.9967360261117911,1,0.9904798172124905,0.8803680981595092
GSE250136,mast,celltype_single_cell,Atp5c1,0.5978985193830386,0.07641965076189372,0.26735976869745226,0.17981207145523648,0.3958142959261908,0.005629117549159095,0.8513841151669156,0.8770009304566029,0.6823405289374501,0.076553088690323,0.012584466981627926,0.9901382823531624,0.9989153187003222,0.9879344995215968,0.9589069094561428,0.9697868896681953,0.9610761305094447,1,0.9706345044572627,0.6474820143884892,0.9684517497348887,0.9573863636363636,1,0.972183588317107,0.7593582887700535,0.9691135178499799,0.960016319869441,1,0.9710586443259711,0.7116564417177914
GSE250136,mast,celltype_single_cell,Atp5d,0.576274045856243,0.16813798844447803,0.042962592689152146,0.08825366967902148,-0.3918195042464774,3.115607047609787e-4,0.12593061040317416,0.6743961711975665,0.7495092615238557,0.4880640520298683,0.006421544580902452,0.9568423640428352,0.9785166997544211,0.9883062072638981,0.995500824812625,0.9757216077690856,0.9650829994275901,0.996309963099631,0.9779758783429471,0.8201438848920863,0.9795864262990456,0.9786931818181818,0.9906542056074766,0.9763560500695411,0.8074866310160428,0.9776708116058297,0.9689922480620154,0.9938144329896907,0.9775323686214775,0.8128834355828221
GSE250136,mast,celltype_single_cell,Atp5e,0.7018638300802813,0.4021202565985176,-0.3361440354028442,0.11842116407160663,-0.4828450217195437,0.0013266522447598836,0.22761408695025673,0.952683658929385,0.46276050418061837,0.3790751292659765,0.00809257869303529,0.9568423640428352,1,0.9837481328310289,0.995500824812625,0.9940652818991098,0.9919862621637092,1,0.9905610907184059,0.9136690647482014,0.9954931071049841,0.9914772727272727,1,0.9958275382475661,0.893048128342246,0.9947853991175291,0.9918400652794778,1,0.992003046458492,0.901840490797546
GSE250136,mast,celltype_single_cell,Atp5f1,0.6775426842734911,0.15436542543222131,-0.040760118906127296,0.12005254708785795,-0.41681759994259426,0.0014914276959916359,0.78716020599016,0.9311502736085174,0.8072046476780488,0.6459991592176805,0.008240416740643706,0.9898524960283019,1,0.9986090403715784,0.995500824812625,0.9805772862152684,0.9816828849456211,0.988929889298893,0.9648662821185108,0.762589928057554,0.975609756097561,0.9829545454545454,0.9906542056074766,0.9638386648122392,0.786096256684492,0.9780719347506351,0.982048143614851,0.9896907216494846,0.9645849200304646,0.7760736196319018
GSE250136,mast,celltype_single_cell,Atp5g1,0.7486309235136739,0.02457834427758332,-0.5807981670661135,0.08813364833914505,-0.18253850002002814,0.0020397299436982767,0.995022967973992,0.37150617647262674,0.5365112178027828,0.8616608652555177,0.008849126187123925,0.999854330950744,0.9094028565069193,0.9879344995215968,0.995500824812625,0.9927164823307256,0.9931310818546079,1,0.9805977975878343,0.9064748201438849,0.98966065747614,0.9928977272727273,1,0.9763560500695411,0.9037433155080213,0.99117529081428,0.993064055487556,1,0.9794364051789795,0.9049079754601227
GSE250136,mast,celltype_single_cell,Atp5g2,1.3222450120082385,0.8097813702337628,1.2276240111242274,-12.062111421731652,-0.6878599869395909,0.009644594193654071,0.17554427604513437,0.22333990858904507,0.3513188294638602,0.7052302050152075,0.016182596682938283,0.9568423640428352,0.8100556513485475,0.9837481328310289,0.995500824812625,0.9989209603452927,0.9994275901545506,1,1,0.9496402877697842,0.999204665959703,1,1,1,0.9518716577540107,0.999064045995454,0.9995920032639739,1,1,0.950920245398773
GSE250136,mast,celltype_single_cell,Atp5g3,0.63987391665095,0.3127905727343001,-0.42374047166343765,0.22704392933614548,-0.4852828305754149,1.675823858648229e-4,0.21302915309656248,0.2880321816149363,0.3263795208156834,0.31165985242322103,0.006204622690599899,0.9568423640428352,0.8825175240592783,0.9837481328310289,0.995500824812625,0.9473968168330186,0.9593589009730967,0.985239852398524,0.9412690089145255,0.697841726618705,0.9512195121951219,0.9602272727272727,0.9626168224299065,0.9513212795549374,0.6684491978609626,0.9493247760395774,0.9596083231334149,0.9752577319587629,0.944021325209444,0.6809815950920245
GSE250136,mast,celltype_single_cell,Atp5h,0.8675189641523504,0.19629609112898816,-0.4507165796992343,0.2491642422505329,-0.19902418282592738,0.0030736374538800873,0.7025281935372852,0.2688788284344944,0.32239015677015675,0.5600430482886305,0.009760419475235928,0.9832753433879675,0.8797829805101655,0.9837481328310289,0.995500824812625,0.9967628810358781,0.9977103606182026,0.996309963099631,0.9921342422653382,0.9064748201438849,0.9952279957582184,0.9985795454545454,1,0.9972183588317107,0.9411764705882353,0.9959887685519454,0.9979600163198694,0.9979381443298969,0.9935262757044935,0.9263803680981595
GSE250136,mast,celltype_single_cell,Atp5j,0.5791874989003407,0.0038475553678063434,-0.39899008728041974,-7.332762422889161e-4,-0.21140956363100294,9.670930103696645e-4,0.999854330950744,0.48195431968216124,0.16566990281636176,0.846368613156078,0.0075770406500522336,0.999854330950744,0.9355206543413022,0.9837481328310289,0.995500824812625,0.9951443215538172,0.9931310818546079,0.988929889298893,0.9958049292081804,0.920863309352518,0.9912513255567338,0.9928977272727273,0.9906542056074766,0.9902642559109874,0.9197860962566845,0.9931809065383073,0.993064055487556,0.9896907216494846,0.9942878903274943,0.9202453987730062
GSE250136,mast,celltype_single_cell,Atp5j2,0.8100399232757685,0.17701132538492814,-8.503385879016749,0.006281896923418628,-0.19962221719272044,0.002511223395911445,0.44305328449740783,0.1801140998995957,0.8602521431563858,0.8165629624501248,0.00911377984966159,0.9568423640428352,0.7693061183527152,0.9986810248541517,0.995500824812625,0.9964931211222012,0.998282770463652,1,0.9968536969061353,0.9136690647482014,0.9978791092258749,0.9957386363636364,0.9953271028037384,0.9986091794158554,0.9358288770053476,0.9971921379863619,0.9975520195838433,0.9979381443298969,0.9973343488194973,0.9263803680981595
GSE250136,mast,celltype_single_cell,Atp5k,0.3091418236285737,-0.022445742451878026,-0.6298611830518714,0.05092229576285945,-0.21352693671138123,0.06118865721166685,0.9384325944400982,0.040710295744030865,0.9488631183989319,0.811527614591497,0.06912052018354958,0.9992785980696307,0.522621900946991,0.9986810248541517,0.995500824812625,0.9738332883733477,0.9793932455638237,0.974169741697417,0.967488201363398,0.8345323741007195,0.9729586426299046,0.9801136363636364,0.9392523364485982,0.9707927677329624,0.8342245989304813,0.9733921647279048,0.9796001631986944,0.9587628865979382,0.9683929931454683,0.8343558282208589
GSE250136,mast,celltype_single_cell,Atp5l,0.2907999383919826,0.0877621270701181,-0.07062743453201348,0.08474699980441613,0.09268587345322254,0.03364225092657221,0.5848678785705538,0.9766760326126461,0.4795428751143417,0.38654634440093283,0.04116114941445941,0.9832753433879675,1,0.9837481328310289,0.995500824812625,0.9476665767466954,0.9398969662278192,0.996309963099631,0.9507079181961196,0.7194244604316546,0.9528101802757158,0.9488636363636364,0.9953271028037384,0.9624478442280946,0.6737967914438503,0.9502607300441236,0.9424724602203183,0.9958762886597938,0.953922315308454,0.6932515337423313
GSE250136,mast,celltype_single_cell,Atp5md,0.436378751560337,0.03596727625641538,-0.18929765279396626,0.041397626281650446,-0.02953376308050437,0.01138716152161518,0.807280710813521,0.5592073740740677,0.90430844170515,0.763547524861071,0.018295724441986565,0.9901382823531624,0.9430943100093804,0.9986810248541517,0.995500824812625,0.9797680064742379,0.9828277046365197,0.985239852398524,0.9795490298898794,0.8345323741007195,0.9777306468716861,0.9857954545454546,0.9906542056074766,0.9791376912378303,0.8716577540106952,0.9787404733253109,0.9836801305589555,0.9876288659793815,0.9794364051789795,0.8558282208588958
GSE250136,mast,celltype_single_cell,Atp5mpl,0.49805650581320027,0.11530726051616114,-0.10007185897898907,0.22913534189166995,-0.10801700343609966,0.0038715318138347,0.8151953967555721,0.945643234817597,0.2787302229480862,0.9595816239350909,0.010804863297434096,0.9901382823531624,1,0.9837481328310289,0.9967258111793633,0.9784192069058538,0.9805380652547224,0.988929889298893,0.9769271106449922,0.7985611510791367,0.9795864262990456,0.9801136363636364,0.985981308411215,0.9847009735744089,0.8128342245989305,0.9790078887551812,0.9804161566707467,0.9876288659793815,0.9790555978674791,0.8067484662576687
GSE250136,mast,celltype_single_cell,Atp5o,0.48216428873546846,0.16352280030543742,-1.0121186235883637,0.4282067893322816,-0.3590232317997639,0.014449026895668259,0.3528007730861471,0.014497067680275718,0.035310903944545724,0.681950055503244,0.021348562229931995,0.9568423640428352,0.34670254902591957,0.9837481328310289,0.995500824812625,0.9762611275964391,0.9793932455638237,0.996309963099631,0.9732564237021499,0.7985611510791367,0.9697773064687168,0.9872159090909091,0.9906542056074766,0.9860917941585535,0.8021390374331551,0.9729910415830993,0.981640146878825,0.9938144329896907,0.9767707539984768,0.8006134969325154
GSE250136,mast,celltype_single_cell,Atp6v0c,0.27923161317395984,-0.06983427062259695,-0.6621192766473951,0.05384909118722225,0.19996134632634943,0.004679618246791346,0.17836049023179112,0.005036992719357164,0.16914382456323757,0.7923942765342633,0.011550271626473438,0.9568423640428352,0.23740692495964352,0.9837481328310289,0.995500824812625,0.8780685190180739,0.8838008013737836,0.966789667896679,0.8578919769271106,0.38848920863309355,0.8854718981972428,0.8551136363636364,0.9532710280373832,0.885952712100139,0.43315508021390375,0.8818023799973258,0.8755609955120359,0.9608247422680413,0.8655750190403656,0.41411042944785276
GSE250136,mast,celltype_single_cell,Atp6v1g1,0.5461117602136678,0.27795322832522373,0.4418363031109962,0.056361622988537974,-0.4354749904666031,0.0038418052447424253,0.3666280242451827,0.30071732962675646,0.9365355123737387,0.5261099604064463,0.01075705468527879,0.9568423640428352,0.8825175240592783,0.9986810248541517,0.995500824812625,0.9643916913946587,0.9490555237550086,0.9704797047970479,0.9166229680125852,0.7194244604316546,0.9626193001060446,0.9488636363636364,0.9813084112149533,0.9165507649513213,0.7112299465240641,0.9634977938227036,0.949000407996736,0.9752577319587629,0.9166031987814166,0.7147239263803681
GSE250136,mast,celltype_single_cell,Atpif1,0.6366878449650883,0.27235110510223137,-0.9194618910926708,0.21781315308986215,0.16639611188608505,0.025214908363297633,0.20683136864261553,0.13014265534500633,0.7504261536637798,0.6311076086621967,0.03292588951415318,0.9568423640428352,0.7034292890166798,0.9883062072638981,0.995500824812625,0.9954140814674939,0.9988551803091014,1,0.9979024646040902,0.935251798561151,0.9965535524920467,0.9957386363636364,1,0.9986091794158554,0.9197860962566845,0.9959887685519454,0.9979600163198694,1,0.9980959634424981,0.9263803680981595
GSE250136,mast,celltype_single_cell,Atrx,0.09872564523706018,-0.15978996900962805,0.11182101755450446,0.001285237941986761,-0.43625918487841453,0.4563317608552579,0.3749367826015634,0.9323305674169546,0.2554696302402496,0.5918348660129733,0.4633856406306662,0.9568423640428352,1,0.9837481328310289,0.995500824812625,0.8864310763420555,0.8941041785918717,0.988929889298893,0.8961719979024646,0.43884892086330934,0.8931601272534464,0.8963068181818182,0.9906542056074766,0.8776077885952712,0.47058823529411764,0.889824842893435,0.8947368421052632,0.9896907216494846,0.8910891089108911,0.4570552147239264
GSE250136,mast,celltype_single_cell,Atxn7l3b,0.3055275117012046,0.0117624126810556,0.05916007566211601,-0.16583949160394873,-0.3989368033081431,0.01691341163080086,0.4876121868587121,0.6366057093872616,0.3241743083762602,0.33362225177882476,0.024073422554506556,0.9659271527507931,0.966440990871839,0.9837481328310289,0.995500824812625,0.8931750741839762,0.8849456210646823,0.7859778597785978,0.8867330886208705,0.697841726618705,0.9000530222693531,0.9005681818181818,0.7523364485981309,0.8956884561891516,0.6577540106951871,0.8966439363551277,0.8894328845369237,0.7711340206185567,0.8891850723533892,0.6748466257668712
GSE250136,mast,celltype_single_cell,Aurkaip1,0.1965265269829206,-0.010268032837583263,0.12733802078539758,0.0703072369288591,-0.1971586771717544,0.013074154349378446,0.9777592421023954,0.1813346755018368,0.45794904505558504,0.43000006529430135,0.01986713134229394,0.999854330950744,0.7693061183527152,0.9837481328310289,0.995500824812625,0.8289722147288913,0.8105323411562679,0.940959409594096,0.7692711064499214,0.4244604316546763,0.8382820784729587,0.8053977272727273,0.9205607476635514,0.7913769123783032,0.48128342245989303,0.8336676026206712,0.8090575275397797,0.931958762886598,0.7753236862147753,0.4570552147239264
GSE250136,mast,celltype_single_cell,Auts2,0.18585094795784407,-0.030713022349732277,-0.08379683389244041,0.17112003509523488,-0.6044290012237445,0.029864505072704967,0.9119800978902722,0.9061589778435666,0.35030013202693233,0.07302703782633378,0.037232536251226335,0.9917690380429758,1,0.9837481328310289,0.9589069094561428,0.8233072565416779,0.886090440755581,0.7527675276752768,0.8694284216046145,0.38848920863309355,0.8404029692470838,0.8778409090909091,0.7523364485981309,0.8720445062586927,0.3155080213903743,0.8319294023265142,0.8837209302325582,0.7525773195876289,0.8701447067783702,0.34662576687116564
GSE250136,mast,celltype_single_cell,Banf1,0.38631752690574395,-0.06725579336134402,-0.24504855106211298,0.11854156346210498,-0.5424641933503933,0.040123570012785825,0.3496395667265127,0.45077189279409785,0.7721237852950497,0.25805895899204845,0.047459181150857475,0.9568423640428352,0.9338764996524848,0.9955254664505058,0.995500824812625,0.9714054491502563,0.9725243274184316,0.985239852398524,0.9423177766124803,0.7985611510791367,0.9724284199363733,0.9588068181818182,0.9906542056074766,0.9415855354659249,0.7700534759358288,0.9719213798636182,0.9685842513259894,0.9876288659793815,0.9421172886519421,0.7822085889570553
GSE250136,mast,celltype_single_cell,Bax,0.24735303525128982,0.03766632576500095,0.47508412495212404,-0.10507038257065471,-0.10295314155571855,0.009503131588617748,0.3084655245928582,0.01657733916318955,0.5580535723234131,0.8157486613227766,0.01611089408399824,0.9568423640428352,0.3539261911340969,0.9879344995215968,0.995500824812625,0.8648502832479094,0.8574699484831139,0.992619926199262,0.8772941793392763,0.5611510791366906,0.8608165429480382,0.8778409090909091,0.9906542056074766,0.866481223922114,0.5508021390374331,0.8628158844765343,0.8633210934312525,0.9917525773195877,0.8743335872048743,0.5552147239263804
GSE250136,mast,celltype_single_cell,Bcas2,0.39795012768632043,0.18639899233503598,-2.9550826486294057,0.1453681727142957,-0.31511294426540193,0.0022110717302610133,0.4125284832766259,0.1895955343491145,0.5653994772490162,0.6133039930561407,0.008941434598068107,0.9568423640428352,0.7693061183527152,0.9879344995215968,0.995500824812625,0.9204208254653359,0.8975386376645679,1,0.8893550078657577,0.5467625899280576,0.9215270413573701,0.8991477272727273,0.9906542056074766,0.8970792767732962,0.5454545454545454,0.9209787404733253,0.898000815993472,0.9958762886597938,0.8914699162223915,0.5460122699386503
GSE250136,mast,celltype_single_cell,Bclaf1,0.5584105101443342,-0.42013568792102074,-0.009383359776057532,0.10225343989921054,-0.40597472944320856,0.002794112004531125,0.10710671998392395,0.9993333362998686,0.7760758432899678,0.63292949263646,0.009517440360535066,0.9568423640428352,1,0.9955254664505058,0.995500824812625,0.9587267332074454,0.9622209502003435,0.988929889298893,0.934976402726796,0.5683453237410072,0.961558854718982,0.953125,0.985981308411215,0.9429763560500696,0.6096256684491979,0.9601551009493248,0.9596083231334149,0.9876288659793815,0.9371667936024372,0.5920245398773006
GSE250136,mast,celltype_single_cell,Bex1,0.4345302848712489,0.1608180927588121,0.0757786232163431,0.13798700065606173,0.15097887653721642,0.012395177073507964,0.5123446998951369,0.9643139771870374,0.7088864471275508,0.7766378094699945,0.01930626565784588,0.9704799819659599,1,0.9879344995215968,0.995500824812625,0.9417318586458052,0.9353176874642244,0.977859778597786,0.7713686418458311,0.6187050359712231,0.943796394485684,0.9446022727272727,0.9766355140186916,0.780250347705146,0.6684491978609626,0.942773098007755,0.937984496124031,0.977319587628866,0.7738004569687738,0.647239263803681
GSE250136,mast,celltype_single_cell,Bex2,0.2524952012494124,0.0873527587648204,-0.13376314784094445,0.1099333568937606,-0.29385696697001684,0.020821221708584543,0.6511480229626563,0.4800089237839788,0.5864940739857106,0.5505713835357725,0.028495710479376924,0.9832753433879675,0.9355206543413022,0.9879344995215968,0.995500824812625,0.863771243593202,0.8357183743560389,0.6605166051660517,0.6811746198217095,0.5107913669064749,0.8581654294803818,0.84375,0.602803738317757,0.6912378303198887,0.5026737967914439,0.8609439764674421,0.8380252957976336,0.6350515463917525,0.683929931454684,0.5061349693251533
GSE250136,mast,celltype_single_cell,Bex3,0.4469857203512575,0.24797431944742687,0.09010220051779605,0.3696697079632072,-0.06883927779926413,0.036012509120604067,0.2393045182578414,0.805074077380875,0.32571610971534753,0.9626188516159165,0.04360011670062456,0.9568423640428352,0.9980931199189546,0.9837481328310289,0.9967258111793633,0.9835446452657135,0.9862621637092158,0.985239852398524,0.9737808075511274,0.7841726618705036,0.9798515376458112,0.9928977272727273,0.9766355140186916,0.9749652294853964,0.8074866310160428,0.9816820430538842,0.9881680946552428,0.9814432989690721,0.9741051028179741,0.7975460122699386
GSE250136,mast,celltype_single_cell,Bex4,0.2644388132840545,0.022492744951257304,-0.2278360996121851,0.00138831285790042,-0.43164685785678536,0.013430056052678338,0.25257215460500243,0.5902638128162844,0.3726725394393284,0.387176049501336,0.020285207909836827,0.9568423640428352,0.9547070002748236,0.9837481328310289,0.995500824812625,0.8864310763420555,0.8746422438465942,0.9261992619926199,0.724698479286838,0.5251798561151079,0.8748674443266172,0.8508522727272727,0.9158878504672897,0.6954102920723226,0.5294117647058824,0.8805990105629095,0.8678090575275398,0.9216494845360824,0.7166793602437167,0.5276073619631901
GSE250136,mast,celltype_single_cell,Birc5,0.3803048101282709,0.20779808469187566,-0.3117674557555419,0.04439818821651498,-0.24730122606585425,2.0410120391347813e-4,0.16629798647992503,0.2500455781767282,0.46606733372515274,0.7283359867389857,0.006204622690599899,0.9568423640428352,0.8541556950517034,0.9837481328310289,0.995500824812625,0.8834637172916104,0.7830566685746995,0.8892988929889298,0.8253801782905087,0.6115107913669064,0.8878579003181336,0.7627840909090909,0.8925233644859814,0.8414464534075105,0.6256684491978609,0.8856799037304453,0.7772337821297429,0.8907216494845361,0.8297791317593298,0.6196319018404908
GSE250136,mast,celltype_single_cell,Blmh,0.22132800778524953,0.1610065660889517,0.02875041047811555,0.0582645390642087,-0.24289635705189494,0.0034424142831823517,0.29376190784802675,0.4241477272641339,0.8538441214188054,0.5640417135031377,0.010243281525566998,0.9568423640428352,0.9252697612929077,0.9986810248541517,0.995500824812625,0.83247909360669,0.8162564396107613,0.8523985239852399,0.767697954902989,0.4748201438848921,0.8197242841993637,0.8295454545454546,0.883177570093458,0.7732962447844228,0.45989304812834225,0.8260462628693676,0.8200734394124847,0.865979381443299,0.7692307692307693,0.4662576687116564
GSE250136,mast,celltype_single_cell,Bnip3l,0.26395221414728587,0.31436431121202535,0.40601082278206313,0.23377132190958338,-0.23201758045886045,0.18674872323707986,0.08964582468449174,0.34783760185890616,0.42782819459189925,0.23567869445672487,0.19331322381147417,0.9568423640428352,0.9094028565069193,0.9837481328310289,0.995500824812625,0.90747234960884815,0.9089868345735547,0.922509225092251,0.9391714735186156,0.5899280575539568,0.911983032873807,0.9261363636363636,0.9392523364485982,0.9401947148817803,0.5294117647058824,0.9097472924187726,0.9139126886984904,0.9298969072164949,0.9394516374714394,0.5552147239263804
GSE250136,mast,celltype_single_cell,Bola2,0.35522132626099223,0.27488504739908715,-0.07561952319338117,0.18543553597097384,0.002725795740940118,1.3393419672867526e-4,0.038753468431764776,0.8484440809696323,0.13148441716272147,0.2862858795015703,0.0060199896845415084,0.9568423640428352,0.9989153187003222,0.9837481328310289,0.995500824812625,0.9231184246021041,0.9118488838008014,0.985239852398524,0.8657577346617724,0.5755395683453237,0.9326617179215271,0.9090909090909091,0.9766355140186916,0.8887343532684284,0.6684491978609626,0.9279315416499532,0.9110567115463076,0.9814432989690721,0.872048743335872,0.6288343558282209
GSE250136,mast,celltype_single_cell,Bptf,0.24704381358263694,0.07232738537363748,0.2228917062776703,0.159520270281587,-0.8270720104709346,0.023614753327660713,0.24936327137442071,0.5845486678171656,0.40082919232849656,0.09062853502547408,0.03126666564623604,0.9568423640428352,0.9500980645074812,0.9837481328310289,0.995500824812625,0.8416509306717022,0.8391528334287349,0.9446494464944649,0.8290508652333508,0.302158273381295,0.8475609756097561,0.8622159090909091,0.9439252336448598,0.8428372739916551,0.2727272727272727,0.8446316352453537,0.8457772337821298,0.9443298969072165,0.8328255902513328,0.2852760736196319
GSE250136,mast,celltype_single_cell,Brd3,0.273080322365463,0.14890300115459087,0.15836380720837573,0.0012083131639912814,-0.6948853612132782,0.006675171651002012,0.26838584434660473,0.7425602040743112,0.19760820532306336,0.04729131709588304,0.013381682136046286,0.9568423640428352,0.9964021960522161,0.9837481328310289,0.9178814727246389,0.8715942810898301,0.8523182598740698,0.8560885608856088,0.86418458311484,0.3381294964028777,0.8714209968186638,0.8707386363636364,0.8644859813084113,0.8414464534075105,0.41711229946524064,0.8715068859473192,0.857609139126887,0.8597938144329897,0.857958872810358,0.3834355828220859
GSE250136,mast,celltype_single_cell,Bri3,0.5083099290038477,0.11307015642750695,0.10018716307587594,0.15591985960854382,-0.17945498587606412,2.4576681821300763e-5,0.5775867047162271,0.7916633959080007,0.1903193095970927,0.2632522023469685,0.00519821067832161,0.9832753433879675,0.9977448358812655,0.9837481328310289,0.995500824812625,0.9115187483140006,0.882655981682885,0.948339483394834,0.9019402202412166,0.5827338129496403,0.9233828207847296,0.8920454545454546,0.9579439252336449,0.9235048678720446,0.6684491978609626,0.9175023398850114,0.8853529171766625,0.9525773195876288,0.9078446306169079,0.6319018404907976
GSE250136,mast,celltype_single_cell,Brk1,0.16630088142908317,0.16944014796303275,-0.019776347713167386,0.045506834839566856,-0.058537456363632945,0.0021626341904368135,0.2865482333430194,0.7938199752901907,0.6096283780562752,0.9113886532853573,0.008912141277491582,0.9568423640428352,0.9977448358812655,0.9879344995215968,0.9967258111793633,0.869975721607769,0.8523182598740698,0.8966789667896679,0.843209229155742,0.5467625899280576,0.8504772004241782,0.8607954545454546,0.8738317757009346,0.8595271210013908,0.5454545454545454,0.8601417301778312,0.8547531619747042,0.8865979381443299,0.8476770753998477,0.5460122699386503
GSE250136,mast,celltype_single_cell,Bsg,0.23568305883172913,0.18812317853223526,0.3841879403417878,0.5059814940304537,-0.04182866877045255,0.06768735512040508,0.43400857289943817,0.04354472312213181,0.03827948320881946,0.5155752617018448,0.07546344813684848,0.9568423640428352,0.5286593506879735,0.9837481328310289,0.995500824812625,0.9333693013218236,0.9336004579278764,0.996309963099631,0.9632931305715784,0.5323741007194245,0.9191410392364793,0.9247159090909091,0.9906542056074766,0.9735744089012517,0.49732620320855614,0.9261933413557962,0.9310485516115871,0.9938144329896907,0.9661081492764662,0.5122699386503068
GSE250136,mast,celltype_single_cell,Btf3,1.788920240660076,-14.205128895660263,-1.3019974293291785,0.7231702329060976,-1.0993731326580711,0.003733099101126042,0.24578226356063823,0.33475827249250123,0.36187155449966524,0.5505362543522236,0.0106268887745388,0.9568423640428352,0.900870965141245,0.9837481328310289,0.995500824812625,0.9989209603452927,1,1,0.9994756161510225,0.9640287769784173,0.999204665959703,0.9985795454545454,1,1,0.9679144385026738,0.999064045995454,0.9995920032639739,1,0.9996191926884996,0.9662576687116564
GSE250136,mast,celltype_single_cell,Bzw1,0.5621801114826832,-0.04005483861958048,-0.31487738012223065,-0.057694700225138895,-0.16982880733905503,0.018636133862153282,0.16390899182318086,0.7048686379737187,0.9599952515119186,0.9484591210903429,0.026047885954629955,0.9568423640428352,0.9882506518174107,0.9986810248541517,0.9967258111793633,0.9873212840571891,0.9902690326273612,0.992619926199262,0.9701101206082853,0.8345323741007195,0.9843584305408272,0.9801136363636364,0.985981308411215,0.9735744089012517,0.8449197860962567,0.9858269822168739,0.9873521011831905,0.9896907216494846,0.9710586443259711,0.8404907975460123
GSE250136,mast,celltype_single_cell,Bzw2,0.5729717976138282,0.1361454878027999,0.007549844540749362,0.2086332053258717,-0.5100803264359728,0.0022095016081883053,0.4235254892900484,0.11534819202770231,0.3963148203499162,0.3365150880916359,0.008941434598068107,0.9568423640428352,0.6873321397698187,0.9837481328310289,0.995500824812625,0.9657404909630429,0.9570692615912993,0.8450184501845018,0.9732564237021499,0.6906474820143885,0.9642099681866384,0.9659090909090909,0.897196261682243,0.9819193324061196,0.6631016042780749,0.9649685786869903,0.9596083231334149,0.8680412371134021,0.9756283320639756,0.6748466257668712
GSE250136,mast,celltype_single_cell,C1qbp,0.4518783158557973,-0.020123903808597632,-4.515187173344999,-0.1410604833774176,-0.33396502482604884,0.022159296648651843,0.9626287563117006,0.9999999795481929,0.7507374220904274,0.5915899886904235,0.029708068034456313,0.999854330950744,1,0.9883062072638981,0.995500824812625,0.9603452926895063,0.95649685174585,1,0.9140010487676979,0.6906474820143885,0.9631495227995758,0.9573863636363636,1,0.9179415855354659,0.6737967914438503,0.9617595935285466,0.9567523459812322,1,0.915079969535415,0.6809815950920245
GSE250136,mast,celltype_single_cell,Cacybp,0.4075026032889886,-0.2526038785726197,-1.015505866276631,0.17764564071323719,-0.17304109101237142,0.009248955995452755,0.3381898917472864,0.009665807813123102,0.05224046844274419,0.7580750271286729,0.01586065947814589,0.9568423640428352,0.30572592120026404,0.9837481328310289,0.995500824812625,0.9611545724305368,0.9593589009730967,0.992619926199262,0.9318300996329313,0.7050359712230215,0.9583775185577943,0.9588068181818182,0.9672897196261683,0.9123783031988874,0.6951871657754011,0.9597539778045193,0.9592003263973888,0.9814432989690721,0.9265041888804265,0.6993865030674846
GSE250136,mast,celltype_single_cell,Calm1,0.9346482156934197,-0.033719604453592567,-0.9348076833024255,0.04976250585833064,-0.06005734449647804,0.01193292808810083,0.9707510390266684,0.07292450836973118,0.9866943923201732,0.9628561630451072,0.01876744122879946,0.999854330950744,0.6183222495061834,0.9986810248541517,0.9967258111793633,0.9935257620717561,0.996565540927304,0.996309963099631,0.9805977975878343,0.8920863309352518,0.9933722163308589,0.9957386363636364,0.9766355140186916,0.9847009735744089,0.9090909090909091,0.9934483219681776,0.996328029375765,0.9876288659793815,0.9817212490479817,0.901840490797546
GSE250136,mast,celltype_single_cell,Calm2,0.9320086441968805,0.21243116772204296,-9.21550891500255,0.14119313971375114,-0.8921734800590873,0.005220889955831328,0.3307063395386647,0.13128737270438887,0.3391057382209042,0.07095545475899995,0.011985591457741814,0.9568423640428352,0.7051535615694848,0.9837481328310289,0.9589069094561428,0.9929862422444025,0.9891242129364625,1,0.9868904037755637,0.9496402877697842,0.9899257688229056,0.9943181818181818,0.9953271028037384,0.9944367176634215,0.9037433155080213,0.9914427062441503,0.9906160750713995,0.9979381443298969,0.988956587966489,0.9233128834355828
GSE250136,mast,celltype_single_cell,Calm3,0.27889946054306347,0.14398020147981172,-0.18941042536568964,0.055822054625640716,-0.19332466944153492,4.5992867746788574e-4,0.16803856945981696,0.19638359128722915,0.7163563275634524,0.2559447515230733,0.006933194569982071,0.9568423640428352,0.7693061183527152,0.9879344995215968,0.995500824812625,0.8338278931750742,0.8299942759015455,0.948339483394834,0.8201363398007341,0.5107913669064749,0.8430540827147401,0.8181818181818182,0.9532710280373832,0.8317107093184979,0.44919786096256686,0.8384810803583367,0.8266013871889025,0.9505154639175257,0.8233054074638233,0.4754601226993865
GSE250136,mast,celltype_single_cell,Calr,0.4583813431995569,-0.23934666004162342,-1.4323449524397143,0.16420490392912512,-0.8649223205287146,0.025546029880895913,0.40653621023130504,0.021069915470041653,0.4373978083355802,0.2586103811418607,0.033105173775849935,0.9568423640428352,0.4089479048048994,0.9837481328310289,0.995500824812625,0.9587267332074454,0.9730967372638809,0.996309963099631,0.9475616151022549,0.6402877697841727,0.9631495227995758,0.9644886363636364,0.9719626168224299,0.9401947148817803,0.6363636363636364,0.9609573472389357,0.9706242350061199,0.9855670103092784,0.9455445544554455,0.6380368098159509
GSE250136,mast,celltype_single_cell,Canx,0.36080940539727946,0.1314934860379271,0.06343037399010054,-0.0054586557113682765,-0.3456898410138951,5.803802202692569e-4,0.3077010348900901,0.19674210267423997,0.3845784353712634,0.5403193701153419,0.006933194569982071,0.9568423640428352,0.7693061183527152,0.9837481328310289,0.995500824812625,0.898300512543836,0.9009730967372639,0.9520295202952029,0.9029889879391715,0.4316546762589928,0.9072110286320254,0.8877840909090909,0.9766355140186916,0.8873435326842837,0.48128342245989303,0.9027944912421447,0.8971848225214198,0.9628865979381444,0.8987052551408987,0.4601226993865031
GSE250136,mast,celltype_single_cell,Caprin1,0.3883787196000985,-0.005250080926745504,0.1307121427864737,0.14625869558341398,0.0828537423648803,2.67063995252993e-5,0.8052860185564303,0.3736058988865361,0.5585905601214884,0.9153526777615126,0.00519821067832161,0.9901382823531624,0.9094028565069193,0.9879344995215968,0.9967258111793633,0.9063933099541408,0.9066971951917573,0.940959409594096,0.8736234923964342,0.60431654676259,0.9286850477200425,0.9119318181818182,0.9626168224299065,0.8817802503477051,0.6417112299465241,0.9176360475999465,0.9082007343941249,0.9505154639175257,0.8758568164508759,0.6257668711656442
GSE250136,mast,celltype_single_cell,Capzb,0.2494005603892031,0.046920097520140924,0.12334529137423766,-7.301986161025731e-4,-0.145733595717918,0.00826877398224647,0.7434459258862764,0.698989581202883,0.8671251976390061,0.8757815291578769,0.014804052370730576,0.9832753433879675,0.9882506518174107,0.9986810248541517,0.995500824812625,0.8179120582681414,0.8311390955924441,0.9188191881918819,0.8636601992658626,0.38848920863309355,0.8237009544008483,0.8181818181818182,0.9345794392523364,0.8706536856745479,0.40641711229946526,0.8208316619868966,0.8274173806609547,0.9257731958762887,0.8655750190403656,0.3987730061349693
GSE250136,mast,celltype_single_cell,Cbx1,0.5925384325742185,0.08552506565226992,-0.7086181151682336,0.12276155840465819,-0.6381754068739687,0.008401270870157362,0.81569819533305,0.10939757671623,0.8645175936082997,0.25607393281854346,0.014947261089821638,0.9901382823531624,0.6743716767311836,0.9986810248541517,0.995500824812625,0.9819260857836526,0.9874069834001145,0.992619926199262,0.9774514944939696,0.8848920863309353,0.9809119830328739,0.984375,0.9719626168224299,0.980528511821975,0.8609625668449198,0.9814146276240139,0.9865361077111383,0.9835051546391752,0.9782939832444782,0.8711656441717791
GSE250136,mast,celltype_single_cell,Cbx3,0.6984532677415762,0.18427693502176545,0.12153614999399398,0.5220494648289913,-0.6380063658012283,0.00949554883280717,0.4703737156370654,0.9360043292788289,0.1212701889083356,0.4098810710051594,0.01611089408399824,0.9568423640428352,1,0.9837481328310289,0.995500824812625,0.982735365524683,0.9834001144819691,0.977859778597786,0.9758783429470372,0.8129496402877698,0.9827677624602333,0.9772727272727273,0.9719626168224299,0.9819193324061196,0.8021390374331551,0.9827517047733654,0.981640146878825,0.9752577319587629,0.9775323686214775,0.8067484662576687
GSE250136,mast,celltype_single_cell,Cbx5,0.5251374794416579,0.09007272953539669,0.05839153850395373,0.34741522653792245,-0.5674729539554724,0.004593731510750292,0.2975079843424661,0.20867824165597473,0.2212673464662679,0.36642213495220644,0.011526985429223802,0.9568423640428352,0.7885452140451434,0.9837481328310289,0.995500824812625,0.9654707310493661,0.9542072123640527,0.9298892988929889,0.9486103828002097,0.7913669064748201,0.9700424178154825,0.9659090909090909,0.8785046728971962,0.9485396383866481,0.7700534759358288,0.9677764407006284,0.9575683394532843,0.9072164948453608,0.9485910129474486,0.7791411042944786
GSE250136,mast,celltype_single_cell,Ccdc34,0.4588572314059469,-0.053955379008076676,0.3912259423781457,0.15348767390056395,0.14914018060371248,0.00336390764514406,0.5815845832851343,0.3604070689204535,0.39649272068550673,0.37700990221700825,0.010110378759632893,0.9832753433879675,0.9094028565069193,0.9837481328310289,0.995500824812625,0.9649312112220124,0.9479107040641099,0.9188191881918819,0.9271106449921342,0.6546762589928058,0.9607635206786851,0.9360795454545454,0.9299065420560748,0.9193324061196105,0.732620320855615,0.9628292552480278,0.9445124439004488,0.9237113402061856,0.924980959634425,0.6993865030674846
GSE250136,mast,celltype_single_cell,Ccnd1,0.2536997946540094,-0.7882707318200213,-0.5766769774975375,-0.45389896187095546,-0.5838106507822323,0.3428486934617361,0.03468600491911386,0.19711083613912248,0.22744910731697265,0.4978982900161375,0.3510704846718497,0.9568423640428352,0.7693061183527152,0.9837481328310289,0.995500824812625,0.913946587537092,0.9748139668002289,0.7970479704797048,0.7089669638175145,0.539568345323741,0.8730116648992576,0.96875,0.7383177570093458,0.6912378303198887,0.5828877005347594,0.8933012434817489,0.9730722154222766,0.7711340206185567,0.7041127189642041,0.5644171779141104
GSE250136,mast,celltype_single_cell,Ccnd2,3.8497166370482994,3.775365080327038,0.8594394669754415,1.7341312548060834,0.013141063055247315,0.004404321895421436,0.017861026451071745,0.4957889606225718,0.1300737419293845,0.603390123695907,0.011458839612597436,0.9568423640428352,0.9355206543413022,0.9837481328310289,0.995500824812625,0.9954140814674939,0.9925586720091586,0.6789667896678967,0.9108547456738333,0.935251798561151,0.996288441145281,0.9928977272727273,0.7242990654205608,0.9346314325452016,0.9625668449197861,0.9958550608370103,0.99265605875153,0.6989690721649484,0.9173648134044173,0.950920245398773
GSE250136,mast,celltype_single_cell,Cct2,0.7174256471333207,-0.12678608582335027,0.11845940043118652,0.2659410322732878,-0.08949074683500413,0.01134889745064483,0.6316160879169135,0.9664861811013052,0.6337745648752813,0.4953063337647833,0.01828671400537865,0.9832753433879675,1,0.9879344995215968,0.995500824812625,0.9886700836255733,0.9925586720091586,1,0.983744100681699,0.7913669064748201,0.9872746553552492,0.9886363636363636,1,0.9847009735744089,0.8502673796791443,0.9879663056558363,0.9914320685434517,1,0.984006092916984,0.8251533742331288
GSE250136,mast,celltype_single_cell,Cct3,0.7659690879978349,0.06869071470385713,-0.1483677844269451,0.11889907506581032,-0.06806778823171822,0.002823980705144839,0.8783844582219335,0.8503217505647049,0.3860043372983054,0.9827994418873174,0.009517440360535066,0.9901382823531624,0.9989153187003222,0.9837481328310289,0.9967258111793633,0.9824656056110062,0.9805380652547224,1,0.9596224436287363,0.7769784172661871,0.9827677624602333,0.9772727272727273,1,0.9513212795549374,0.786096256684492,0.9826179970584302,0.9796001631986944,1,0.9573495811119573,0.7822085889570553
GSE250136,mast,celltype_single_cell,Cct4,0.3758422760190987,0.021661726238561663,0.3537332900553469,0.30882275914677226,-0.11821122796982131,0.028847780922812677,0.8212584414236512,0.4797312669553771,0.2937702522266967,0.8927697841214053,0.03622941898247357,0.9901382823531624,0.9355206543413022,0.9837481328310289,0.996634504104157,0.9660102508767198,0.9633657698912421,0.988929889298893,0.9402202412165706,0.6906474820143885,0.9597030752916225,0.9588068181818182,0.985981308411215,0.9457579972183588,0.7219251336898396,0.9628292552480278,0.9620563035495716,0.9876288659793815,0.9417364813404417,0.7085889570552147
GSE250136,mast,celltype_single_cell,Cct5,0.8650366897020847,0.33985986037189875,-0.28329094105223884,0.31170309918688677,0.18166338442706742,0.0014304821530025786,0.3231119037425035,0.7653491294657674,0.5106579320416251,0.8807884493884155,0.008240416740643706,0.9568423640428352,0.9964021960522161,0.9837481328310289,0.996634504104157,0.9897491232802805,0.9891242129364625,1,0.9816465652857892,0.8057553956834532,0.9864793213149523,0.984375,1,0.9860917941585535,0.8342245989304813,0.9881000133707715,0.9877600979192166,1,0.9828636709824828,0.8220858895705522
GSE250136,mast,celltype_single_cell,Cct6a,0.5668386639537824,-0.10204974517110976,-6.925081335403482,0.024510248848310212,-0.33620115264538963,0.018620397625448277,0.826309116533899,0.15056595856450192,0.6561404033637298,0.3061995712640463,0.026047885954629955,0.9901382823531624,0.7510143057753815,0.9879344995215968,0.995500824812625,0.9848934448340977,0.9925586720091586,1,0.9706345044572627,0.8776978417266187,0.9880699893955461,0.9900568181818182,0.9953271028037384,0.9666203059805285,0.839572192513369,0.9864955207915497,0.9918400652794778,0.9979381443298969,0.9695354150799695,0.8558282208588958
GSE250136,mast,celltype_single_cell,Cct7,0.5630204275594961,0.07974095636412137,-4.667541476317306,0.1958516567525077,-0.08873713514613257,0.012765814512999131,0.737946557068053,0.07048974005641875,0.4606160809832999,0.018211998604396488,0.01967871045866653,0.9832753433879675,0.6142677347773634,0.9837481328310289,0.6772661831326825,0.97194496897761,0.9650829994275901,1,0.9402202412165706,0.6187050359712231,0.9644750795334041,0.96875,0.9953271028037384,0.9499304589707928,0.7700534759358288,0.9681775638454339,0.9661362709098327,0.9979381443298969,0.9428789032749428,0.7055214723926381
GSE250136,mast,celltype_single_cell,Cct8,0.5562877402610287,-0.07110927675144652,-4.970679733334889,0.017552933545690763,-0.14749162902859503,0.0028292869041407634,0.39609296033709096,0.1950013989869263,0.7425796412294529,0.4410940990514251,0.009517440360535066,0.9568423640428352,0.7693061183527152,0.9883062072638981,0.995500824812625,0.968707850013488,0.976531196336577,1,0.9428421604614577,0.7553956834532374,0.9745493107104984,0.9659090909090909,0.9906542056074766,0.952712100139082,0.7165775401069518,0.9716539644337479,0.9734802121583027,0.9958762886597938,0.9455445544554455,0.7331288343558282
GSE250136,mast,celltype_single_cell,Cd24a,0.3859726181882346,-0.12552198499357559,0.02708577873611695,0.06417609930010215,-0.23616375940754697,0.020251607231705285,0.3357682258792517,0.7216829387626201,0.9383810069820477,0.801711661032881,0.027894955767542442,0.9568423640428352,0.9964021960522161,0.9986810248541517,0.995500824812625,0.9606150526031831,0.9662278191184889,0.6531365313653137,0.9234399580492921,0.6187050359712231,0.9509544008483564,0.953125,0.6915887850467289,0.9276773296244785,0.6149732620320856,0.9557427463564647,0.9624643002855977,0.6701030927835051,0.9246001523229246,0.6165644171779141
GSE250136,mast,celltype_single_cell,Cd81,0.20698913605843305,0.059195937764710216,0.34066808109013236,0.19702883778876412,-0.33314254941312127,0.02546575525881842,0.7954088738925084,0.16778068020270293,0.17840414371376642,0.4850740104504847,0.03310160577021451,0.9901382823531624,0.7612231985360307,0.9837481328310289,0.995500824812625,0.8475856487725923,0.81740125930166,0.8339483394833949,0.8657577346617724,0.4028776978417266,0.8475609756097561,0.8252840909090909,0.8317757009345794,0.8831710709318498,0.43315508021390375,0.847573204973927,0.8196654426764586,0.8329896907216495,0.8705255140898706,0.42024539877300615
GSE250136,mast,celltype_single_cell,Cdc26,0.3228558655012712,0.08634875094587047,0.117580849539622,0.0827257646181736,0.034298233151280666,2.2579857833555922e-4,0.671767651074347,0.7774654185843446,0.5979888166759763,0.9693709546464109,0.006204622690599899,0.9832753433879675,0.9977448358812655,0.9879344995215968,0.9967258111793633,0.8470461289452388,0.8362907842014883,0.7269372693726938,0.7650760356581018,0.4676258992805755,0.8592258748674443,0.8366477272727273,0.7429906542056075,0.7816411682892906,0.48128342245989303,0.8531889290012034,0.8363933088535291,0.734020618556701,0.7696115765422696,0.4754601226993865
GSE250136,mast,celltype_single_cell,Cdc34,0.27388040688125326,0.009380589406653428,-0.2639555190887295,0.08600577786363983,-0.2827089493719217,1.8832605909024718e-4,0.9946835537255346,0.063395960862061,0.6212135345257817,0.3602518307094484,0.006204622690599899,0.999854330950744,0.6063201478430317,0.9879344995215968,0.995500824812625,0.852980847046129,0.8036634230108758,0.959409594095941,0.766649187205034,0.4676258992805755,0.8425238600212089,0.8025568181818182,0.9672897196261683,0.7649513212795549,0.5187165775401069,0.8477069126888621,0.8033455732354141,0.9628865979381444,0.7661843107387661,0.49693251533742333
GSE250136,mast,celltype_single_cell,Cdc37,0.2988559581117767,0.2034332453701344,0.32052099763916075,-0.023323163884299003,0.22667477624425603,0.007677029016706557,0.24905567175217466,0.37583778009421015,0.9425595052854713,0.6751015157011846,0.014207569689856621,0.9568423640428352,0.9094028565069193,0.9986810248541517,0.995500824812625,0.9198813056379822,0.9129937034917001,0.9372693726937269,0.8993183009963294,0.5755395683453237,0.9209968186638389,0.9105113636363636,0.9439252336448598,0.8970792767732962,0.6256684491978609,0.9204439096135847,0.9122807017543859,0.9402061855670103,0.8987052551408987,0.6042944785276073
GSE250136,mast,celltype_single_cell,Cdc42,0.4997597287985407,0.07554614694271855,-0.17912491297166788,0.18556657726882886,-0.6325680126771376,0.0063938375825710655,0.7452690982744595,0.7375747078929252,0.46129422018834454,0.2042135032470433,0.01313062155296998,0.9832753433879675,0.9964021960522161,0.9837481328310289,0.995500824812625,0.9638521715673051,0.9605037206639955,0.959409594095941,0.9370739381227058,0.7769784172661871,0.9642099681866384,0.9545454545454546,0.9439252336448598,0.9471488178025035,0.7700534759358288,0.9640326246824442,0.9587923296613627,0.9525773195876288,0.9398324447829398,0.7730061349693251
GSE250136,mast,celltype_single_cell,Cdca7,0.2773198474680809,0.21223384450927751,0.04952124164014515,0.1201958604427249,-0.40617470576130144,0.008822708745804587,0.06578585009534596,0.9551883955033643,0.6637440135669396,0.2692233008434977,0.015345403806348508,0.9568423640428352,1,0.9879344995215968,0.995500824812625,0.9204208254653359,0.8757870635374928,0.8560885608856088,0.7692711064499214,0.6115107913669064,0.9135737009544008,0.9005681818181818,0.8598130841121495,0.7705146036161336,0.5775401069518716,0.9169675090252708,0.882904936760506,0.8577319587628865,0.7696115765422696,0.5920245398773006
GSE250136,mast,celltype_single_cell,Cdca8,0.3806188111955846,0.009055699669150208,-0.16642978339272485,0.03396995453563356,-0.8500526334702814,0.020163192261773093,0.6633019971838898,0.47322010911337314,0.23999887905723347,0.014518438021759514,0.02786305208989356,0.9832753433879675,0.9355206543413022,0.9837481328310289,0.6547036535613597,0.9538710547612624,0.8471665712650257,0.940959409594096,0.7813319349764027,0.8345323741007195,0.9559915164369035,0.8579545454545454,0.9065420560747663,0.8094575799721836,0.7486631016042781,0.9549405000668538,0.8502651978784169,0.9257731958762887,0.789032749428789,0.7852760736196319
GSE250136,mast,celltype_single_cell,Cdh2,0.3119654002800174,0.06522457391775571,-0.4056812291893497,0.07420620263716282,-0.5140176211127363,0.03029300710755303,0.9037887724263475,0.5322267323431378,0.00845328549175253,0.378834833184412,0.037656809417540446,0.9901382823531624,0.9355206543413022,0.9837481328310289,0.995500824812625,0.9066630698678176,0.9129937034917001,0.2915129151291513,0.7960146827477713,0.4460431654676259,0.9074761399787911,0.9105113636363636,0.3037383177570093,0.847009735744089,0.43315508021390375,0.9070731381200695,0.9122807017543859,0.29690721649484536,0.80997715156131,0.4386503067484663
GSE250136,mast,celltype_single_cell,Cdk2ap1,0.25065924490162894,0.08409152532143027,-0.07940581837684668,0.040196077492539395,0.07485467713331984,0.026845603511414684,0.0861485451239744,0.2235959695208436,0.8923766867682243,0.7256683436847604,0.03437203208208117,0.9568423640428352,0.8100556513485475,0.9986810248541517,0.995500824812625,0.8583760453196655,0.8689181453921008,0.7416974169741697,0.7933927635028841,0.45323741007194246,0.8613467656415694,0.8423295454545454,0.6682242990654206,0.7913769123783032,0.5133689839572193,0.8598743147479609,0.861281109751122,0.709278350515464,0.7928408225437928,0.48773006134969327
GSE250136,mast,celltype_single_cell,Cdk4,1.2386090404812347,0.5216778891717091,0.4293958454723974,0.3536923087976209,-0.3598187000032347,0.0018665979373758365,0.08795536831817506,0.625743638020669,0.5945600310061796,0.8491056838820059,0.008805184605743067,0.9568423640428352,0.966440990871839,0.9879344995215968,0.995500824812625,0.9964931211222012,0.9942759015455066,0.988929889298893,0.989512323020451,0.920863309352518,0.9965535524920467,0.9985795454545454,0.9906542056074766,0.9902642559109874,0.9251336898395722,0.996523599411686,0.9955120359037127,0.9896907216494846,0.9897182025894897,0.9233128834355828
GSE250136,mast,celltype_single_cell,Cdkn1c,0.20468986968431224,0.20645704831525258,-1.6108414238671136,0.09104959122079181,-0.5205661730767406,0.5005200569625673,0.3750689815210052,0.002234574755637735,0.024035162713335775,0.5188769528989824,0.5064503893910337,0.9568423640428352,0.14088121406054452,0.9837481328310289,0.995500824812625,0.8192608578365255,0.9645105895821409,0.44649446494464945,0.7178814892501311,0.5107913669064749,0.8130965005302226,0.9559659090909091,0.4953271028037383,0.7732962447844228,0.5561497326203209,0.8161518919641664,0.9620563035495716,0.46804123711340206,0.733054074638233,0.5368098159509203
GSE250136,mast,celltype_single_cell,Cdv3,0.5074624223044948,0.06047463692459143,-0.11103819083386268,-0.1797017472037039,-0.021775165461366708,0.0015016046177054486,0.5388311938266783,0.8887735157245557,0.19126189617461067,0.015377014658748172,0.008240416740643706,0.9811553081620112,0.9994489710258044,0.9837481328310289,0.6547036535613597,0.9395737793363906,0.9336004579278764,0.981549815498155,0.9276350288411117,0.539568345323741,0.9461823966065748,0.9431818181818182,0.9719626168224299,0.9109874826147427,0.6898395721925134,0.9429068057226901,0.9363525091799265,0.977319587628866,0.9230769230769231,0.6257668711656442
GSE250136,mast,celltype_single_cell,Celf1,0.27386358152364965,0.016324454016658052,0.07093968075324364,-0.04736333233231793,-0.008356688503780685,0.030699868012917526,0.3572204995327966,0.15304481943719006,0.26983787893390804,0.6337293188718912,0.03794166032276638,0.9568423640428352,0.7510143057753815,0.9837481328310289,0.995500824812625,0.8643107634205557,0.8477389811104751,0.8819188191881919,0.843209229155742,0.3597122302158273,0.866914103923648,0.8650568181818182,0.9252336448598131,0.8205841446453408,0.42780748663101603,0.8656237464901725,0.8527131782945736,0.9010309278350516,0.837014470677837,0.3987730061349693
GSE250136,mast,celltype_single_cell,Cenpa,0.4347452123981741,0.07987646097162404,0.007214936072604594,0.029495818433003862,-0.4392500496529075,0.0017579525371905617,0.8391474373866764,0.7650881987537409,0.9857556531232573,0.2856041189325483,0.008720936070797415,0.9901382823531624,0.9964021960522161,0.9986810248541517,0.995500824812625,0.8586458052333423,0.8133943903835146,0.922509225092251,0.8070267435762979,0.6402877697841727,0.866914103923648,0.8196022727272727,0.9018691588785047,0.8094575799721836,0.5882352941176471,0.8628158844765343,0.8151774785801713,0.9134020618556701,0.8076923076923077,0.6104294478527608
GSE250136,mast,celltype_single_cell,Cenpf,0.30072327474540383,-0.21979407000415474,0.10573116437856545,-0.2585589838527671,-1.6326091808784287,0.011253600952277098,0.7772435852244939,0.967718808824922,0.5730921516203861,0.039519327855837484,0.01820184699478152,0.9862793785761036,1,0.9879344995215968,0.8653719484329542,0.8386835716212571,0.7441327990841442,0.9114391143911439,0.7325642370214998,0.7050359712230215,0.8650583244962884,0.7357954545454546,0.9112149532710281,0.7399165507649513,0.6363636363636364,0.851985559566787,0.7417380660954712,0.911340206185567,0.7345773038842346,0.6656441717791411
GSE250136,mast,celltype_single_cell,Cenpw,0.07616378629029841,0.06463370407360092,-0.026266556344854752,0.02636287987562813,0.12491134081531019,0.012032157934268041,0.353511151240859,0.966319500764368,0.9480221344117888,0.8623195010064004,0.018854060322687903,0.9568423640428352,1,0.9986810248541517,0.995500824812625,0.8589155651470192,0.8168288494562106,0.948339483394834,0.7855270057682223,0.5251798561151079,0.8430540827147401,0.8380681818181818,0.9392523364485982,0.7872044506258693,0.5508021390374331,0.8509158978473058,0.8229294165646674,0.9443298969072165,0.785986290936786,0.5398773006134969
GSE250136,mast,celltype_single_cell,Cfdp1,0.23959407180983794,-0.15019967572749593,-0.0028307755942691415,0.1619083775710597,-0.333138719812895,0.011565313784743987,0.4081435820887434,0.9341243516644144,0.27794939145231756,0.4366892717695697,0.01843024881591848,0.9568423640428352,1,0.9837481328310289,0.995500824812625,0.8972214728891287,0.8969662278191185,0.922509225092251,0.8778185631882538,0.6546762589928058,0.8944856839872747,0.8863636363636364,0.9252336448598131,0.894297635605007,0.6470588235294118,0.8958416900655167,0.893920848633211,0.9237113402061856,0.8823305407463823,0.6503067484662577
GSE250136,mast,celltype_single_cell,Cfl1,1.3953114526001276,0.31405287680843585,-10.11038962239952,0.14064202024485084,-0.4762261235951879,0.0034669961263590963,0.16841738858038174,0.28861872615624234,0.6914068346872619,0.41675246925768394,0.010280606569134265,0.9568423640428352,0.8825175240592783,0.9879344995215968,0.995500824812625,0.9962233612085244,0.9977103606182026,1,0.9984268484530676,0.8776978417266187,0.9949628844114529,1,0.9953271028037384,0.9972183588317107,0.93048128342246,0.99558764540714,0.9983680130558955,0.9979381443298969,0.9980959634424981,0.9079754601226994
GSE250136,mast,celltype_single_cell,Cfl2,0.2691643692138719,0.0321855834060325,0.10628338365976697,0.12100171011704619,-0.16302359698158142,0.010383503431760933,0.8417423937558628,0.6369065128869342,0.09618036506981154,0.7740623980395662,0.01711874890101127,0.9901382823531624,0.966440990871839,0.9837481328310289,0.995500824812625,0.8559482060965741,0.8196908986834573,0.6974169741697417,0.8007341373885685,0.43884892086330934,0.8597560975609756,0.8267045454545454,0.7289719626168224,0.8358831710709318,0.47058823529411764,0.8578686990239337,0.8217054263565892,0.711340206185567,0.8103579588728104,0.4570552147239264
GSE250136,mast,celltype_single_cell,Chchd1,0.3172009272802314,0.09558174879138681,-0.13929049378798508,0.005935306440593813,0.05341292374363693,0.004643023461979471,0.7195408321670508,0.630852045436387,0.33878436573435006,0.749851371672555,0.011550271626473438,0.9832753433879675,0.966440990871839,0.9837481328310289,0.995500824812625,0.9441596978688966,0.9135661133371494,0.940959409594096,0.9103303618248558,0.6402877697841727,0.939289501590668,0.9176136363636364,0.9485981308411215,0.894297635605007,0.6951871657754011,0.9417034362882738,0.9147286821705426,0.9443298969072165,0.905940594059406,0.6717791411042945
GSE250136,mast,celltype_single_cell,Chchd2,1.6041958907506828,0.3249636165538963,-1.132776065685995,-0.014764366390476624,-0.20214083715612752,0.0018188000480472155,0.7968561397379896,0.3610304583378829,0.6657497725581177,0.4238091732287995,0.008720936070797415,0.9901382823531624,0.9094028565069193,0.9879344995215968,0.995500824812625,0.9994604801726463,1,1,0.9989512323020451,0.9568345323741008,0.9986744432661718,1,1,1,0.983957219251337,0.999064045995454,1,1,0.9992383853769993,0.9723926380368099
GSE250136,mast,celltype_single_cell,Chd4,0.55016567923116,0.09050778986722374,0.021700409215594796,0.22779703266698537,-0.6096229633215033,0.023535889435428125,0.4765899410003858,0.30800643722887927,0.207349008820661,0.6715041714209985,0.03125917508220158,0.9575894196216405,0.8913598754372704,0.9837481328310289,0.995500824812625,0.9630428918262746,0.9662278191184889,0.974169741697417,0.9538542212899843,0.5755395683453237,0.9650053022269353,0.9559659090909091,0.9439252336448598,0.9694019471488178,0.5935828877005348,0.9640326246824442,0.9632802937576499,0.9608247422680413,0.9581111957349581,0.5858895705521472
GSE250136,mast,celltype_single_cell,Chd7,0.3643011405952725,0.31280219860333913,-0.02821818354713823,-0.004572733960782394,-0.6306686112719131,0.011977006776842922,0.02873914582150532,0.9953601497426694,0.9405873878663439,0.2363868074508215,0.01880213931511738,0.9568423640428352,1,0.9986810248541517,0.995500824812625,0.8980307526301592,0.8700629650829994,0.7343173431734318,0.8479286837965391,0.35251798561151076,0.8947507953340403,0.8991477272727273,0.7289719626168224,0.8442280945757997,0.3155080213903743,0.8963765209252574,0.8784169726642187,0.7319587628865979,0.8469154607768469,0.3312883435582822
GSE250136,mast,celltype_single_cell,Cirbp,0.3757753510508772,0.21853585721620306,0.4101726015929805,0.4266679118294894,-0.24612152396474318,0.028608667239210225,0.1703116246254317,0.29498396844561753,0.045201588166633264,0.7290618887769776,0.03607319292315387,0.9568423640428352,0.8825175240592783,0.9837481328310289,0.995500824812625,0.8899379552198543,0.8906697195191757,0.940959409594096,0.9276350288411117,0.5971223021582733,0.8968716861081655,0.8721590909090909,0.9579439252336449,0.9415855354659249,0.6256684491978609,0.893434951196684,0.8853529171766625,0.9484536082474226,0.9314546839299315,0.6134969325153374
GSE250136,mast,celltype_single_cell,Cks1b,0.1797400695903404,-0.13936142717358724,-0.6338207663772497,-0.05734958767460796,-0.7233213749655469,0.12592129933574459,0.7464109002127923,0.0729470274174941,0.9187584157408178,0.11784232892591953,0.1330900861791162,0.9832753433879675,0.6183222495061834,0.9986810248541517,0.995500824812625,0.9692473698408417,0.9622209502003435,0.948339483394834,0.9653906659674882,0.7769784172661871,0.9620890774125133,0.9588068181818182,0.9112149532710281,0.9652294853963839,0.8288770053475936,0.965637117261666,0.9612403100775194,0.931958762886598,0.9653465346534653,0.8067484662576687
GSE250136,mast,celltype_single_cell,Cks2,0.22517065178255447,-0.11182154440570002,-0.9465172500474375,-0.12556127500972547,0.2888207486968728,0.158611680049807,0.7906292493973686,0.014081191670093873,0.16579769825133625,0.1340044897399384,0.1651882619055307,0.9901382823531624,0.34670254902591957,0.9837481328310289,0.995500824812625,0.8912867547882385,0.8242701774470521,0.974169741697417,0.8426848453067646,0.697841726618705,0.8905090137857901,0.8224431818181818,0.9719626168224299,0.8650904033379694,0.8021390374331551,0.8908945046129162,0.8237454100367197,0.9731958762886598,0.8488194973343488,0.7576687116564417
GSE250136,mast,celltype_single_cell,Clns1a,0.18965586700174608,-0.04467222947795868,-0.299752671541631,-0.06155110904211414,-0.4619518103438296,0.005905728716312749,0.39718788685721584,0.2511024887152737,0.447389537065969,0.2294125891769518,0.012785264816735836,0.9568423640428352,0.8542439141629059,0.9837481328310289,0.995500824812625,0.8643107634205557,0.8437321121923297,0.8856088560885609,0.8227582590456214,0.4748201438848921,0.8496818663838812,0.8181818181818182,0.8504672897196262,0.8025034770514604,0.48128342245989303,0.8569327450193877,0.8363933088535291,0.8701030927835052,0.8172124904798173,0.4785276073619632
GSE250136,mast,celltype_single_cell,Clta,0.4866966641392958,0.18203681983547515,-0.02963268773248018,0.3473827399357754,0.17207202333935356,0.004502397822464169,0.596977542773534,0.9169562862672654,0.14166890111764732,0.7967157773650735,0.011512118983186825,0.9832753433879675,1,0.9837481328310289,0.995500824812625,0.9630428918262746,0.9599313108185461,0.988929889298893,0.955951756685894,0.7482014388489209,0.9668610816542949,0.9588068181818182,0.9906542056074766,0.9568845618915159,0.786096256684492,0.9649685786869903,0.9596083231334149,0.9896907216494846,0.9562071591774562,0.7699386503067485
GSE250136,mast,celltype_single_cell,Cnbp,0.9386050345299113,0.36795171566648843,0.3635598953471231,-0.09240949880345628,-0.17745081932125206,3.131954983115083e-4,0.3627538343280443,0.19869415818852015,0.5557085308653522,0.7447119504865248,0.006421544580902452,0.9568423640428352,0.7693061183527152,0.9879344995215968,0.995500824812625,0.9902886431076342,0.9885518030910132,0.992619926199262,0.9858416360776088,0.8057553956834532,0.9846235418875928,0.984375,1,0.9819193324061196,0.8449197860962567,0.9874314747960957,0.9873521011831905,0.9958762886597938,0.9847677075399848,0.8282208588957055
GSE250136,mast,celltype_single_cell,Cnn3,0.24311873430270925,-0.14993254012204194,0.008527090927259007,-0.02240273003012838,-0.20479776826698703,0.013781228072096977,0.09032382488236615,0.06005279057665175,0.5593464223806538,0.7145838328457808,0.020611503981735235,0.9568423640428352,0.6063201478430317,0.9879344995215968,0.995500824812625,0.8597248448880497,0.864338866628506,0.922509225092251,0.8631358154168851,0.4676258992805755,0.8576352067868505,0.8295454545454546,0.9626168224299065,0.8776077885952712,0.45989304812834225,0.8586709453135446,0.8543451652386781,0.9402061855670103,0.8670982482863671,0.46319018404907975
GSE250136,mast,celltype_single_cell,Cnpy2,0.18206831817154834,-0.003739177713042885,0.017925773204228168,0.12965743086965942,-0.037602879392881317,2.3036035932769456e-4,0.9420133995363178,0.7383253168547412,0.345422312699789,0.9893283092104261,0.006204622690599899,0.999854330950744,0.9964021960522161,0.9837481328310289,0.9967258111793633,0.8456973293768546,0.8254149971379507,0.8523985239852399,0.8070267435762979,0.4316546762589928,0.8321845174973489,0.828125,0.8271028037383178,0.8150208623087621,0.44919786096256686,0.8388822035031421,0.8261933904528764,0.8412371134020619,0.8092155369383092,0.44171779141104295
GSE250136,mast,celltype_single_cell,Commd1,0.1935420952376825,-0.09469215087479954,-0.21484468470878615,-0.002626047214671523,-0.007412991160659299,0.01450317512432568,0.06618639195124358,0.3951292299677759,0.9374011065847201,0.4437651796323924,0.021391557091837876,0.9568423640428352,0.9144725268088905,0.9986810248541517,0.995500824812625,0.8359859724844888,0.8580423583285632,0.9003690036900369,0.8065023597273204,0.460431654676259,0.8393425238600212,0.8167613636363636,0.8598130841121495,0.8122392211404729,0.5401069518716578,0.8376788340687258,0.8461852305181559,0.8824742268041237,0.8080731150038081,0.5061349693251533
GSE250136,mast,celltype_single_cell,Cops9,0.22894841289149603,0.024897706813904907,-0.24134595899857558,0.001233717345149099,-0.047109748087676984,0.005308163277783846,0.7376273061283531,0.19510806955640841,0.9785899434389972,0.763754208715882,0.012120779249271133,0.9832753433879675,0.7693061183527152,0.9986810248541517,0.995500824812625,0.8961424332344213,0.8889524899828277,0.8376383763837638,0.8799160985841636,0.60431654676259,0.8955461293743372,0.8977272727272727,0.7757009345794392,0.8789986091794159,0.6524064171122995,0.8958416900655167,0.8914728682170543,0.8103092783505155,0.8796648895658796,0.6319018404907976
GSE250136,mast,celltype_single_cell,Cox4i1,1.6459421548199913,0.8591006435028543,-15.04386633128481,0.6512408589146528,-0.7115560250685373,0.0021040912660212135,0.27571390137843077,0.9811923589188358,0.36814405049015325,0.18331732688907065,0.008912141277491582,0.9568423640428352,1,0.9837481328310289,0.995500824812625,0.9997302400863232,1,1,0.9994756161510225,0.9856115107913669,1,1,1,1,0.9572192513368984,0.9998662922850649,1,1,0.9996191926884996,0.9693251533742331
GSE250136,mast,celltype_single_cell,Cox5a,0.9201350803764834,0.13058965623277086,-7.441677721903047,0.06285537271194563,-0.6988308844169291,0.005111574188835089,0.9155982882215656,0.06011579203238804,0.7858626630895478,0.10112505716138273,0.011918463976325192,0.9917690380429758,0.6063201478430317,0.9972165145296787,0.995500824812625,0.9940652818991098,0.9931310818546079,1,0.9874147876245412,0.9280575539568345,0.9936373276776246,0.9928977272727273,0.9953271028037384,0.9916550764951322,0.8823529411764706,0.993849445112983,0.993064055487556,0.9979381443298969,0.9885757806549885,0.901840490797546
GSE250136,mast,celltype_single_cell,Cox5b,0.8177845698219395,0.3172185061336661,0.011951531044810615,0.4978152077103255,-0.15616715523384972,0.0014658465151139572,0.24670374264958847,0.9367212373818419,0.17499984806913138,0.9493462412586312,0.008240416740643706,0.9568423640428352,1,0.9837481328310289,0.9967258111793633,0.9970326409495549,0.996565540927304,1,0.9884635553224961,0.8633093525179856,0.9952279957582184,0.9928977272727273,1,0.9888734353268428,0.8770053475935828,0.9961224762668806,0.9955120359037127,1,0.9885757806549885,0.8711656441717791
GSE250136,mast,celltype_single_cell,Cox6a1,0.23505363365215937,0.02410710286450035,-0.05381654203663544,0.1682098327935324,-0.1578365015441925,0.002852817700130108,0.33742651829466913,0.9235159783737699,0.2500727882228104,0.795992878096381,0.009517440360535066,0.9568423640428352,1,0.9837481328310289,0.995500824812625,0.8885891556514702,0.8923869490555237,0.977859778597786,0.865233350812795,0.5683453237410072,0.9024390243902439,0.8735795454545454,0.9766355140186916,0.8762169680111266,0.5668449197860963,0.8955742746356464,0.886984904120767,0.977319587628866,0.8682406702208683,0.5674846625766872
GSE250136,mast,celltype_single_cell,Cox6b1,0.8441915063730248,0.34246417196375845,-7.523503580992242,0.15014558074495987,-0.014824060122011318,0.002809172361831884,0.17703681257893203,0.4824868459224231,0.2984662906442109,0.16428038758529354,0.009517440360535066,0.9568423640428352,0.9355206543413022,0.9837481328310289,0.995500824812625,0.9951443215538172,0.9959931310818546,1,0.9916098584163607,0.8920863309352518,0.9949628844114529,0.9914772727272727,0.9953271028037384,0.9972183588317107,0.9518716577540107,0.9950528145473994,0.9946960424316605,0.9979381443298969,0.9931454683929931,0.9263803680981595
GSE250136,mast,celltype_single_cell,Cox6c,0.9442213938375268,0.33181019330641526,-10.100310024189133,-10.10030756710835,-0.44610291346354636,0.0016333380094332014,0.3870884776297,0.9985556848767627,0.043155328215012174,0.3587995208553721,0.00846175024363994,0.9568423640428352,1,0.9837481328310289,0.995500824812625,0.9986512004316158,0.9988551803091014,1,1,0.9424460431654677,0.9976139978791092,0.9971590909090909,1,0.9972183588317107,0.9732620320855615,0.9981280919909079,0.9983680130558955,1,0.9992383853769993,0.9601226993865031
GSE250136,mast,celltype_single_cell,Cox7a2,0.781504913976014,0.17542438421182105,-0.8210458100414177,0.1771923009671843,-0.2589486038607225,0.0113267056368756,0.8342508246056477,0.0888298163721213,0.4545835033334152,0.7750824674655278,0.01828545673703547,0.9901382823531624,0.6727049015887341,0.9837481328310289,0.995500824812625,0.9948745616401403,0.9959931310818546,0.996309963099631,0.9926586261143157,0.9064748201438849,0.9954931071049841,0.9957386363636364,1,0.9972183588317107,0.893048128342246,0.9951865222623345,0.9959200326397388,0.9979381443298969,0.993907083015994,0.8987730061349694
GSE250136,mast,celltype_single_cell,Cox7a2l,0.5722558088191612,0.20946996346199143,0.5871663632863866,0.2846623530301633,-0.6430664864548037,0.0011357887426103157,0.5790624325302628,0.224804671392981,0.35287080515826436,0.1244302649459657,0.00779843759966462,0.9832753433879675,0.8100556513485475,0.9837481328310289,0.995500824812625,0.9741030482870245,0.9639381797366915,0.992619926199262,0.9706345044572627,0.7410071942446043,0.9806468716861082,0.9630681818181818,0.9953271028037384,0.9735744089012517,0.6844919786096256,0.9774033961759594,0.9636882904936761,0.9938144329896907,0.9714394516374715,0.7085889570552147
GSE250136,mast,celltype_single_cell,Cox7b,0.6227251975973607,0.25208820716364766,-6.047019366246531,-0.14261142827407713,-0.39801017687366347,0.0011061511771716913,0.0549376634472307,0.33485185661431915,0.6322840612356863,0.6522518866959024,0.00779843759966462,0.9568423640428352,0.900870965141245,0.9879344995215968,0.995500824812625,0.9916374426760184,0.994848311390956,1,0.9868904037755637,0.8633093525179856,0.9909862142099682,0.9872159090909091,1,0.9847009735744089,0.8716577540106952,0.9913089985292152,0.99265605875153,1,0.9862909367859863,0.8680981595092024
GSE250136,mast,celltype_single_cell,Cox7c,1.2598364338781352,0.7242813936281962,-1.595236881049356,0.4937852015726847,-0.46583482868200754,0.014718357939066434,0.24352837467357316,0.10799744831894852,0.4643417612958325,0.3972916232997752,0.02159704068722119,0.9568423640428352,0.6743716767311836,0.9837481328310289,0.995500824812625,1,0.9994275901545506,1,0.9994756161510225,0.9928057553956835,1,1,1,1,1,1,0.9995920032639739,1,0.9996191926884996,0.9969325153374233
GSE250136,mast,celltype_single_cell,Cox8a,1.0996569125998565,0.03937627880260486,0.39898064974049063,0.6473444873882208,-0.055809072396925785,0.009580287024433608,0.8218012066873667,0.7815298929817653,0.18655380261031712,0.47829104157896624,0.016182596682938283,0.9901382823531624,0.9977448358812655,0.9837481328310289,0.995500824812625,0.9986512004316158,0.9994275901545506,1,0.9963293130571579,0.9280575539568345,0.9989395546129375,0.9985795454545454,1,0.9986091794158554,0.9625668449197861,0.9987966305655837,0.9991840065279478,1,0.996953541507997,0.9478527607361963
GSE250136,mast,celltype_single_cell,Crabp2,2.322610504662764,1.7737433821499735,0.37552954012931394,0.7165979135121248,0.17372723678232482,2.2793891212279143e-5,0.0028760015059176407,0.3126746231103887,0.07952585555798392,0.3220932675057914,0.00519821067832161,0.9568423640428352,0.8960541212626576,0.9837481328310289,0.995500824812625,0.9932560021580793,0.9839725243274184,0.5608856088560885,0.6544310435238595,0.8848920863309353,0.9970837751855779,0.9914772727272727,0.6214953271028038,0.7079276773296245,0.9358288770053476,0.9951865222623345,0.9861281109751122,0.5876288659793815,0.6690784463061691,0.9141104294478528
GSE250136,mast,celltype_single_cell,Csde1,0.5142524592834663,0.3536526237740567,0.23586179146547526,0.07677228243041068,-0.676051192562166,0.005956940478968625,0.19898155020726863,0.42764796306770114,0.32318370217813386,0.003054081139083542,0.012839987844049822,0.9568423640428352,0.9252697612929077,0.9837481328310289,0.4346975487962242,0.9384947396816833,0.9450486548368632,0.955719557195572,0.9449396958573676,0.6618705035971223,0.940880169671262,0.9460227272727273,0.9719626168224299,0.9346314325452016,0.5294117647058824,0.9396978205642466,0.945328437372501,0.9628865979381444,0.9421172886519421,0.5858895705521472
GSE250136,mast,celltype_single_cell,Csnk1a1,0.3814736236263796,0.0964193124453141,0.5277223405106835,0.2864989706245771,-0.4869637750943019,0.056053719678801905,0.6882231359736712,0.05085745409305673,0.2828038808778234,0.3176758982231277,0.06382650214092911,0.9832753433879675,0.5640553999411747,0.9837481328310289,0.995500824812625,0.9633126517399514,0.9610761305094447,0.966789667896679,0.9428421604614577,0.6762589928057554,0.9636797454931071,0.9545454545454546,0.9906542056074766,0.952712100139082,0.6417112299465241,0.9634977938227036,0.9592003263973888,0.977319587628866,0.9455445544554455,0.656441717791411
GSE250136,mast,celltype_single_cell,Csnk2a1,0.6163420766357639,0.3594057019287513,0.054476118986699795,0.11231412929172713,-0.6459575745596711,5.054144694446353e-4,0.1042348191829829,0.813884460379301,0.8570094788435856,0.21896984824368534,0.006933194569982071,0.9568423640428352,0.9989153187003222,0.9986810248541517,0.995500824812625,0.9762611275964391,0.9713795077275329,0.992619926199262,0.9690613529103304,0.7697841726618705,0.982237539766702,0.9801136363636364,0.985981308411215,0.972183588317107,0.7379679144385026,0.9792753041850515,0.9738882088943288,0.9896907216494846,0.9699162223914699,0.7515337423312883
GSE250136,mast,celltype_single_cell,Ctcf,0.30261750194609327,0.14724566677197393,0.45077935490892074,0.1169481090750093,-0.6597456533876054,0.009337112882684928,0.5659956290509685,0.12304574780198217,0.6048718318229472,0.05661838379319957,0.015947788803625858,0.9832753433879675,0.697433091786063,0.9879344995215968,0.9589069094561428,0.9009981116806043,0.8460217515741271,0.933579335793358,0.8542212899842685,0.5035971223021583,0.8955461293743372,0.8494318181818182,0.9579439252336449,0.8511821974965229,0.4385026737967914,0.8982484289343495,0.847001223990208,0.9443298969072165,0.8533891850723534,0.4662576687116564
GSE250136,mast,celltype_single_cell,Ctnnb1,0.37960285548233763,0.0397352326936935,0.22376496028133674,0.26363881157411484,-0.659023352668934,0.02594322516999873,0.10649027784770707,0.6210897641210998,0.31689615519525954,0.22268494088779986,0.033518175938243445,0.9568423640428352,0.966440990871839,0.9837481328310289,0.995500824812625,0.9406528189910979,0.9461934745277619,0.940959409594096,0.967488201363398,0.5827338129496403,0.9453870625662778,0.9232954545454546,0.9532710280373832,0.9694019471488178,0.5561497326203209,0.9430405134376254,0.9396164830681355,0.9463917525773196,0.968012185833968,0.5674846625766872
GSE250136,mast,celltype_single_cell,Ctsl,0.305985765619484,0.16764393880703832,0.2270729187833025,0.20271407181109735,-0.20850550870903994,0.004252434552626354,0.30997350945910546,0.5577123454878057,0.17043915617753058,0.6777776833627067,0.011377563220015211,0.9568423640428352,0.9430943100093804,0.9837481328310289,0.995500824812625,0.8788777987591044,0.8763594733829422,0.8745387453874539,0.8767697954902989,0.3381294964028777,0.8860021208907741,0.8735795454545454,0.8785046728971962,0.8970792767732962,0.32085561497326204,0.8824709185720016,0.8755609955120359,0.8762886597938144,0.8823305407463823,0.3282208588957055
GSE250136,mast,celltype_single_cell,Cul1,0.2523865252768158,0.1512818285093851,-0.09826600209625891,0.11781604883265118,-0.07861014402541988,0.014236754733055197,0.3657724848437896,0.8810160097028318,0.5398229675066861,0.49185526037010724,0.02107138395498984,0.9568423640428352,0.9994489710258044,0.9879344995215968,0.995500824812625,0.8635014836795252,0.8437321121923297,0.8487084870848709,0.8185631882538018,0.4676258992805755,0.8671792152704135,0.8394886363636364,0.8364485981308412,0.8191933240611962,0.43315508021390375,0.8653563310603022,0.8425132598939209,0.843298969072165,0.8187357197258187,0.44785276073619634
GSE250136,mast,celltype_single_cell,Cwc15,0.11534746602794099,-0.12343517322178377,-0.10581461815245463,0.023266560669225722,-0.021955595426327745,0.1355365125349022,0.10308005903352377,0.6692731148113147,0.7053843005921303,0.9640129767176668,0.14272278878521144,0.9568423640428352,0.9785166997544211,0.9879344995215968,0.9967258111793633,0.8036147828432695,0.8231253577561534,0.9040590405904059,0.7965390665967488,0.4676258992805755,0.8115058324496288,0.7826704545454546,0.8738317757009346,0.7872044506258693,0.49732620320855614,0.8075945982083166,0.8115055079559363,0.8907216494845361,0.7939832444782939,0.48466257668711654
GSE250136,mast,celltype_single_cell,Cyc1,0.3070837771278616,0.11897313093245376,0.21670993311495712,0.16221121469768107,-0.01338418293532273,0.007464763340002667,0.3967056937086742,0.6279929891162497,0.37689476470635974,0.7717774656382014,0.014032046548660804,0.9568423640428352,0.966440990871839,0.9837481328310289,0.995500824812625,0.8715942810898301,0.8769318832283916,0.9630996309963099,0.8217094913476665,0.5107913669064749,0.8677094379639448,0.8678977272727273,0.9672897196261683,0.8247566063977747,0.5668449197860963,0.8696349779382271,0.8743370053039575,0.9649484536082474,0.8225437928408226,0.5429447852760736
GSE250136,mast,celltype_single_cell,Cycs,0.23860726793000442,0.0366597731282412,-0.08934928313680945,0.0444517895544001,0.03889621770926732,0.023573550598924378,0.6308835992650289,0.5266127328987765,0.684883183571898,0.8755632569194061,0.031260577968138845,0.9832753433879675,0.9355206543413022,0.9879344995215968,0.995500824812625,0.887240356083086,0.8929593589009731,0.9188191881918819,0.8185631882538018,0.60431654676259,0.883085896076352,0.8806818181818182,0.883177570093458,0.8094575799721836,0.6470588235294118,0.8851450728707047,0.8894328845369237,0.9030927835051547,0.816070068545316,0.6288343558282209
GSE250136,mast,celltype_single_cell,D8Ertd738e,0.3987890766011275,-0.008696841656032017,-0.45894395498669294,0.04686288096614133,0.22235170586750996,5.801436520726157e-4,0.5849569415006549,0.1522025565834906,0.9325386593529472,0.0748445335203474,0.006933194569982071,0.9832753433879675,0.7510143057753815,0.9986810248541517,0.9589069094561428,0.9571081737253844,0.9553520320549513,0.922509225092251,0.9339276350288411,0.6546762589928058,0.9493637327677624,0.9446022727272727,0.9158878504672897,0.9346314325452016,0.7700534759358288,0.9532022997726969,0.9522643818849449,0.9195876288659793,0.9341203351104341,0.7208588957055214
GSE250136,mast,celltype_single_cell,Dad1,0.2264130521362151,0.09545669321134942,-0.05688059015068703,0.18150090285796794,-0.4308477143974383,0.005410280683820994,0.6406932737285573,0.7552578738730492,0.09076631018250154,0.24440002038252134,0.012190975472250998,0.9832753433879675,0.9964021960522161,0.9837481328310289,0.995500824812625,0.8489344483409765,0.8402976531196337,0.9188191881918819,0.9098059779758784,0.4676258992805755,0.8465005302226936,0.84375,0.9252336448598131,0.9082058414464534,0.48663101604278075,0.8477069126888621,0.8412892696858425,0.9216494845360824,0.9093678598629094,0.4785276073619632
GSE250136,mast,celltype_single_cell,Dbi,1.1416941621039527,0.3510775343381134,-0.8680870487162435,-0.25387297039710077,-0.021992718930693655,0.0022834849021159194,0.4999060362227808,0.1336500841596388,0.6555358164004896,0.34655149001027574,0.008973962682423196,0.9672341034930508,0.7089265333685189,0.9879344995215968,0.995500824812625,0.9943350418127866,0.998282770463652,0.988929889298893,0.9900367068694285,0.9136690647482014,0.9949628844114529,0.9971590909090909,0.9953271028037384,0.9888734353268428,0.9572192513368984,0.9946516914025939,0.9979600163198694,0.9917525773195877,0.9897182025894897,0.9386503067484663
GSE250136,mast,celltype_single_cell,Dcakd,0.30754693300332203,0.10431587167239087,-0.03316100545493006,-0.03642308488850565,-0.35738518851447676,0.0024538275761974964,0.6433309123821788,0.9756551589940111,0.21029716849901273,0.42844234754731864,0.009107477777931687,0.9832753433879675,1,0.9837481328310289,0.995500824812625,0.857566765578635,0.8236977676016027,0.8118081180811808,0.8143681174619821,0.4892086330935252,0.8647932131495228,0.8238636363636364,0.7990654205607477,0.7872044506258693,0.4919786096256685,0.8612113918973124,0.8237454100367197,0.8061855670103093,0.806930693069307,0.49079754601226994
GSE250136,mast,celltype_single_cell,Dctpp1,0.479372484028751,0.22653981395527634,-0.18747996188033955,-0.17982025596616058,-0.5595651924312195,0.002043111006810927,0.38105200769658987,0.6383264103632926,0.0462345511218667,0.3907789277685946,0.008849126187123925,0.9568423640428352,0.966440990871839,0.9837481328310289,0.995500824812625,0.9800377663879147,0.9725243274184316,0.981549815498155,0.9533298374410069,0.7697841726618705,0.9750795334040296,0.9772727272727273,0.985981308411215,0.933240611961057,0.7914438502673797,0.9775371038908945,0.9738882088943288,0.9835051546391752,0.9478293983244478,0.7822085889570553
GSE250136,mast,celltype_single_cell,Ddah2,0.15899581471842406,0.11929415757607464,0.2992341093803239,-0.026086103979374275,-0.5274609669291246,0.024666564588234387,0.4219578312331075,0.19908273086176823,0.09718354445415948,0.07009799899954423,0.03235828902972683,0.9568423640428352,0.7693061183527152,0.9837481328310289,0.9589069094561428,0.79336390612355,0.7945048654836864,0.7343173431734318,0.8972207656004195,0.5035971223021583,0.8104453870625663,0.8096590909090909,0.7850467289719626,0.9193324061196105,0.4385026737967914,0.8019788741810402,0.7988576091391268,0.756701030927835,0.9032749428789033,0.4662576687116564
GSE250136,mast,celltype_single_cell,Ddb1,0.32360744643093997,0.14558636800819902,0.6003215219694094,0.10038219614459698,0.06267446152496237,5.327389411815272e-4,0.3935065949114513,0.0021389538739388725,0.40346668586062506,0.27105316412677366,0.006933194569982071,0.9568423640428352,0.14088121406054452,0.9837481328310289,0.995500824812625,0.8251955759374157,0.8122495706926159,0.9520295202952029,0.8295752490823283,0.3237410071942446,0.8279427359490986,0.8096590909090909,0.9485981308411215,0.8219749652294854,0.42245989304812837,0.8265810937291082,0.8115055079559363,0.9505154639175257,0.8274942878903275,0.3803680981595092
GSE250136,mast,celltype_single_cell,Ddx1,0.15125281635292165,0.004633020992838244,-0.15258236130018266,-0.02383925325730285,-0.18007139363461944,0.07792285482484539,0.8541933230365356,0.7019229451857438,0.6241044246317415,0.7537007063883,0.08608812163055364,0.9901382823531624,0.9882506518174107,0.9879344995215968,0.995500824812625,0.8394928513622876,0.8299942759015455,0.8819188191881919,0.7886733088620871,0.460431654676259,0.8496818663838812,0.8366477272727273,0.8644859813084113,0.7732962447844228,0.48663101604278075,0.8446316352453537,0.831905344757242,0.8742268041237113,0.7844630616907845,0.4754601226993865
GSE250136,mast,celltype_single_cell,Ddx18,0.1666752991967444,-0.03093075284317548,-0.1475553568282275,-0.12657880523494347,0.04436058408051391,0.014665372917734575,0.955580552335041,0.13525123656766294,0.4264254801248505,0.9871283129720717,0.021560323207063057,0.999854330950744,0.7125760665524641,0.9837481328310289,0.9967258111793633,0.8999190720258969,0.8969662278191185,0.933579335793358,0.8531725222863136,0.5683453237410072,0.8928950159066809,0.8920454545454546,0.9579439252336449,0.8553546592489569,0.5882352941176471,0.8963765209252574,0.8955528355773154,0.9443298969072165,0.8537699923838538,0.5797546012269938
GSE250136,mast,celltype_single_cell,Ddx21,0.18812227674159798,0.006703666600570202,-0.2573919102683111,-0.057352037485670415,0.15190133715885468,0.00649137765592356,0.2599823556111258,0.019038437677054265,0.5249336369613552,0.4127263554777947,0.013223806337744948,0.9568423640428352,0.3871148994334367,0.9837481328310289,0.995500824812625,0.8521715673050985,0.8391528334287349,0.8892988929889298,0.7981122181436812,0.4892086330935252,0.8722163308589608,0.859375,0.9252336448598131,0.780250347705146,0.5721925133689839,0.8622810536167936,0.8449612403100775,0.9051546391752577,0.7932216298552932,0.5368098159509203
GSE250136,mast,celltype_single_cell,Ddx24,0.3510129506906581,0.051481456298171135,0.024948860702240783,-0.010958396699424888,0.10829041568756859,0.007320748174405048,0.9286786368892106,0.9274266530164581,0.9045666209090141,0.9066786597916552,0.01393977082053113,0.9926052013809584,1,0.9986810248541517,0.9967258111793633,0.9333693013218236,0.927876359473383,0.966789667896679,0.8856843209229156,0.6762589928057554,0.9358430540827147,0.9261363636363636,0.9579439252336449,0.8929068150208623,0.6844919786096256,0.9346169273967108,0.9273765809873521,0.9628865979381444,0.8876618431073877,0.6809815950920245
GSE250136,mast,celltype_single_cell,Ddx39b,0.8981597738312175,0.3240760087354513,-0.2113770872997751,0.22240418129733364,-0.7287571350031188,5.29328133132667e-4,0.3872232665100631,0.30656382910634944,0.3102264541462311,0.018240189943854446,0.006933194569982071,0.9568423640428352,0.8904949321660626,0.9837481328310289,0.6772661831326825,0.9703264094955489,0.9708070978820835,0.977859778597786,0.9475616151022549,0.7769784172661871,0.9729586426299046,0.96875,0.9485981308411215,0.96105702364395,0.6844919786096256,0.9716539644337479,0.9702162382700938,0.9649484536082474,0.9512566641279513,0.7239263803680982
GSE250136,mast,celltype_single_cell,Ddx3x,0.5383858696526254,-0.08551444651514162,0.06649952550510996,0.07418420616908605,-0.30527357397864163,6.905423330090103e-4,0.2886750087647686,0.9672011932942844,0.9038122625941329,0.5251583583453026,0.007156386446969428,0.9568423640428352,1,0.9986810248541517,0.995500824812625,0.9198813056379822,0.9170005724098454,0.940959409594096,0.9360251704247509,0.4892086330935252,0.9215270413573701,0.890625,0.9345794392523364,0.9388038942976356,0.46524064171123,0.920711325043455,0.9094247246022031,0.9381443298969072,0.9367859862909368,0.4754601226993865
GSE250136,mast,celltype_single_cell,Ddx46,0.3324375958265007,0.052612991742977844,0.03183666726952472,0.04344308126344343,-0.1659259822303767,0.004185177723205992,0.9025293433918362,0.7783861501550848,0.9197947876722375,0.8752997497024178,0.011346481827358467,0.9901382823531624,0.9977448358812655,0.9986810248541517,0.995500824812625,0.9147558672781225,0.9198626216370922,0.966789667896679,0.8993183009963294,0.5827338129496403,0.9196712619300106,0.921875,0.9532710280373832,0.8998609179415855,0.6042780748663101,0.9172349244551411,0.9204406364749081,0.9608247422680413,0.8994668697638994,0.5950920245398773
GSE250136,mast,celltype_single_cell,Ddx5,0.7428416999723009,0.007568205944524564,-0.10742130554202234,0.47856133170016335,-0.8555018738768592,0.006444249000534703,0.5016866008324604,0.9763565583425236,0.25130781772116156,0.38830314996635734,0.013166001546546976,0.9672341034930508,1,0.9837481328310289,0.995500824812625,0.9970326409495549,0.996565540927304,1,0.994231777661248,0.920863309352518,0.9946977730646872,0.9928977272727273,1,0.9972183588317107,0.9197860962566845,0.9958550608370103,0.9955120359037127,1,0.995049504950495,0.9202453987730062
GSE250136,mast,celltype_single_cell,Ddx6,0.3502113852243518,0.08064189667361044,0.15707480817010788,-0.06733017037071454,-0.1934534565402095,2.721148980466887e-4,0.8105400995048382,0.764323935383334,0.8591359692362526,0.18622468775924286,0.006421544580902452,0.9901382823531624,0.9964021960522161,0.9986810248541517,0.995500824812625,0.8581062854059887,0.8528906697195192,0.8413284132841329,0.869952805453592,0.3669064748201439,0.8544538706256628,0.8565340909090909,0.8317757009345794,0.8706536856745479,0.46524064171123,0.8562642064447119,0.853937168502652,0.8371134020618557,0.8701447067783702,0.4233128834355828
GSE250136,mast,celltype_single_cell,Dek,1.3986267581072678,0.5413123677379232,-0.22584065119560925,0.5375736163847105,0.1679923039900011,0.002711360424045192,0.4977589839284765,0.6690186098945601,0.4719016558506478,0.44495075512998883,0.009430034720161925,0.9672341034930508,0.9785166997544211,0.9837481328310289,0.995500824812625,0.9970326409495549,0.9959931310818546,0.981549815498155,0.9769271106449922,0.9496402877697842,0.9978791092258749,0.9957386363636364,0.985981308411215,0.9777468706536857,0.9786096256684492,0.9974595534162322,0.9959200326397388,0.9835051546391752,0.9771515613099772,0.9662576687116564
GSE250136,mast,celltype_single_cell,Denr,0.21343005560696904,-0.021704485224759207,-0.12406464020790597,0.10120531002824018,-0.20808618810584179,0.11777707966384462,0.9642682205173694,0.4974009152906958,0.41387344269878196,0.3687700927642877,0.12525731760015357,0.999854330950744,0.9355206543413022,0.9837481328310289,0.995500824812625,0.9223091448610736,0.9147109330280481,0.9372693726937269,0.8972207656004195,0.6906474820143885,0.9202014846235419,0.9076704545454546,0.9485981308411215,0.8845618915159944,0.6470588235294118,0.9212461559031956,0.9126886984904121,0.9422680412371134,0.8937547600913938,0.6656441717791411
GSE250136,mast,celltype_single_cell,Dhx15,0.2642092879009388,0.14187864860384858,0.025442296617609994,0.061111889167058564,-0.32819240700949504,0.004414470998295734,0.37996273486390225,0.9784177249291056,0.7081890464965961,0.4421846281812156,0.011458839612597436,0.9568423640428352,1,0.9879344995215968,0.995500824812625,0.8740221203129215,0.8763594733829422,0.9003690036900369,0.8384897745149449,0.5539568345323741,0.8804347826086957,0.875,0.8925233644859814,0.8344923504867872,0.5401069518716578,0.8772563176895307,0.875968992248062,0.8969072164948454,0.8373952779893374,0.5460122699386503
GSE250136,mast,celltype_single_cell,Dhx9,0.39264454113823,0.034224788119936456,-0.36106767940171514,0.17357229494962212,0.01665251022462355,1.6188431726850056e-4,0.9538087016874606,0.36280020271134555,0.21454568734282936,0.9399085158243683,0.006204622690599899,0.999854330950744,0.9094028565069193,0.9837481328310289,0.9967258111793633,0.8688966819530618,0.8780767029192902,0.9188191881918819,0.843209229155742,0.45323741007194246,0.8897136797454931,0.8792613636363636,0.8925233644859814,0.8331015299026425,0.4919786096256685,0.8793956411284931,0.8784169726642187,0.9072164948453608,0.8404417364813405,0.4754601226993865
GSE250136,mast,celltype_single_cell,Dkc1,0.29655586608047013,0.1267744965962212,-0.8221900375448852,-0.042838586581634086,-0.034773026363038806,0.001042497095853372,0.4465199548308259,0.06706106985540258,0.9252609604165151,0.416176997659047,0.007731863558109168,0.9568423640428352,0.6063201478430317,0.9986810248541517,0.995500824812625,0.8705152414351227,0.862621637092158,0.992619926199262,0.8259045621394862,0.5251798561151079,0.8700954400848356,0.8650568181818182,0.9719626168224299,0.827538247566064,0.48663101604278075,0.8703035165129028,0.8633210934312525,0.9835051546391752,0.8263518659558263,0.5030674846625767
GSE250136,mast,celltype_single_cell,Dnaja1,0.7634792418375485,-0.27927421179725087,-7.361113982717564,0.024423327435791897,-0.983823488079695,0.005518959160552715,0.3252846337090077,0.19431676281437432,0.2784690188984365,0.19459839654023903,0.012403134534505311,0.9568423640428352,0.7693061183527152,0.9837481328310289,0.995500824812625,0.9886700836255733,0.9902690326273612,1,0.9748295752490823,0.8848920863309353,0.9915164369034994,0.9829545454545454,0.9906542056074766,0.9860917941585535,0.8770053475935828,0.9901056290947988,0.9881680946552428,0.9958762886597938,0.9779131759329779,0.8803680981595092
GSE250136,mast,celltype_single_cell,Dnaja2,0.2444196249182995,0.02610493212082421,0.280159188631389,0.009839085795649183,-0.02121151414188782,0.012720927964392089,0.9733569510240188,0.3689105751782871,0.890018394990334,0.8866166536737905,0.019644977362732085,0.999854330950744,0.9094028565069193,0.9986810248541517,0.996634504104157,0.8756406797949825,0.8712077847738982,0.9446494464944649,0.8028316727844782,0.5035971223021583,0.8833510074231177,0.8693181818181818,0.9439252336448598,0.7969401947148818,0.5026737967914439,0.8795293488434283,0.8706650346797226,0.9443298969072165,0.8012185833968012,0.5030674846625767
GSE250136,mast,celltype_single_cell,Dnajb6,0.19541153506087028,-0.009967242795141384,-0.21019540491527477,-0.017062793954365052,-0.10188567614492605,0.01295812261296214,0.8627138704367975,0.17663012624793203,0.7597152226224431,0.8577296264425682,0.01983196543274134,0.9901382823531624,0.7693061183527152,0.9913457141686123,0.995500824812625,0.8661990828162935,0.884373211219233,0.9630996309963099,0.8495018353434715,0.5899280575539568,0.8581654294803818,0.8693181818181818,0.9719626168224299,0.8372739916550765,0.5882352941176471,0.8621473459018585,0.8800489596083231,0.9670103092783505,0.8461538461538461,0.588957055214724
GSE250136,mast,celltype_single_cell,Dnajc2,0.21597145938667595,-0.15936450771481336,0.17011630663272204,0.02703005381783763,0.2010743739753944,0.0014352954275343131,0.1979005670733461,0.623776345147743,0.6501671338178446,0.48938995726299,0.008240416740643706,0.9568423640428352,0.966440990871839,0.9879344995215968,0.995500824812625,0.8621526841111411,0.8568975386376646,0.940959409594096,0.7897220765600419,0.5683453237410072,0.8502120890774125,0.859375,0.9392523364485982,0.7788595271210014,0.5614973262032086,0.8561304987297768,0.857609139126887,0.9402061855670103,0.7867479055597868,0.5644171779141104
GSE250136,mast,celltype_single_cell,Dnajc8,0.31976478922386775,0.09830412398166999,-0.45043545267843355,0.09233644599876811,-0.09018953811224106,0.00902154709961035,0.7458817450046764,0.2534077552146616,0.4279490995310335,0.9529208645368815,0.015564446915287352,0.9832753433879675,0.8542439141629059,0.9837481328310289,0.9967258111793633,0.9444294577825735,0.9398969662278192,0.988929889298893,0.9176717357105402,0.7482014388489209,0.9488335100742312,0.9375,0.9766355140186916,0.933240611961057,0.7647058823529411,0.9466506217408744,0.9392084863321093,0.9835051546391752,0.9219345011424219,0.7576687116564417
GSE250136,mast,celltype_single_cell,Dnajc9,0.46406794657791917,0.09382620512191542,0.19974626133409012,0.104960569962953,-0.3432942266788044,4.260828424853778e-5,0.757760617089689,0.6424853424995199,0.4158542570250985,0.5327343319643507,0.00519821067832161,0.9832753433879675,0.9694036793190637,0.9837481328310289,0.995500824812625,0.901537631507958,0.8397252432741843,0.7011070110701108,0.794441531200839,0.5251798561151079,0.9125132555673383,0.8380681818181818,0.6915887850467289,0.780250347705146,0.5401069518716578,0.9070731381200695,0.8392492860057119,0.6969072164948453,0.7905559786747905,0.5337423312883436
GSE250136,mast,celltype_single_cell,Dpy30,0.2529231735377322,-0.034373842392379395,-0.2702847806498423,-0.09321225544659706,-0.45925527628164553,0.004616193228096652,0.22261900738045048,0.18352412306293703,0.1274816226849425,2.201559707410547e-4,0.011526985429223802,0.9568423640428352,0.7693061183527152,0.9837481328310289,0.12378920152266192,0.8742918802265983,0.86090440755581,0.933579335793358,0.8070267435762979,0.6402877697841727,0.8732767762460233,0.8806818181818182,0.9345794392523364,0.7732962447844228,0.46524064171123,0.8737799171012167,0.8665850673194615,0.934020618556701,0.7977913175932978,0.5398773006134969
GSE250136,mast,celltype_single_cell,Dstn,0.24374086544026197,0.031040036617453026,0.2655215186336304,0.08989745968557328,-0.316127297262609,0.012850600844443753,0.9038291433181997,0.003035753481404665,0.512558738572307,0.5610815033806351,0.019745192807510553,0.9901382823531624,0.16308327582843482,0.9837481328310289,0.995500824812625,0.9161046668465066,0.9170005724098454,0.966789667896679,0.8987939171473519,0.6546762589928058,0.9103923647932132,0.9119318181818182,1,0.913769123783032,0.6470588235294118,0.9132236930070865,0.9155446756425949,0.9814432989690721,0.90289413556740294,0.6503067484662577
GSE250136,mast,celltype_single_cell,Dtymk,0.3032258531448626,-0.033467945296824286,-0.34747582214194805,-0.045904315837302256,-0.2724746395134079,0.006039544001651912,0.9384274968724389,0.2899830531684406,0.9388589057683139,0.5814115793400725,0.01289616752162155,0.9992785980696307,0.8825175240592783,0.9986810248541517,0.995500824812625,0.9260857836525492,0.9015455065827133,0.974169741697417,0.8605138961719979,0.6402877697841727,0.9183457051961824,0.9034090909090909,0.9485981308411215,0.8623087621696801,0.6256684491978609,0.9221821099077416,0.9020807833537332,0.9628865979381444,0.861005331302361,0.6319018404907976
GSE250136,mast,celltype_single_cell,Dut,0.8207873899257976,0.5036811589029426,-0.8814807395863387,0.2823806136337019,-0.2352690649396525,0.0026133621168937643,0.16392688992061225,0.10976307150542683,0.33813399908788655,0.09501214905820751,0.009328584011535645,0.9568423640428352,0.6743716767311836,0.9837481328310289,0.995500824812625,0.9894793633666037,0.9736691471093303,0.977859778597786,0.9659150498164657,0.8057553956834532,0.985949098621421,0.9786931818181818,0.9626168224299065,0.9596662030598053,0.893048128342246,0.987698890225966,0.9751121991024072,0.9711340206185567,0.9642041127189642,0.8558282208588958
GSE250136,mast,celltype_single_cell,Dync1i2,0.15416933932667432,-0.19795309382452642,0.314385928689489,0.006361613272424682,-0.2561111781588281,0.027695503491758623,0.04957454476696108,0.013363403421088927,0.6135464286846429,0.3692659534186074,0.035175581592730695,0.9568423640428352,0.34670254902591957,0.9879344995215968,0.995500824812625,0.8235770164553547,0.8288494562106469,0.8302583025830258,0.7886733088620871,0.5539568345323741,0.8282078472958643,0.7954545454545454,0.9112149532710281,0.8052851182197497,0.5133689839572193,0.8259125551544324,0.8192574459404325,0.865979381443299,0.7932216298552932,0.5306748466257669
GSE250136,mast,celltype_single_cell,Dynll1,0.9617160747593303,-0.40598914038899103,-0.3243997785081163,0.09053605578252188,-1.1541944689124017,0.015311396069784117,0.047815225495634904,0.8724743671207038,0.6855043355200384,0.1475653191551425,0.02235202092922331,0.9568423640428352,0.9989153187003222,0.9879344995215968,0.995500824812625,0.9908281629349879,0.994848311390956,0.996309963099631,0.9722076560041951,0.8129496402877698,0.9923117709437964,0.984375,0.9953271028037384,0.9680111265646731,0.8716577540106952,0.9915764139590855,0.9918400652794778,0.9958762886597938,0.9710586443259711,0.8466257668711656
GSE250136,mast,celltype_single_cell,Dynll2,0.26451300725536964,-0.07917728633675969,0.15998164699787898,-0.041104455760498926,-0.42206586548565594,0.0010173559016515839,0.6540857507785274,0.5146719276500231,0.9140482365822283,0.11793010781874076,0.007731863558109168,0.9832753433879675,0.9355206543413022,0.9986810248541517,0.995500824812625,0.837334772052873,0.8242701774470521,0.8339483394833949,0.7315154693235448,0.5035971223021583,0.8438494167550371,0.8082386363636364,0.822429906542056,0.7287899860917941,0.4385026737967914,0.8406204037972991,0.8196654426764586,0.8288659793814434,0.7307692307692307,0.4662576687116564
GSE250136,mast,celltype_single_cell,Edf1,0.3678145447676462,0.03626882147234989,-0.4801998670059928,0.09717110198809609,-0.18444758102087855,2.5661488190126047e-4,0.8494321871859588,0.019808986358608914,0.6629719537166661,0.6567632216101136,0.006421544580902452,0.9901382823531624,0.3934156825640003,0.9879344995215968,0.995500824812625,0.8726733207445374,0.8546078992558672,0.959409594095941,0.8300996329313057,0.49640287769784175,0.8791092258748674,0.84375,0.9532710280373832,0.8386648122392212,0.5401069518716578,0.8759192405401792,0.8514891880864953,0.9567010309278351,0.8324447829398325,0.5214723926380368
GSE250136,mast,celltype_single_cell,Eef1a1,NA,NA,NA,NA,NA,NA,NA,NA,NA,NA,NA,NA,NA,NA,NA,1,1,1,1,1,1,1,1,1,1,1,1,1,1,1
GSE250136,mast,celltype_single_cell,Eef1b2,2.1198626897720523,1.489671203149964,2.4952330420086,0.9183445998362068,-1.3684501330038685,0.03529893631248939,0.28700114292097056,0.2160435872005998,0.6105154607283798,0.3315114689050636,0.042942010841689374,0.9568423640428352,0.7989393382729112,0.9879344995215968,0.995500824812625,1,1,1,1,0.9928057553956835,1,1,1,1,1,1,1,1,1,0.9969325153374233
GSE250136,mast,celltype_single_cell,Eef1d,0.876772639784277,0.12248659141938223,-0.3310774458023866,0.16795217194673295,-0.4175213880419806,0.006622715796737644,0.21405704359684868,0.7832519463681393,0.5856198381581056,0.6502378506653957,0.013344302519725284,0.9568423640428352,0.9977448358812655,0.9879344995215968,0.995500824812625,0.9908281629349879,0.9931310818546079,0.996309963099631,0.9884635553224961,0.8633093525179856,0.98966065747614,0.9857954545454546,0.9953271028037384,0.9860917941585535,0.8449197860962567,0.990239336809734,0.9910240718074256,0.9958762886597938,0.9878141660319878,0.852760736196319
GSE250136,mast,celltype_single_cell,Eef1g,1.81493457485643,1.117488580474852,0.7389188217493174,0.7992537645534163,-0.3870526638217058,0.0030538350073233637,0.09651059408320707,0.7128339336230971,0.3314459826096554,0.8909807754811316,0.009760419475235928,0.9568423640428352,0.9947061753498773,0.9837481328310289,0.996634504104157,0.9997302400863232,0.9988551803091014,1,0.9994756161510225,0.9568345323741008,1,1,1,1,0.9679144385026738,0.9998662922850649,0.9991840065279478,1,0.9996191926884996,0.9631901840490797
GSE250136,mast,celltype_single_cell,Eef2,1.9351304931933395,0.9816893508860094,-13.399368814284635,-14.487091649141222,-0.11612621204490559,2.3249171674379014e-4,0.3393188093685239,0.3663307869057076,0.09002222375745557,0.7556090304379542,0.006204622690599899,0.9568423640428352,0.9094028565069193,0.9837481328310289,0.995500824812625,0.9986512004316158,0.9988551803091014,1,1,0.9136690647482014,1,0.9985795454545454,1,0.9986091794158554,0.9411764705882353,0.9993314614253243,0.9987760097919217,1,0.9996191926884996,0.9294478527607362
GSE250136,mast,celltype_single_cell,Eif1,1.4145223871144523,-0.4278350801900963,-18.19742212933455,0.1505286405592976,-0.9031429015163326,0.008715743304685193,0.5497516137788192,0.6444045807669424,0.26714082416512447,0.5908936345193496,0.015237455462015687,0.9832753433879675,0.9697776811869792,0.9837481328310289,0.995500824812625,0.9994604801726463,0.9994275901545506,1,0.9973780807551127,0.9856115107913669,1,1,1,1,0.9786096256684492,0.9997325845701297,0.9995920032639739,1,0.9980959634424981,0.9815950920245399
GSE250136,mast,celltype_single_cell,Eif1ax,0.3491148246714766,-0.04593268057299138,-0.12574698915860427,-0.03493059144751465,-0.20225540016509935,0.007131856515077932,0.6598051319491566,0.5745986781735288,0.9660942112888504,0.7100381466606039,0.013748545065184095,0.9832753433879675,0.9491436579500844,0.9986810248541517,0.995500824812625,0.9309414620987321,0.9164281625643961,0.9446494464944649,0.8830624016780283,0.6690647482014388,0.9366383881230117,0.9034090909090909,0.9158878504672897,0.8831710709318498,0.6577540106951871,0.9338146811070999,0.9126886984904121,0.931958762886598,0.8830921553693831,0.6625766871165644
GSE250136,mast,celltype_single_cell,Eif1b,0.24375757312946744,0.020585556024651286,0.11793431692936984,0.03029426296895732,-0.28470291271172754,0.006794201419679444,0.005836699117693522,0.8207710866254498,0.45355467771761343,0.49079403311273956,0.013404664019394321,0.9568423640428352,0.9989153187003222,0.9837481328310289,0.995500824812625,0.8618829241974643,0.7910704064109902,0.6383763837638377,0.7902464604090194,0.5251798561151079,0.8700954400848356,0.8409090909090909,0.6401869158878505,0.8122392211404729,0.5401069518716578,0.8660248696349779,0.8053855569155447,0.6391752577319587,0.7962680883472962,0.5337423312883436
GSE250136,mast,celltype_single_cell,Eif2s1,0.2246986140619529,-0.07390879788712157,0.14781489375565426,0.16301609297444575,-0.07686824440996887,0.02122646479952677,0.5054104386127993,0.7633148247010869,0.3199555079690713,0.6904221192448875,0.028819397358975936,0.9672341034930508,0.9964021960522161,0.9837481328310289,0.995500824812625,0.8656595629889399,0.8477389811104751,0.9630996309963099,0.7750393287886733,0.5323741007194245,0.8685047720042418,0.828125,0.9626168224299065,0.7816411682892906,0.5133689839572193,0.8670945313544591,0.8421052631578947,0.9628865979381444,0.7768469154607769,0.5214723926380368
GSE250136,mast,celltype_single_cell,Eif2s2,0.17775348787555778,-0.6245290510186337,-4.66273405281761,-0.2525618538372054,-0.07797890265456076,0.17246743157063607,0.2019377866222352,0.0219204093885685,0.8200432894771473,0.6166199269388709,0.17896377467961508,0.9568423640428352,0.4160006581741666,0.9986810248541517,0.995500824812625,0.9975721607769086,0.9988551803091014,1,0.9900367068694285,0.9640287769784173,0.999204665959703,1,1,0.9930458970792768,0.983957219251337,0.9983955074207782,0.9991840065279478,1,0.9908606245239908,0.9754601226993865
GSE250136,mast,celltype_single_cell,Eif3a,1.0773821657727964,0.18034326089475883,0.08934776535192945,0.6348964729976991,-1.2327864068520373,0.007231662920199112,0.04400984855189383,0.48614998586255515,0.3090044119558469,0.2009929791348455,0.013903561746766064,0.9568423640428352,0.9355206543413022,0.9837481328310289,0.995500824812625,0.9935257620717561,0.9977103606182026,0.996309963099631,0.9874147876245412,0.8705035971223022,0.9952279957582184,0.9900568181818182,1,0.9902642559109874,0.8449197860962567,0.9943842759727236,0.9955120359037127,0.9979381443298969,0.9881949733434882,0.8558282208588958
GSE250136,mast,celltype_single_cell,Eif3b,0.2117720731930981,-0.013225608248119247,-0.16450203566453703,-0.006790049946960863,-0.29796486734306593,0.020780544320252083,0.9181801197654086,0.6005686094855756,0.9015336354552268,0.5407952811221981,0.028485689967087127,0.9917690380429758,0.9636030410824716,0.9986810248541517,0.995500824812625,0.835716212570812,0.8414424728105323,0.955719557195572,0.7923439958049292,0.4028776978417266,0.8361611876988335,0.84375,0.9299065420560748,0.799721835883171,0.4385026737967914,0.8359406337745688,0.8421052631578947,0.9443298969072165,0.7943640517897944,0.4233128834355828
GSE250136,mast,celltype_single_cell,Eif3c,0.5647188397992631,0.06719289370209225,0.18278061604415896,0.30945317057773103,-0.8314285421505758,0.040853753363666485,0.0794237906115465,0.4541927768759732,0.39625136032791164,0.21135673499699353,0.048189372061562395,0.9568423640428352,0.9346521239809183,0.9837481328310289,0.995500824812625,0.9892096034529269,0.9828277046365197,0.996309963099631,0.9805977975878343,0.920863309352518,0.98966065747614,0.9928977272727273,1,0.9791376912378303,0.9037433155080213,0.989437090520123,0.9857201142390861,0.9979381443298969,0.9801980198019802,0.911042944785276
GSE250136,mast,celltype_single_cell,Eif3d,0.33185909660592516,0.01126828194981222,0.2846151039218574,0.008621969778789484,0.13626625163254102,0.004679139868879427,0.5907328482356152,0.5371192850887372,0.08569285104261076,0.6445935059570784,0.011550271626473438,0.9832753433879675,0.9355206543413022,0.9837481328310289,0.995500824812625,0.9109792284866469,0.9009730967372639,0.9704797047970479,0.86418458311484,0.4892086330935252,0.8981972428419936,0.8821022727272727,0.9766355140186916,0.8247566063977747,0.5614973262032086,0.9045326915363017,0.8955528355773154,0.9731958762886598,0.8533891850723534,0.5306748466257669
GSE250136,mast,celltype_single_cell,Eif3e,0.702908096287965,0.3500488539881861,-7.437978952295146,0.3976570356365503,-0.6279713209906026,0.03719585990436246,0.29778316353227574,0.4394921304329634,0.034237785312551346,0.3899418208181207,0.04480291164784984,0.9568423640428352,0.9334148883755017,0.9837481328310289,0.995500824812625,0.9935257620717561,0.9902690326273612,1,0.9900367068694285,0.8633093525179856,0.9939024390243902,0.9943181818181818,0.9953271028037384,0.9986091794158554,0.839572192513369,0.9937157373980479,0.9914320685434517,0.9979381443298969,0.9923838537699924,0.8496932515337423
GSE250136,mast,celltype_single_cell,Eif3f,0.8968006105343145,0.23595815700468048,-0.1020959241699888,0.49579309355481715,-0.3339585513961696,0.006153771053977865,0.2300204031606831,0.976934918509956,0.014813206308958497,0.8400495676119564,0.01300821901014133,0.9568423640428352,1,0.9837481328310289,0.995500824812625,0.9924467224170488,0.994848311390956,1,0.994231777661248,0.8129496402877698,0.9931071049840933,0.9886363636363636,1,1,0.8181818181818182,0.9927797833935018,0.993064055487556,1,0.9958111195734958,0.8159509202453987
GSE250136,mast,celltype_single_cell,Eif3g,0.18028495471671935,-0.03440576443390975,-0.10218901081974985,0.006226062408976496,-0.19225060794284898,0.053013243055043645,0.06470516868906505,0.3163595180644316,0.9904502049735818,0.6231473665950236,0.06093312189637587,0.9568423640428352,0.8984198399863772,0.9986810248541517,0.995500824812625,0.8376045319665498,0.8231253577561534,0.9630996309963099,0.7970634504457262,0.48201438848920863,0.8324496288441146,0.7755681818181818,0.9345794392523364,0.7983310152990264,0.5187165775401069,0.8350046797700227,0.8094655242758058,0.9505154639175257,0.7974105102817974,0.5030674846625767
GSE250136,mast,celltype_single_cell,Eif3h,0.7434828058266989,0.11322909513215951,0.2229871014229099,0.23876857451776434,-0.52094889654167,0.0030570773490079,0.8708148773032763,0.5863017330157407,0.17971425294560112,0.5623471140061584,0.009760419475235928,0.9901382823531624,0.9500980645074812,0.9837481328310289,0.995500824812625,0.9851632047477745,0.9885518030910132,0.996309963099631,0.9863660199265862,0.8273381294964028,0.9856839872746553,0.9872159090909091,0.9906542056074766,0.9944367176634215,0.8449197860962567,0.9854258590720685,0.9881680946552428,0.9938144329896907,0.9885757806549885,0.8374233128834356
GSE250136,mast,celltype_single_cell,Eif3i,0.5684552082295289,0.22458639369887035,0.49453097134510315,0.12159208051057213,0.09840685037993024,0.0010683371192703533,0.28909382177483,0.2540121733504576,0.37666543587809587,0.01218156751217205,0.007731863558109168,0.9568423640428352,0.8542439141629059,0.9837481328310289,0.6547036535613597,0.9544105745886161,0.9450486548368632,0.981549815498155,0.9417933927635029,0.5683453237410072,0.9522799575821845,0.9545454545454546,0.985981308411215,0.933240611961057,0.7219251336898396,0.953336007487632,0.9477764177886577,0.9835051546391752,0.9394516374714394,0.656441717791411
GSE250136,mast,celltype_single_cell,Eif3k,0.712760687775897,0.6591163330879644,-4.40282607629396,0.16389402075989157,-0.844770649565679,0.0062974238300601134,0.04210616398473814,0.4595233960183507,0.6714737973159018,0.20704336696964465,0.013109755845154216,0.9568423640428352,0.9355206543413022,0.9879344995215968,0.995500824812625,0.984353925006744,0.9885518030910132,1,0.9842684845306765,0.8273381294964028,0.985153764581124,0.9900568181818182,1,0.9888734353268428,0.8128342245989305,0.9847573204973927,0.988984088127295,1,0.9855293221629855,0.8190184049079755
GSE250136,mast,celltype_single_cell,Eif3l,0.2838074000456716,0.04921182048315176,0.1690091028280083,0.15465579630481407,-0.4131910722780705,0.0061887157053455875,0.8006110392143075,0.626347102191786,0.26299457353726324,0.3194803098447894,0.013020900752289965,0.9901382823531624,0.966440990871839,0.9837481328310289,0.995500824812625,0.8367952522255193,0.8168288494562106,0.9261992619926199,0.7703198741478763,0.4748201438848921,0.8332449628844114,0.8110795454545454,0.9252336448598131,0.7955493741307371,0.48128342245989303,0.8350046797700227,0.8151774785801713,0.9257731958762887,0.7772277227722773,0.4785276073619632
GSE250136,mast,celltype_single_cell,Eif3m,0.3484576287350176,0.10608270831386335,0.1712838492052997,0.17972726430868047,-0.03260110828333751,0.004755800728536451,0.4446951821723382,0.2675820407107108,0.6160721147409083,0.8905443329408608,0.01167084431658083,0.9568423640428352,0.8797829805101655,0.9879344995215968,0.996634504104157,0.9689776099271649,0.9593589009730967,0.981549815498155,0.955951756685894,0.7410071942446043,0.9597030752916225,0.9488636363636364,0.9953271028037384,0.9582753824756607,0.7754010695187166,0.9643000401123145,0.9563443492452061,0.9876288659793815,0.9565879664889566,0.7607361963190185
GSE250136,mast,celltype_single_cell,Eif4a1,1.238930131945347,0.35503145694567095,-1.0694557816405386,-0.043705254942436156,-0.15652910021207944,0.017867842596765666,0.38729307035812605,0.32192443438417834,0.9819821028338748,0.9744172929225786,0.025221715004360133,0.9568423640428352,0.900870965141245,0.9986810248541517,0.9967258111793633,0.9981116806042623,0.9988551803091014,1,0.9963293130571579,0.9496402877697842,0.9981442205726405,1,1,0.9972183588317107,0.9572192513368984,0.9981280919909079,0.9991840065279478,1,0.9965727341964966,0.9539877300613497
GSE250136,mast,celltype_single_cell,Eif4a3,0.2989832963419228,0.051848455308131314,0.044401430901461314,0.09740043265547582,-0.23924921122990606,0.01153755543323894,0.5754273021573219,0.7863001076334831,0.7255616985782,0.6719384429435036,0.01843024881591848,0.9832753433879675,0.9977448358812655,0.9879344995215968,0.995500824812625,0.8850822767736715,0.8563251287922152,0.9188191881918819,0.8148925013109596,0.5323741007194245,0.8844114528101803,0.8693181818181818,0.9299065420560748,0.8191933240611962,0.5561497326203209,0.8847439497258992,0.8600571195430436,0.9237113402061856,0.816070068545316,0.5460122699386503
GSE250136,mast,celltype_single_cell,Eif4b,0.2855728490099039,0.2153000467189239,-0.016411363410549384,0.25823578946633363,-0.23331701952578232,0.004804650648866446,0.023337119745323452,0.9947339758164107,0.08135898798469457,0.594284161797093,0.011701037283240881,0.9568423640428352,1,0.9837481328310289,0.995500824812625,0.8421904504990558,0.8013737836290784,0.9298892988929889,0.8515993707393812,0.4028776978417266,0.852863202545069,0.8409090909090909,0.9252336448598131,0.8609179415855355,0.44919786096256686,0.847573204973927,0.8127294981640147,0.9278350515463918,0.8541507996953541,0.4294478527607362
GSE250136,mast,celltype_single_cell,Eif4e,0.07411866904081776,-0.058040194865986994,-0.014677562572984915,-0.11497023170487042,-0.6511467880853525,0.10055122183014387,0.6347876145173098,0.4439235281907887,0.40351416915303084,0.045324852673942484,0.10828593120169339,0.9832753433879675,0.9338764996524848,0.9837481328310289,0.9105107534514731,0.8462368492042083,0.8689181453921008,0.9188191881918819,0.8479286837965391,0.5035971223021583,0.8295334040296924,0.8522727272727273,0.8878504672897196,0.8303198887343533,0.47593582887700536,0.8378125417836609,0.8641370869033048,0.9051546391752577,0.8431073876618431,0.48773006134969327
GSE250136,mast,celltype_single_cell,Eif4ebp1,-0.08610291929421177,-0.10574289245681134,-0.7334459917952714,0.06368095885011771,-0.5371038554239478,0.5635061274290412,0.40447278786432156,0.0016814957385539319,0.689209975992029,0.1866878738745858,0.5695079678395281,0.9568423640428352,0.14088121406054452,0.9879344995215968,0.995500824812625,0.8818451578095495,0.8477389811104751,0.992619926199262,0.8280020975353959,0.6618705035971223,0.8579003181336161,0.8309659090909091,0.9953271028037384,0.8484005563282336,0.6149732620320856,0.8697686856531622,0.842921256629947,0.9938144329896907,0.8335872048743336,0.6349693251533742
GSE250136,mast,celltype_single_cell,Eif4g1,0.3116461944692617,-0.15816930706490284,-0.5958905319278713,-0.03255685606632053,0.13345403255866817,0.035851290147074645,0.6250109990036583,0.10923188658135495,0.29947951997230216,0.644112654943107,0.04349005935454794,0.9832753433879675,0.6743716767311836,0.9837481328310289,0.995500824812625,0.9034259509036957,0.9026903262736119,0.9261992619926199,0.8736234923964342,0.43884892086330934,0.9093319194061505,0.890625,0.8878504672897196,0.8539638386648123,0.42780748663101603,0.9064045995453938,0.8992248062015504,0.9092783505154639,0.8682406702208683,0.4325153374233129
GSE250136,mast,celltype_single_cell,Eif4g2,0.6195044338276645,-0.020003252582135644,-0.2292662019792342,0.056500191250786536,-1.0880023067531646,0.04142946247765325,0.8784690481593412,0.6093779575850178,0.27185622344642246,0.18276910346728625,0.04880104959436673,0.9901382823531624,0.9649162709508062,0.9837481328310289,0.995500824812625,0.9840841650930672,0.9862621637092158,0.974169741697417,0.9858416360776088,0.8489208633093526,0.9840933191940615,0.9829545454545454,0.9813084112149533,0.9791376912378303,0.8609625668449198,0.984088781922717,0.98531211750306,0.977319587628866,0.984006092916984,0.8558282208588958
GSE250136,mast,celltype_single_cell,Eif4h,0.19191934572040825,0.06073596299335238,0.04946292765099569,0.052027153812318705,-0.11206490370194322,0.008492005027302567,0.5250744212158022,0.9500331177860812,0.3389114853837398,0.8801418147659648,0.015046000608540232,0.9716165828680945,1,0.9837481328310289,0.996634504104157,0.8338278931750742,0.8151116199198626,0.8856088560885609,0.8295752490823283,0.460431654676259,0.8404029692470838,0.8309659090909091,0.8878504672897196,0.8164116828929068,0.48663101604278075,0.8371440032089852,0.8196654426764586,0.8865979381443299,0.825971058644326,0.4754601226993865
GSE250136,mast,celltype_single_cell,Eif5,0.7645668630461664,0.13147027871059702,0.3751854699410151,0.08987360936119426,-0.2587961594667023,0.0021519254729772605,0.7540819116547443,0.6689107344736523,0.9146783532970767,0.865756123299277,0.008912141277491582,0.9832753433879675,0.9785166997544211,0.9986810248541517,0.995500824812625,0.9900188831939574,0.9816828849456211,0.992619926199262,0.9638175144205559,0.841726618705036,0.9875397667020148,0.984375,0.9906542056074766,0.9680111265646731,0.8609625668449198,0.9887685519454472,0.9824561403508771,0.9917525773195877,0.964965727341965,0.852760736196319
GSE250136,mast,celltype_single_cell,Eif5a,2.151741294427964,0.12079440759081805,-1.4570119335120886,0.11679222628941588,-0.9740065263440876,0.007287899383966305,0.6981170463501294,0.3944803867342814,0.6151907661230828,0.43072013525754,0.01393977082053113,0.9832753433879675,0.9144725268088905,0.9879344995215968,0.995500824812625,0.9997302400863232,0.9994275901545506,1,0.9994756161510225,0.9712230215827338,0.9997348886532343,1,1,0.9986091794158554,0.9893048128342246,0.9997325845701297,0.9995920032639739,1,0.9992383853769993,0.9815950920245399
GSE250136,mast,celltype_single_cell,Eif5b,0.32471921838247475,0.007688445198040128,-0.4938232178928095,0.09439933093453767,-0.4608880073307482,0.04348927440170601,0.8852963322681288,0.3392486978072799,0.7160646553449067,0.12566226780860099,0.05080689512866886,0.9901382823531624,0.900870965141245,0.9879344995215968,0.995500824812625,0.9616940922578905,0.9582140812821981,0.992619926199262,0.9307813319349764,0.6834532374100719,0.9591728525980912,0.953125,0.985981308411215,0.9276773296244785,0.7700534759358288,0.9604225163791951,0.9567523459812322,0.9896907216494846,0.9299314546839299,0.7331288343558282
GSE250136,mast,celltype_single_cell,Elavl1,0.25884789124154217,0.052893383708560116,-0.1179716016551895,0.12592121701522396,-0.43918974839568237,0.013001257382883269,0.5001917542365575,0.8234779415021037,0.36056187690681846,0.19732791034943803,0.01986238605542453,0.9672341034930508,0.9989153187003222,0.9837481328310289,0.995500824812625,0.8664688427299704,0.8666285060103034,0.8007380073800738,0.7996853696906135,0.5611510791366906,0.8708907741251326,0.8522727272727273,0.7850467289719626,0.8191933240611962,0.5294117647058824,0.8686990239336809,0.8625050999592003,0.7938144329896907,0.805026656511805,0.5429447852760736
GSE250136,mast,celltype_single_cell,Elob,0.6885059167875713,0.4185572382550511,-0.1355855119035958,0.11682231392668818,-0.5943522309405296,0.020624434467497118,0.34142533765704575,0.9589560779291976,0.6746029909273916,0.4164312906668759,0.02831714957434492,0.9568423640428352,1,0.9879344995215968,0.995500824812625,0.9970326409495549,0.9977103606182026,1,0.9963293130571579,0.9496402877697842,0.9978791092258749,0.9985795454545454,1,0.9986091794158554,0.9358288770053476,0.9974595534162322,0.9979600163198694,1,0.996953541507997,0.941717791411043
GSE250136,mast,celltype_single_cell,Eloc,0.24427309235994077,-0.026161115280145975,-0.6319615820824924,-0.01026334821853192,0.06535506957087023,0.0022907773592134154,0.9466285213926865,0.026897332970346438,0.024381999789538342,0.2744133277306092,0.008973962682423196,0.999854330950744,0.45940644713351714,0.9837481328310289,0.995500824812625,0.8931750741839762,0.8900973096737264,0.981549815498155,0.8510749868904037,0.48201438848920863,0.88016967126193,0.8835227272727273,0.9345794392523364,0.8915159944367177,0.5828877005347594,0.8866158577349913,0.8882088943288454,0.9608247422680413,0.8621477532368621,0.5398773006134969
GSE250136,mast,celltype_single_cell,Emg1,0.33832828594643916,0.039333822921916006,-0.11669032543119418,-0.03019738270460426,-0.06093304701533819,0.010776964004578407,0.9220897145270759,0.49282128912124556,0.6400258622959434,0.9401866388772223,0.017563983320438854,0.9917690380429758,0.9355206543413022,0.9879344995215968,0.9967258111793633,0.8804963582411653,0.8649112764739554,0.9704797047970479,0.8175144205558469,0.49640287769784175,0.8791092258748674,0.8707386363636364,0.9766355140186916,0.8303198887343533,0.5294117647058824,0.8797967642732986,0.8665850673194615,0.9731958762886598,0.821020563594821,0.5153374233128835
GSE250136,mast,celltype_single_cell,Eno1,0.6295889699116115,-0.03069284741492062,-1.3098270262766274,0.6187729116309422,-0.532959356980979,0.04641552615597692,0.994054673946953,0.00896186937517533,0.17710249921764415,0.6701961062421995,0.05378406965699361,0.999854330950744,0.30572592120026404,0.9837481328310289,0.995500824812625,0.9857027245751281,0.9879793932455638,0.992619926199262,0.9842684845306765,0.841726618705036,0.9830328738069989,0.9872159090909091,1,0.9874826147426982,0.8663101604278075,0.9843561973525873,0.9877600979192166,0.9958762886597938,0.9851485148514851,0.8558282208588958
GSE250136,mast,celltype_single_cell,Eny2,0.2994158955967863,0.04406304591423771,-0.13907444466808094,-0.09863085759379642,-0.16034569264483478,0.0037140878953334944,0.26332028460448237,0.20233019905933422,0.33962395289089276,0.848606350809018,0.010608130644196669,0.9568423640428352,0.771346694819356,0.9837481328310289,0.995500824812625,0.9366064202859455,0.9410417859187178,0.8966789667896679,0.9281594126900892,0.7050359712230215,0.9331919406150583,0.9559659090909091,0.9299065420560748,0.913769123783032,0.7219251336898396,0.9348843428265811,0.945328437372501,0.911340206185567,0.9242193450114242,0.7147239263803681
GSE250136,mast,celltype_single_cell,Eprs,0.14727824856965954,0.02149514490059712,-0.4361103908805384,0.21990156927200788,-0.33716192427428604,0.08235098941232559,0.6735285449927315,0.298605522891711,0.26704638663055685,0.6025351810957107,0.09027951855985372,0.9832753433879675,0.8825175240592783,0.9837481328310289,0.995500824812625,0.9403830590774211,0.929593589009731,0.985239852398524,0.8909281594126901,0.5467625899280576,0.9294803817603393,0.9375,0.9813084112149533,0.9068150208623088,0.5347593582887701,0.9348843428265811,0.9318645450836394,0.9835051546391752,0.8952779893373953,0.5398773006134969
GSE250136,mast,celltype_single_cell,Erh,0.19233879883669025,0.0703910353472994,-0.2046734394066536,0.19662005321954568,-0.13988844519949795,0.03361364243617799,0.7285014351114978,0.5335899327315834,0.13125941185334927,0.6181850333555113,0.04116114941445941,0.9832753433879675,0.9355206543413022,0.9837481328310289,0.995500824812625,0.8246560561100621,0.8196908986834573,0.8966789667896679,0.7996853696906135,0.4460431654676259,0.827677624602333,0.828125,0.8691588785046729,0.8066759388038943,0.49732620320855614,0.8261799705843027,0.8221134230926153,0.8845360824742268,0.8015993907083016,0.4754601226993865
GSE250136,mast,celltype_single_cell,Esd,0.3469895166618864,0.1311455314587584,-0.23654098586178485,0.119853327299833,-0.2834798356554522,0.003280646038240557,0.3926844865849691,0.5305845849266657,0.33438414056252375,0.529101478601793,0.009935006087437715,0.9568423640428352,0.9355206543413022,0.9837481328310289,0.995500824812625,0.9042352306447262,0.884373211219233,0.9040590405904059,0.86418458311484,0.49640287769784175,0.9095970307529162,0.875,0.8925233644859814,0.8845618915159944,0.5401069518716578,0.9069394304051344,0.8816809465524276,0.8989690721649485,0.8697638994668697,0.5214723926380368
GSE250136,mast,celltype_single_cell,Etfb,0.22221221210717879,-7.928785105715264e-5,-0.08480342269641516,0.20253672398235611,-0.03133254196532542,0.008539015330431506,0.973109488316284,0.1931806745917528,0.02563773271743019,0.5479825320324332,0.015066774983860548,0.999854330950744,0.7693061183527152,0.9837481328310289,0.995500824812625,0.8384138117075802,0.8460217515741271,0.966789667896679,0.8133193497640273,0.4748201438848921,0.8488865323435844,0.8451704545454546,0.9392523364485982,0.8525730180806675,0.5454545454545454,0.8436956812408076,0.8457772337821298,0.954639175257732,0.824067022086824,0.5153374233128835
GSE250136,mast,celltype_single_cell,Ewsr1,0.44259678633994115,0.10163556548375663,0.11783705123218402,0.12225260528723769,-0.4208191360614162,3.1922250012279683e-4,0.3981649786386004,0.6715537739799196,0.6904772484617753,0.3822823622692897,0.006421544580902452,0.9568423640428352,0.9785166997544211,0.9879344995215968,0.995500824812625,0.927974103048287,0.8946765884373211,0.9298892988929889,0.8746722600943891,0.539568345323741,0.9196712619300106,0.9090909090909091,0.9439252336448598,0.8817802503477051,0.5882352941176471,0.9237866024869635,0.8988168094655242,0.9360824742268041,0.8766184310738766,0.5674846625766872
GSE250136,mast,celltype_single_cell,Exosc8,0.2314791404092733,0.11587508451474271,-0.17883187417841873,0.028423176268568717,-0.13924914287865664,0.0017150430806609533,0.12903289643594326,0.47503161140282846,0.8362230851638418,0.62275722344289,0.008718135660026513,0.9568423640428352,0.9355206543413022,0.9986810248541517,0.995500824812625,0.8524413272187753,0.800801373783629,0.933579335793358,0.7692711064499214,0.43884892086330934,0.8404029692470838,0.8380681818181818,0.9299065420560748,0.7844228094575799,0.4919786096256685,0.8463698355395106,0.8115055079559363,0.931958762886598,0.7734196496572734,0.46932515337423314
GSE250136,mast,celltype_single_cell,Ezh2,0.41096343056886386,-0.02982119058781585,0.2935723481013799,0.15999051629120586,-0.14637668604375875,0.006137507309170886,0.9216967949936309,0.5598932261999483,0.01939595122490904,0.06133479341879164,0.01300603285864004,0.9917690380429758,0.9430943100093804,0.9837481328310289,0.9589069094561428,0.9487456164014028,0.9158557527189468,0.966789667896679,0.9124278972207656,0.5971223021582733,0.9448568398727466,0.9161931818181818,0.9579439252336449,0.8831710709318498,0.7165775401069518,0.9467843294558096,0.915952672378621,0.9628865979381444,0.9044173648134044,0.6656441717791411
GSE250136,mast,celltype_single_cell,Fabp5,1.0011558979202624,0.18071091290903762,-0.20558476647360813,0.014233859439431562,-0.4926100779834499,0.007896388611696023,0.7410626266021464,0.9305340156414237,0.9560402002145318,0.6053095806945838,0.014502184676104094,0.9832753433879675,1,0.9986810248541517,0.995500824812625,0.9762611275964391,0.9696622781911849,0.6678966789667896,0.9543786051389617,0.8561151079136691,0.9779957582184517,0.9730113636363636,0.6588785046728972,0.9541029207232267,0.839572192513369,0.9771359807460891,0.9706242350061199,0.6639175257731958,0.9543031226199543,0.8466257668711656
GSE250136,mast,celltype_single_cell,Fam104a,0.12155252214653922,-0.039074117483915316,-0.01113297548965475,0.03525781216354673,-0.25259056691781034,0.11715587227368411,0.6607843171388891,0.01042014446256539,0.9205231635165927,0.5401763446023002,0.1247520136181125,0.9832753433879675,0.3178144061082444,0.9986810248541517,0.995500824812625,0.8351766927434583,0.81740125930166,0.9372693726937269,0.7834294703723126,0.5107913669064749,0.8361611876988335,0.8252840909090909,0.883177570093458,0.7885952712100139,0.5187165775401069,0.8356732183446985,0.8196654426764586,0.9134020618556701,0.7848438690022849,0.5153374233128835
GSE250136,mast,celltype_single_cell,Fau,NA,NA,NA,NA,NA,NA,NA,NA,NA,NA,NA,NA,NA,NA,NA,1,1,1,1,1,1,1,1,1,1,1,1,1,1,1
GSE250136,mast,celltype_single_cell,Fbl,0.3530254490336717,-0.019074009562507044,-0.1048605132264111,0.10171284135871295,-0.08028919616079033,0.013721013974632745,0.4691627673630788,0.45162879901226727,0.6414244884203588,0.9699140284263729,0.020557449007607656,0.9568423640428352,0.9338764996524848,0.9879344995215968,0.9967258111793633,0.9282438629619638,0.9232970807097882,0.9704797047970479,0.8914525432616676,0.5971223021582733,0.926033934252386,0.9076704545454546,0.9813084112149533,0.885952712100139,0.6203208556149733,0.9271292953603423,0.9188086495308038,0.9752577319587629,0.8899466869763899,0.6104294478527608
GSE250136,mast,celltype_single_cell,Fdps,0.2547583036437788,-0.25443326687722534,-0.26318748283930127,-0.2881054457152188,-0.37579926862703195,0.29012836125658076,0.4239119792926775,0.606511744917078,0.32331949425093753,0.4222461192410732,0.2981583881024308,0.9568423640428352,0.9636030410824716,0.9837481328310289,0.995500824812625,0.8632317237658484,0.8889524899828277,0.985239852398524,0.8112218143681175,0.5755395683453237,0.8586956521739131,0.8835227272727273,0.9719626168224299,0.7955493741307371,0.5347593582887701,0.8609439764674421,0.8873929008567931,0.979381443298969,0.806930693069307,0.5521472392638037
GSE250136,mast,celltype_single_cell,Fkbp1a,0.395453665838049,0.1785588072204729,-0.3467082006415434,-0.26166800976383353,-0.09250672247996938,0.015849591545365836,0.4959875482162165,0.4338936303932961,0.2913841070072354,0.7097418992253393,0.022980562274605133,0.9672341034930508,0.9310179908439067,0.9837481328310289,0.995500824812625,0.9460480172646345,0.9444762449914138,0.948339483394834,0.9375983219716832,0.6546762589928058,0.9456521739130435,0.9502840909090909,0.9439252336448598,0.9346314325452016,0.7058823529411765,0.9458483754512635,0.9461444308445532,0.9463917525773196,0.9367859862909368,0.6840490797546013
GSE250136,mast,celltype_single_cell,Fkbp3,0.8166564930032685,0.13022342368020645,-9.372597295954625,0.23682127154179788,-0.4226337263413935,0.008853325325999854,0.34315274297972553,0.4931758596910869,0.6960086672488153,0.48593656324881507,0.015367357374804626,0.9568423640428352,0.9355206543413022,0.9879344995215968,0.995500824812625,0.9954140814674939,0.998282770463652,1,0.9910854745673833,0.935251798561151,0.9973488865323435,1,0.9953271028037384,0.9944367176634215,0.9625668449197861,0.9963898916967509,0.9987760097919217,0.9979381443298969,0.992003046458492,0.950920245398773
GSE250136,mast,celltype_single_cell,Fkbp4,0.502461915185969,0.06881361124735008,-4.947057983824877,0.05962592977079062,-0.005184781082081535,0.00228288991323428,0.6082188563458006,3.842143251221476e-4,0.7037100863840975,0.4504042910487823,0.008973962682423196,0.9832753433879675,0.041014879206789256,0.9879344995215968,0.995500824812625,0.9789587267332075,0.9730967372638809,1,0.9412690089145255,0.7122302158273381,0.972693531283139,0.9786931818181818,0.9953271028037384,0.9360222531293463,0.7807486631016043,0.9757989035967375,0.9747042023663811,0.9979381443298969,0.9398324447829398,0.7515337423312883
GSE250136,mast,celltype_single_cell,Fscn1,0.3260628324965662,-0.015384424879241632,0.27515052585552047,0.1634508795604077,-0.02501826298802534,0.0019970958952679,0.1256314883194097,0.4232732781806378,0.09630108591760973,0.23179927131489206,0.008849126187123925,0.9568423640428352,0.9252697612929077,0.9837481328310289,0.995500824812625,0.8572970056649581,0.8488838008013738,0.8450184501845018,0.912952281069743,0.5467625899280576,0.862407211028632,0.8735795454545454,0.8598130841121495,0.9026425591098748,0.4919786096256685,0.8598743147479609,0.8559771521827826,0.8515463917525773,0.9101294744859101,0.5153374233128835
GSE250136,mast,celltype_single_cell,Fth1,1.4035660214494357,0.48337824995917167,0.06287216787673522,0.3542736389677934,-0.6159377535112522,7.453238802331885e-4,0.4296162578967837,0.9954148801460181,0.6794588883865664,0.5045958173812892,0.007156386446969428,0.9568423640428352,1,0.9879344995215968,0.995500824812625,0.9975721607769086,0.998282770463652,1,0.9984268484530676,0.8705035971223022,0.9986744432661718,0.9971590909090909,1,0.9986091794158554,0.9090909090909091,0.9981280919909079,0.9979600163198694,1,0.9984767707539984,0.8926380368098159
GSE250136,mast,celltype_single_cell,Ftl1,2.577051426148156,-21.376166207040516,-7.232032870835662,1.7966923875835619,-0.7755294142651401,8.59042060454601e-4,0.757624421700984,1.4130549301505246e-6,0.09599833816090719,0.7446395095017171,0.007156386446969428,0.9832753433879675,6.03374455174274e-4,0.9837481328310289,0.995500824812625,0.9997302400863232,1,1,1,0.9784172661870504,1,1,1,1,0.9893048128342246,0.9998662922850649,1,1,1,0.9846625766871165
GSE250136,mast,celltype_single_cell,Fubp1,0.5228528116974802,-0.1240783111518109,-0.030947643703579608,0.14069604497264177,0.09680375897532478,0.02608396743177521,0.6533941949488395,0.9917088216137063,0.813693774640388,0.6373655474994163,0.033649106022259866,0.9832753433879675,1,0.9986810248541517,0.995500824812625,0.9846236849204208,0.9856897538637664,0.9704797047970479,0.9643418982695333,0.7266187050359713,0.9848886532343585,0.9886363636363636,0.9672897196261683,0.9652294853963839,0.7807486631016043,0.9847573204973927,0.9865361077111383,0.9690721649484536,0.9645849200304646,0.7576687116564417
GSE250136,mast,celltype_single_cell,Fus,0.8325202107162015,0.2801927226467047,0.1708874334092796,0.202212154857909,-0.14109414627678873,0.0029845917673501886,0.36583340530074127,0.9164989198681697,0.7462133529062515,0.6132952375530412,0.009691412050635213,0.9568423640428352,1,0.9883062072638981,0.995500824812625,0.9697868896681953,0.9645105895821409,0.977859778597786,0.9596224436287363,0.6762589928057554,0.9684517497348887,0.9545454545454546,0.9766355140186916,0.96105702364395,0.6524064171122995,0.9691135178499799,0.9616483068135455,0.977319587628866,0.96001523229246,0.6625766871165644
GSE250136,mast,celltype_single_cell,Fxr1,0.11887901256295974,0.19088708720562986,0.40905717560637234,0.0604314568835278,0.04470364567990037,0.0531903101532633,0.04312972847973745,0.017119789629361986,0.8251818399564852,0.9849701335450378,0.06105446891248235,0.9568423640428352,0.35659269130427157,0.9986810248541517,0.9967258111793633,0.8858915565147019,0.8654836863194046,0.9630996309963099,0.8647089669638175,0.6258992805755396,0.8783138918345705,0.8948863636363636,0.9953271028037384,0.8678720445062587,0.6470588235294118,0.8820697954271961,0.8739290085679314,0.977319587628866,0.8655750190403656,0.6380368098159509
GSE250136,mast,celltype_single_cell,G3bp1,0.7725151102593744,0.35060610975056683,-0.6360062918023051,0.18215609158241364,-0.5626490478656088,2.645973824352598e-4,0.23244715113485814,0.2572648198217141,0.1428972348055963,0.4584097069962786,0.006421544580902452,0.9568423640428352,0.8615849259911524,0.9837481328310289,0.995500824812625,0.9673590504451038,0.9679450486548369,0.996309963099631,0.9355007865757735,0.6690647482014388,0.971898197242842,0.9730113636363636,0.9813084112149533,0.9554937413073713,0.7005347593582888,0.9696483487097205,0.9694002447980417,0.9896907216494846,0.940974866717441,0.6871165644171779
GSE250136,mast,celltype_single_cell,G3bp2,0.50325509155588,-0.0787060309132035,-1.092552472857725,-0.027368638022722713,0.0019106443045666666,3.3836955421370904e-4,0.8055067161392327,3.755133210114319e-4,0.6580751416689725,0.993224432451567,0.006437401675242626,0.9901382823531624,0.041014879206789256,0.9879344995215968,0.9967258111793633,0.9260857836525492,0.9284487693188322,0.8819188191881919,0.8872574724698479,0.49640287769784175,0.9286850477200425,0.9204545454545454,0.8598130841121495,0.8998609179415855,0.5240641711229946,0.9273967107902126,0.9261525907792738,0.8721649484536083,0.8907083015993907,0.5122699386503068
GSE250136,mast,celltype_single_cell,Gabarap,0.3975288550459113,0.15309550596540555,0.21679599079696432,0.3808802166772214,0.04751489713799373,1.7995600905220026e-4,0.4897499498139267,0.3865282855045803,0.014519519061651054,0.80169071267736,0.006204622690599899,0.9659271527507931,0.9094028565069193,0.9837481328310289,0.995500824812625,0.8858915565147019,0.8614768174012593,0.8302583025830258,0.8610382800209754,0.5035971223021583,0.9029692470837752,0.8678977272727273,0.8644859813084113,0.8776077885952712,0.5561497326203209,0.8945046129161652,0.8633210934312525,0.845360824742268,0.8655750190403656,0.5337423312883436
GSE250136,mast,celltype_single_cell,Gapdh,5.626111793688082,-43.40776754478848,-3.5758245061549516,-1.272729666753186,-1.9148610030726658,0.0083735162683719,0.23023647707255857,0.4065306301342383,0.10217508169311067,0.42694336477475336,0.014928983075552406,0.9568423640428352,0.9206871144167472,0.9837481328310289,0.995500824812625,1,1,1,1,0.9928057553956835,1,1,1,1,1,1,1,1,1,0.9969325153374233
GSE250136,mast,celltype_single_cell,Gars,0.04882096966908689,-0.108194940236916,-0.4323009470758885,0.03729583106650347,-0.0317219319393689,0.10127833148131783,0.6766490797742095,0.14674478671230057,0.8334296342220167,0.8741806092870589,0.10879458501263575,0.9832753433879675,0.7459526657875278,0.9986810248541517,0.995500824812625,0.8640410035068788,0.8151116199198626,0.948339483394834,0.70372312532774,0.460431654676259,0.8337751855779427,0.8068181818181818,0.9112149532710281,0.6954102920723226,0.5080213903743316,0.8487765744083433,0.8127294981640147,0.931958762886598,0.7014470677837015,0.48773006134969327
GSE250136,mast,celltype_single_cell,Gas1,0.33642357679786583,0.3042029510499087,-0.43984519508680364,0.3330475459888098,-0.8456528623656143,0.1405199933132847,0.31988654784852655,0.09442411874829085,0.18757081145079568,0.19114261276723832,0.14760648744101493,0.9568423640428352,0.6743716767311836,0.9837481328310289,0.995500824812625,0.9309414620987321,0.8019461934745278,0.3173431734317343,0.9234399580492921,0.5755395683453237,0.9148992576882291,0.8139204545454546,0.397196261682243,0.9415855354659249,0.5508021390374331,0.9228506484824175,0.8053855569155447,0.3525773195876289,0.9284082254379284,0.5613496932515337
GSE250136,mast,celltype_single_cell,Gas5,1.5974798602189946,0.9183047160210567,1.8999538554749247,1.1508632111923838,-0.6322600144877999,0.002061726454184244,0.16499303471396387,0.025192002873858973,0.05437394804043894,0.4631739658380166,0.008849126187123925,0.9568423640428352,0.4551248797116474,0.9837481328310289,0.995500824812625,0.9989209603452927,0.9977103606182026,1,0.9994756161510225,0.9640287769784173,0.9994697773064687,0.9985795454545454,1,1,0.946524064171123,0.9991977537103891,0.9979600163198694,1,0.9996191926884996,0.9539877300613497
GSE250136,mast,celltype_single_cell,Gdi2,0.3620228352951891,0.0032295832716622286,-0.47065825172016007,0.1769682560723953,-0.5420131612446117,0.005893501047272754,0.6940394833178686,0.16614789241866637,0.35607112138076963,0.36304693865335447,0.012785264816735836,0.9832753433879675,0.7612231985360307,0.9837481328310289,0.995500824812625,0.9368761801996224,0.9444762449914138,0.955719557195572,0.9103303618248558,0.5611510791366906,0.9323966065747614,0.9346590909090909,0.9532710280373832,0.9054242002781642,0.5828877005347594,0.9346169273967108,0.941656466748266,0.954639175257732,0.908987052551409,0.5736196319018405
GSE250136,mast,celltype_single_cell,Gjc1,0.18060084889468442,-0.04451543692041149,0.18514792845769446,0.052142537981623605,0.35357199849499255,0.002463498087473325,0.897933254183609,0.5519225806177389,0.7626629206191783,0.35794211779606855,0.009107477777931687,0.9901382823531624,0.9408021633683613,0.9913457141686123,0.995500824812625,0.8486646884272997,0.8116771608471666,0.8154981549815498,0.7456738332459361,0.2805755395683453,0.8369565217391305,0.8082386363636364,0.8364485981308412,0.741307371349096,0.3582887700534759,0.8427597272362616,0.8106895144838842,0.8247422680412371,0.7444782939832445,0.32515337423312884
GSE250136,mast,celltype_single_cell,Glo1,0.406571872152687,0.243374953028618,0.01840065271991209,0.11130909382664678,-0.07231416686069636,0.004402343325886454,0.15425658173252568,0.9646124847862686,0.7408601076777616,0.5178487822633202,0.011458839612597436,0.9568423640428352,1,0.9883062072638981,0.995500824812625,0.9174534664148908,0.9129937034917001,0.985239852398524,0.8862087047718931,0.5323741007194245,0.9191410392364793,0.9275568181818182,0.9813084112149533,0.8901251738525731,0.6042780748663101,0.9183045861746223,0.9171766625866993,0.9835051546391752,0.8872810357958872,0.5736196319018405
GSE250136,mast,celltype_single_cell,Glrx3,0.31410085091992057,0.11492298827588465,0.2941350645751255,0.07414702457946776,-0.33178553208829875,0.005105409772563729,0.4087470410731512,0.054413037790813634,0.17181058383288392,0.3073416462297338,0.011918463976325192,0.9568423640428352,0.588211826244998,0.9837481328310289,0.995500824812625,0.923388184515781,0.9015455065827133,0.9520295202952029,0.8909281594126901,0.5755395683453237,0.9162248144220573,0.9147727272727273,0.985981308411215,0.8706536856745479,0.6417112299465241,0.9197753710389089,0.9053447572419421,0.9670103092783505,0.8853769992383854,0.6134969325153374
GSE250136,mast,celltype_single_cell,Gm10076,0.8291029771394758,0.12752887253571998,-0.45322211745049934,0.4753410056421341,-0.5120102405070526,0.004384329884942546,0.8936824842923509,0.7385754274794057,0.2949959518606017,0.7829542494719708,0.011458839612597436,0.9901382823531624,0.9964021960522161,0.9837481328310289,0.995500824812625,0.9910979228486647,0.9914138523182598,0.992619926199262,0.9858416360776088,0.8705035971223022,0.9904559915164369,0.9900568181818182,0.9906542056074766,0.9902642559109874,0.8770053475935828,0.9907741676694746,0.9910240718074256,0.9917525773195877,0.9870525514089871,0.8742331288343558
GSE250136,mast,celltype_single_cell,Gm1673,0.26507254505024314,0.17838317439573936,0.14718154193097943,0.2149836440881674,0.003839865899783579,0.009989120116069243,0.32001321153446693,0.8336246202341457,0.022929012051848014,0.9965872330221424,0.016564482677908998,0.9568423640428352,0.9989153187003222,0.9837481328310289,0.9977555650655446,0.9260857836525492,0.9038351459645106,0.45387453874538747,0.8694284216046145,0.60431654676259,0.9323966065747614,0.9034090909090909,0.4766355140186916,0.9026425591098748,0.6203208556149733,0.9292686187993047,0.9037127702978376,0.4639175257731959,0.8785224676313785,0.6134969325153374
GSE250136,mast,celltype_single_cell,Gm42418,1.5581797281598568,0.8016005797855943,1.6541541266782307,0.45731106671890753,0.41455938987001417,0.004200870592779173,0.3432855431811786,0.10527174990661074,0.6891131334831484,0.4601215507819292,0.011352985715928524,0.9568423640428352,0.6743716767311836,0.9879344995215968,0.995500824812625,0.9689776099271649,0.9759587864911277,0.988929889298893,0.9711588883062402,0.8920863309352518,0.9748144220572641,0.9744318181818182,0.9953271028037384,0.9707927677329624,0.9358288770053476,0.9719213798636182,0.9755201958384333,0.9917525773195877,0.9710586443259711,0.9171779141104295
GSE250136,mast,celltype_single_cell,Gm47283,0.5764779724866749,0.21347221504559855,-0.014100536902692973,0.13570625860587704,-0.3982172242298194,0.0015681662200542766,0.5240569784588509,0.89888236066834315,0.7444607427245289,0.22638568949963972,0.008318099080287902,0.9716165828680945,1,0.9883062072638981,0.995500824812625,0.9711356892365794,0.9702346880366343,0.977859778597786,0.9465128474043,0.6474820143884892,0.9729586426299046,0.9701704545454546,0.9813084112149533,0.9471488178025035,0.7272727272727273,0.9720550875785533,0.9702162382700938,0.979381443298969,0.9466869763899467,0.6932515337423313
GSE250136,mast,celltype_single_cell,Gmnn,0.3333365106574129,0.19470466165450162,-0.26498759621254875,0.05231172763557712,-0.2665342496961354,0.015495698379234249,0.389225632792954,0.06814056284969507,0.13846838000188122,0.6983793395534688,0.022582468286460832,0.9568423640428352,0.6063201478430317,0.9837481328310289,0.995500824812625,0.9223091448610736,0.8345735546651403,0.9704797047970479,0.8495018353434715,0.5755395683453237,0.925238600212089,0.8352272727272727,0.9205607476635514,0.8219749652294854,0.5828877005347594,0.9237866024869635,0.8347613219094248,0.9484536082474226,0.8419649657273419,0.5797546012269938
GSE250136,mast,celltype_single_cell,Gmps,0.5195432693982927,0.11748702215250839,-0.19671689918821444,0.10677983800058888,-0.11705922121018286,1.1309731774281684e-4,0.7530577304304333,0.6127938010604247,0.6967975952015298,0.12233775942117688,0.005913277083199511,0.9832753433879675,0.966440990871839,0.9879344995215968,0.995500824812625,0.9336390612355004,0.9301659988551803,0.8856088560885609,0.8814892501310959,0.5467625899280576,0.9448568398727466,0.9318181818181818,0.8925233644859814,0.8915159944367177,0.6577540106951871,0.9392966974194411,0.930640554875561,0.8886597938144329,0.8842345773038842,0.6104294478527608
GSE250136,mast,celltype_single_cell,Gnai2,0.8672421289825518,0.1986420806583098,0.14277561468755362,0.3665819557745458,-0.3691718094725198,0.008216318812016638,0.36676506774295453,0.5179252224596168,0.3165241085136217,0.3506803592243048,0.014804052370730576,0.9568423640428352,0.9355206543413022,0.9837481328310289,0.995500824812625,0.9854329646614514,0.9937034917000572,0.9630996309963099,0.9286837965390666,0.7122302158273381,0.9864793213149523,0.9886363636363636,0.9766355140186916,0.9415855354659249,0.7807486631016043,0.9859606899318091,0.9922480620155039,0.9690721649484536,0.9322162985529322,0.7515337423312883
GSE250136,mast,celltype_single_cell,Gnas,1.242770879434774,0.5970882476676032,0.3378176502630108,-11.3973205274898,-0.5483500510391579,0.00908304147955226,0.41910664364753253,0.867736522777406,0.1088759077962121,0.7789709391834012,0.015607479725427828,0.9568423640428352,0.9989153187003222,0.9837481328310289,0.995500824812625,0.9981116806042623,0.998282770463652,0.8929889298892989,1,0.9136690647482014,0.9978791092258749,0.9985795454545454,0.8785046728971962,0.9986091794158554,0.9144385026737968,0.9979943842759728,0.9983680130558955,0.8865979381443299,0.9996191926884996,0.9141104294478528
GSE250136,mast,celltype_single_cell,Gnb1,0.5621850428929749,0.33795904484001404,0.3785408606699905,0.1339242579674691,-0.5527242999177009,0.021716985134648092,0.32120864743745753,0.532831188644326,0.8276920844754259,0.5035247739340932,0.02931059678759374,0.9568423640428352,0.9355206543413022,0.9986810248541517,0.995500824812625,0.9700566495818721,0.9633657698912421,0.9630996309963099,0.9501835343471421,0.6906474820143885,0.9700424178154825,0.9602272727272727,0.9672897196261683,0.9513212795549374,0.7058823529411765,0.9700494718545261,0.9624643002855977,0.9649484536082474,0.9504950495049505,0.6993865030674846
GSE250136,mast,celltype_single_cell,Gnb2,0.27007156300991,0.20991106191130626,0.015232116644717575,0.05582493711913816,-0.06578235104285302,0.018796145637930948,0.14202115056328238,0.917622504821606,0.7033434039287846,0.626733726572959,0.026185821166057145,0.9568423640428352,1,0.9879344995215968,0.995500824812625,0.8985702724575129,0.8637664567830566,0.9077490774907749,0.8526481384373361,0.5827338129496403,0.8997879109225875,0.8806818181818182,0.8925233644859814,0.8650904033379694,0.5508021390374331,0.8991843829388956,0.868625050999592,0.9010309278350516,0.856054836252856,0.5644171779141104
GSE250136,mast,celltype_single_cell,Gng5,0.9231433301432013,0.3220282279164177,-11.73129961940938,0.0957226446537387,-0.5351448026191044,0.05840046617809647,0.37848448416871333,0.27271247866596293,0.40356594472944834,0.7704078047992439,0.06623372923784115,0.9568423640428352,0.8813021403261327,0.9837481328310289,0.995500824812625,0.9991907202589695,0.9988551803091014,1,0.9979024646040902,0.9568345323741008,0.999204665959703,1,0.9953271028037384,1,0.9625668449197861,0.9991977537103891,0.9991840065279478,0.9979381443298969,0.9984767707539984,0.9601226993865031
GSE250136,mast,celltype_single_cell,Gnl3,0.140269647202095,-0.021821680736036075,0.04343131123481081,0.021902865794471982,0.10227602727261997,0.016687708489781426,0.9420389818226229,0.8294396013467908,0.902293598684125,0.6473683374940099,0.02387152939744278,0.999854330950744,0.9989153187003222,0.9986810248541517,0.995500824812625,0.8332883733477205,0.7842014882655982,0.9520295202952029,0.7823807026743577,0.4316546762589928,0.8327147401908802,0.78125,0.9439252336448598,0.7941585535465925,0.42245989304812837,0.8329990640459954,0.7833537331701347,0.9484536082474226,0.7856054836252856,0.4263803680981595
GSE250136,mast,celltype_single_cell,Gpc3,0.008304977796094182,0.17440005269701553,0.3302407011574209,-0.06593241754680079,-0.509401081946443,0.6773231032943665,0.42240056562075423,0.48392107967841097,0.07724821321666357,0.21844976842578345,0.6805105061333988,0.9568423640428352,0.9355206543413022,0.9837481328310289,0.995500824812625,0.8656595629889399,0.842587292501431,0.4022140221402214,0.8956476140534871,0.3237410071942446,0.841728525980912,0.8409090909090909,0.4532710280373832,0.866481223922114,0.40106951871657753,0.8535900521460088,0.8421052631578947,0.4247422680412371,0.8876618431073877,0.36809815950920244
GSE250136,mast,celltype_single_cell,Gpi1,0.40762146677368616,0.3896596912831902,0.28109625500170754,0.6426861061861535,-0.5295048849061605,0.0506312576009828,0.16303806605149626,0.7059175505783897,8.224068519010808e-4,0.41093594959908475,0.058352353564425516,0.9568423640428352,0.9882506518174107,0.23411181717450769,0.995500824812625,0.9301321823577017,0.9107040641099027,0.985239852398524,0.934976402726796,0.5971223021582733,0.9308059384941676,0.9147727272727273,0.9906542056074766,0.9638386648122392,0.5775401069518716,0.9304719882337211,0.9118727050183598,0.9876288659793815,0.9428789032749428,0.5858895705521472
GSE250136,mast,celltype_single_cell,Gpx1,0.3443251124148823,-0.15041733607333718,-2.2591556818858143,0.007851398671872012,-0.3576586576430336,0.0033740725368798293,0.09620203887388779,0.012844939663831894,0.6738664438094092,0.5166203772148086,0.010110378759632893,0.9568423640428352,0.34670254902591957,0.9879344995215968,0.995500824812625,0.8667386026436471,0.9055523755008587,1,0.86418458311484,0.5899280575539568,0.8703605514316013,0.875,0.9953271028037384,0.8539638386648123,0.5721925133689839,0.8685653162187458,0.8967768257853937,0.9979381443298969,0.8613861386138614,0.5797546012269938
GSE250136,mast,celltype_single_cell,Gpx4,0.6143774271815223,0.23881440832592915,-5.105539788795381,0.2880273673642595,-0.3627411066921651,0.02055500450586415,0.07120471971432081,0.10808475993222756,0.5823672249147999,0.8597572103463429,0.02826726867634136,0.9568423640428352,0.6743716767311836,0.9879344995215968,0.995500824812625,0.9830051254383598,0.9702346880366343,1,0.9769271106449922,0.7553956834532374,0.9785259809119831,0.9517045454545454,0.9953271028037384,0.9819193324061196,0.7593582887700535,0.9807460890493381,0.9649122807017544,0.9979381443298969,0.9782939832444782,0.7576687116564417
GSE250136,mast,celltype_single_cell,Grb10,0.42633581340479676,0.3558671607154027,0.7007140954223097,0.27305685386822454,-0.1761840452005936,0.05512174222217255,0.46993541272426864,0.2809170649375988,0.5925472116276559,0.9310406075657841,0.06310183358945759,0.9568423640428352,0.8825175240592783,0.9879344995215968,0.9967258111793633,0.9603452926895063,0.9507727532913566,0.45018450184501846,0.9271106449921342,0.6115107913669064,0.9488335100742312,0.9559659090909091,0.5093457943925234,0.9304589707927677,0.6417112299465241,0.9545393769220484,0.9522643818849449,0.4762886597938144,0.928027418126428,0.6288343558282209
GSE250136,mast,celltype_single_cell,Grcc10,0.30207029713906053,0.2847379835142121,0.5387562151870755,0.058387630876024055,-0.056754466125626735,0.07183361526168068,0.2536379973798195,0.04463475264086224,0.7871227991000506,0.20640203039479804,0.07967000965386403,0.9568423640428352,0.529417760490227,0.9973336356549601,0.995500824812625,0.9665497707040733,0.9610761305094447,0.933579335793358,0.9701101206082853,0.6834532374100719,0.9589077412513256,0.9602272727272727,0.9672897196261683,0.9666203059805285,0.7807486631016043,0.9626955475330926,0.9608323133414932,0.9484536082474226,0.9691546077684692,0.7392638036809815
GSE250136,mast,celltype_single_cell,Gsk3b,0.2748693359115699,0.0904786725603377,0.206687409390371,-0.027376759790357585,0.1670899929318126,0.03584154944866923,0.8167389820648124,0.6935388459889731,0.5231098079289529,0.37996377092167627,0.04349005935454794,0.9901382823531624,0.9871369574576384,0.9837481328310289,0.995500824812625,0.8939843539250067,0.8969662278191185,0.8044280442804428,0.8935500786575773,0.38848920863309355,0.8944856839872747,0.8977272727272727,0.8130841121495327,0.8789986091794159,0.47593582887700536,0.8942371974862949,0.8971848225214198,0.8082474226804124,0.8895658796648895,0.4386503067484663
GSE250136,mast,celltype_single_cell,Gspt1,0.11829523204427472,-0.160014260474179,0.4698065513934715,-0.12312928900528997,-0.1561568688571371,0.09504405381142454,0.17569380380482386,0.04246307809674431,0.09342198685928167,0.786062155834132,0.10274382525943868,0.9568423640428352,0.5286593506879735,0.9837481328310289,0.995500824812625,0.920151065551659,0.8981110475100171,0.9704797047970479,0.8599895123230205,0.5827338129496403,0.9130434782608695,0.90625,0.9626168224299065,0.8303198887343533,0.6203208556149733,0.9165663858804654,0.9004487964096287,0.9670103092783505,0.8518659558263518,0.6042944785276073
GSE250136,mast,celltype_single_cell,Gtf2h5,0.2558794735671479,0.0793954188082937,-0.14790330039974942,0.048377922685742814,-0.17068490655966517,0.030050116818791044,0.46849388753947857,0.8247719452297123,0.8734710296348969,0.5306795405665149,0.03740932910094395,0.9568423640428352,0.9989153187003222,0.9986810248541517,0.995500824812625,0.9473968168330186,0.9393245563823698,0.9298892988929889,0.9092815941269009,0.7266187050359713,0.9403499469777307,0.9275568181818182,0.9205607476635514,0.9165507649513213,0.6951871657754011,0.9438427597272363,0.9359445124439004,0.9257731958762887,0.9112718964204113,0.7085889570552147
GSE250136,mast,celltype_single_cell,Gtpbp4,0.2879263372057421,0.06779007930184777,-0.038706789722229296,0.02896202729143349,-0.293628511844219,0.025426814030398318,0.9003104015694011,0.9872420989369245,0.48400508987605084,0.7049130116231832,0.03310160577021451,0.9901382823531624,1,0.9837481328310289,0.995500824812625,0.9457782573509577,0.931310818546079,0.985239852398524,0.8835867855270058,0.6474820143884892,0.9398197242841994,0.9332386363636364,0.9813084112149533,0.8706536856745479,0.6524064171122995,0.942773098007755,0.9318645450836394,0.9835051546391752,0.88004569687738,0.6503067484662577
GSE250136,mast,celltype_single_cell,H1fx,0.3394871142502187,0.06125491225571578,0.37993128629146433,-0.03115422645891286,-0.2531500396122057,0.021844762925115495,0.3790767635001973,0.3312294452113504,0.973295230793375,0.803860276753447,0.02942496457105463,0.9568423640428352,0.900870965141245,0.9986810248541517,0.995500824812625,0.9352576207175614,0.8895248998282771,0.8265682656826568,0.9103303618248558,0.6258992805755396,0.9289501590668081,0.9048295454545454,0.8037383177570093,0.9123783031988874,0.6470588235294118,0.9320764808129429,0.893920848633211,0.8164948453608247,0.9108910891089109,0.6380368098159509
GSE250136,mast,celltype_single_cell,H2afv,0.8581201014898951,0.673751466654835,0.5727735187036043,0.3302784683074744,-0.918961635707138,0.0786553139324098,0.3082861562678661,0.3536521296335707,0.6914146537267025,0.44934456200824924,0.08667308141713288,0.9568423640428352,0.9094028565069193,0.9879344995215968,0.995500824812625,0.9975721607769086,0.9977103606182026,0.988929889298893,0.9973780807551127,0.9136690647482014,0.9968186638388123,0.9971590909090909,0.9953271028037384,0.9972183588317107,0.9251336898395722,0.9971921379863619,0.9975520195838433,0.9917525773195877,0.9973343488194973,0.9202453987730062
GSE250136,mast,celltype_single_cell,H2afx,0.159111980893063,0.0029732094851615543,0.1423333881120099,-3.2942035937066905e-4,-0.6751089041749729,0.2138905861835803,0.7038019268048215,0.8929057870995465,0.30152317906312065,0.13597957726443466,0.22087371293927155,0.9832753433879675,1,0.9837481328310289,0.995500824812625,0.8740221203129215,0.8631940469376074,0.948339483394834,0.8353434714210802,0.6402877697841727,0.8730116648992576,0.84375,0.9485981308411215,0.8581363004172462,0.5935828877005348,0.8735125016713464,0.857609139126887,0.9484536082474226,0.8415841584158416,0.6134969325153374
GSE250136,mast,celltype_single_cell,H2afy,0.9019480393482553,0.32726651401958495,-6.53156299358249,0.008742852879343843,0.006957110659302934,0.006324612890168076,0.5670796189515033,0.043951772715276484,0.34086380978290803,0.9084378100467091,0.013109755845154216,0.9832753433879675,0.5286593506879735,0.9837481328310289,0.9967258111793633,0.987591043970866,0.9702346880366343,1,0.9722076560041951,0.8273381294964028,0.9872746553552492,0.96875,0.985981308411215,0.9833101529902643,0.8235294117647058,0.9874314747960957,0.9698082415340677,0.9938144329896907,0.9752475247524752,0.8251533742331288
GSE250136,mast,celltype_single_cell,H2afy2,0.363795502754122,0.0826730318262654,-0.03732919546273061,0.09346595830140725,0.2023413124947422,6.500382820345563e-4,0.7989185589496565,0.9911626368475137,0.6061590103277595,0.43743783817765663,0.006933194569982071,0.9901382823531624,1,0.9879344995215968,0.995500824812625,0.8861613164283787,0.8620492272467086,0.4944649446494465,0.9365495542737283,0.45323741007194246,0.8902439024390244,0.8607954545454546,0.48598130841121495,0.9471488178025035,0.5347593582887701,0.8882203503142131,0.8616891064871481,0.49072164948453606,0.9394516374714394,0.5
GSE250136,mast,celltype_single_cell,H2afz,4.305193801203714,0.9398026756705704,-2.8460008628869673,0.4772600261962907,-1.9691863746927893,0.009968871946373017,0.828398176040766,0.4285538255858246,0.9503961746351623,0.7245778073716668,0.016564482677908998,0.9901382823531624,0.9252697612929077,0.9986810248541517,0.995500824812625,0.9997302400863232,1,1,1,1,0.9994697773064687,1,1,1,1,0.9995988768551946,1,1,1,1
GSE250136,mast,celltype_single_cell,H3f3a,3.0634597551974565,-23.01638489865314,0.37366651675559837,-23.016429362259537,-1.9329242255937764,0.0031201340945426325,0.4444927628908749,0.9646471768248638,0.49262297252305587,0.2324415585584037,0.009760419475235928,0.9568423640428352,1,0.9837481328310289,0.995500824812625,0.9997302400863232,1,1,1,0.9928057553956835,1,1,1,1,1,0.9998662922850649,1,1,1,0.9969325153374233
GSE250136,mast,celltype_single_cell,H3f3b,2.427187280874186,-3.1191342698593836,-22.138031251867027,2.0081158410293085,-1.9793471590934075,1,0.4084317907665211,1,0.2858613606377131,0.4798841512764246,1,0.9568423640428352,1,0.9837481328310289,0.995500824812625,0.9997302400863232,1,1,1,0.9928057553956835,0.9997348886532343,1,1,1,1,0.9997325845701297,1,1,1,0.9969325153374233
GSE250136,mast,celltype_single_cell,Hat1,0.2710880656003165,0.16769996569031065,0.8693144233339472,0.007429789821635779,-0.05789645666783061,0.027004327294876,0.04980663443025957,0.015427045507008132,0.7449060246248809,0.8979448091875922,0.03452349627219177,0.9568423640428352,0.34670254902591957,0.9883062072638981,0.9967258111793633,0.892096034529269,0.8265598168288495,1,0.7671735710540115,0.43884892086330934,0.8966065747613998,0.8622159090909091,1,0.7538247566063978,0.48128342245989303,0.8943709052012301,0.8368013055895552,1,0.7635186595582635,0.46319018404907975
GSE250136,mast,celltype_single_cell,Hdgf,1.0952151352478108,0.3643325715104089,-1.2215429527314265,0.2585847685687783,-0.24980220265725794,2.2390620755244374e-4,0.22532812661724827,0.032522285293495434,0.48912572705887725,0.8156462703777725,0.006204622690599899,0.9568423640428352,0.5056912682553245,0.9837481328310289,0.995500824812625,0.9832748853520367,0.9822552947910704,0.996309963099631,0.9659150498164657,0.7482014388489209,0.9872746553552492,0.9886363636363636,0.9813084112149533,0.9624478442280946,0.7433155080213903,0.9852921513571333,0.9840881272949816,0.9896907216494846,0.964965727341965,0.745398773006135
GSE250136,mast,celltype_single_cell,Higd1a,0.5341853734048856,0.5426039578256159,-0.3354901344813417,0.4690012073748111,-0.20063160509074507,0.025770862968513577,0.04057845251142985,0.1034559620179581,0.03693033904073334,0.7927085261392725,0.03334593481077363,0.9568423640428352,0.6743716767311836,0.9837481328310289,0.995500824812625,0.9616940922578905,0.8723526044647968,0.9630996309963099,0.9590980597797588,0.6618705035971223,0.9604984093319194,0.8934659090909091,0.985981308411215,0.9763560500695411,0.6524064171122995,0.9610910549538708,0.8784169726642187,0.9731958762886598,0.9638233054074639,0.656441717791411
GSE250136,mast,celltype_single_cell,Hint1,1.2371761151634857,0.4731600292998035,0.4093267412829533,0.04643596033385933,-0.6067268975715177,8.060775707913381e-4,0.4103108226586474,0.7564588462478773,0.6791981862864076,0.4594485698408746,0.007156386446969428,0.9568423640428352,0.9964021960522161,0.9879344995215968,0.995500824812625,0.9973024008632317,0.9977103606182026,1,0.9963293130571579,0.920863309352518,0.9981442205726405,0.9971590909090909,1,0.9944367176634215,0.9037433155080213,0.9977269688461025,0.9975520195838433,1,0.9958111195734958,0.911042944785276
GSE250136,mast,celltype_single_cell,Hmga2,0.199694664638411,-0.5832801767570208,-0.9470642843965713,-1.2765316602003072,-0.35825636386927684,0.7919919848216347,0.27234862491502354,0.33181169195758664,2.9998869634723435e-5,0.7100993806671233,0.7947839659667169,0.9568423640428352,0.900870965141245,0.025619034668053813,0.995500824812625,0.96088481251686,0.9885518030910132,0.4317343173431734,0.9732564237021499,0.7050359712230215,0.954931071049841,0.9857954545454546,0.4719626168224299,0.9471488178025035,0.6951871657754011,0.9578820697954272,0.9877600979192166,0.44948453608247424,0.9661081492764662,0.6993865030674846
GSE250136,mast,celltype_single_cell,Hmgb1,2.42639484187092,-26.06385620725364,-0.9688472383101328,-25.79462976919646,-1.0004723443935362,0.0011240733058121824,0.8917945592217352,0.7232567615245423,0.9995581350236258,0.16576871213786645,0.00779843759966462,0.9901382823531624,0.9964021960522161,0.9999362214546985,0.995500824812625,0.9986512004316158,1,1,1,0.9856115107913669,0.9997348886532343,1,1,1,1,0.9991977537103891,1,1,1,0.9938650306748467
GSE250136,mast,celltype_single_cell,Hmgb2,3.6159635093658125,1.2818033792875738,-2.5185519718534053,0.6673772823802295,-1.6461328438734526,0.0029367005461411267,0.6256152303898855,0.4150655341528269,0.8775931873306653,0.7540954526090655,0.009645931793863546,0.9832753433879675,0.9206871144167472,0.9986810248541517,0.995500824812625,1,1,1,1,1,0.9994697773064687,1,1,1,1,0.9997325845701297,1,1,1,1
GSE250136,mast,celltype_single_cell,Hmgb3,0.6103448903427351,0.05908700372662068,0.12332584615722642,0.17909822447050328,-1.0763383125597983,0.015813944669266857,0.9517093192293025,0.7845834108705563,0.6131220438780896,0.03858872817641268,0.022967872019649484,0.999854330950744,0.9977448358812655,0.9879344995215968,0.8653719484329542,0.9900188831939574,0.9868345735546652,0.8228782287822878,0.9805977975878343,0.8920863309352518,0.9888653234358431,0.9872159090909091,0.8364485981308412,0.9791376912378303,0.8502673796791443,0.989437090520123,0.9869441044471644,0.8288659793814434,0.9801980198019802,0.8680981595092024
GSE250136,mast,celltype_single_cell,Hmgcs1,0.36363879887078365,-0.32960348991388333,0.38996051453104474,-0.4414408023524694,-0.8616826992551236,0.11960719551782226,0.2706692364865862,0.551898710443623,0.05614670393747734,0.020423011415216456,0.12688763350586363,0.9568423640428352,0.9408021633683613,0.9837481328310289,0.726718822858119,0.898300512543836,0.8992558672009159,0.948339483394834,0.7923439958049292,0.6906474820143885,0.8989925768822906,0.9048295454545454,0.9439252336448598,0.7552155771905424,0.5882352941176471,0.898649552079155,0.9008567931456548,0.9463917525773196,0.7821782178217822,0.6319018404907976
GSE250136,mast,celltype_single_cell,Hmgn1,NA,0.6183324373779655,-21.204079176861494,NA,-1.3962002227928814,0.005388196357654955,0.16511375426396466,0.9965624630684536,0.6697634427687731,0.6168952970095848,0.012190975472250998,0.9568423640428352,1,0.9879344995215968,0.995500824812625,1,1,1,0.9994756161510225,0.9928057553956835,1,0.9985795454545454,1,1,0.9946524064171123,1,0.9995920032639739,1,0.9996191926884996,0.9938650306748467
GSE250136,mast,celltype_single_cell,Hmgn2,0.6725523549305352,0.24338841433979486,-0.43159724835122404,0.23373859598259727,-0.7401491730749248,0.00736815445160015,0.6061457360053724,0.5089062934125349,0.14467949025484997,0.20557932525988035,0.01393977082053113,0.9832753433879675,0.9355206543413022,0.9837481328310289,0.995500824812625,0.9867817642298354,0.9822552947910704,0.9630996309963099,0.9764027267960147,0.8920863309352518,0.9875397667020148,0.9829545454545454,0.9485981308411215,0.9680111265646731,0.8716577540106952,0.9871640593662254,0.9824561403508771,0.9567010309278351,0.9741051028179741,0.8803680981595092
GSE250136,mast,celltype_single_cell,Hnrnpa0,1.1801189453582808,0.6467877088017762,0.5221334238509119,0.5897746869121985,-0.5016331261792342,0.0024461308705323714,0.09895371461055658,0.6962840062722535,0.299187686226237,0.1979457457856929,0.009107477777931687,0.9568423640428352,0.9882506518174107,0.9837481328310289,0.995500824812625,0.9959536012948476,0.9971379507727532,0.988929889298893,0.9931830099632931,0.8776978417266187,0.9939024390243902,0.9928977272727273,0.985981308411215,0.9930458970792768,0.9358288770053476,0.9949191068324642,0.9959200326397388,0.9876288659793815,0.9931454683929931,0.911042944785276
GSE250136,mast,celltype_single_cell,Hnrnpa1,3.1796181854627896,1.1638951705969234,-20.80761761473492,1.1185857457584518,-24.288835144626166,0.0018084011033655898,0.47991600889702823,0.8614166926075253,0.4999008036772057,0.19911641556573195,0.008720936070797415,0.9575894196216405,0.9989153187003222,0.9837481328310289,0.995500824812625,0.9994604801726463,1,1,1,1,0.9989395546129375,1,1,1,0.9893048128342246,0.9991977537103891,1,1,1,0.9938650306748467
GSE250136,mast,celltype_single_cell,Hnrnpa2b1,2.1767606119438234,0.8603988643486176,0.5976699675460964,0.3791663625627173,-0.1621458747008493,0.0030787673665555924,0.14121381312540607,0.373367519579934,0.16471752362743772,0.45164009309481934,0.009760419475235928,0.9568423640428352,0.9094028565069193,0.9837481328310289,0.995500824812625,0.9978419206905854,0.9988551803091014,0.996309963099631,0.9958049292081804,0.9496402877697842,0.9968186638388123,0.9957386363636364,1,1,0.9786096256684492,0.997325845701297,0.9979600163198694,0.9979381443298969,0.996953541507997,0.9662576687116564
GSE250136,mast,celltype_single_cell,Hnrnpa3,0.9170267079336512,-0.17615594155476622,-0.6284157587079324,0.4354473349310659,-0.29591608087850396,0.010491114432798354,0.7824280133577459,0.5059312520910417,0.1521718756717115,0.8675806380502052,0.017229637933864988,0.9887434107939682,0.9355206543413022,0.9837481328310289,0.995500824812625,0.9862422444024818,0.9891242129364625,0.992619926199262,0.9858416360776088,0.8633093525179856,0.9864793213149523,0.9857954545454546,0.9953271028037384,0.9944367176634215,0.8877005347593583,0.9863618130766145,0.9881680946552428,0.9938144329896907,0.9881949733434882,0.8773006134969326
GSE250136,mast,celltype_single_cell,Hnrnpab,1.3945568411483382,0.24567419885902986,-12.63204039975608,0.20545326578086254,-0.8825927542252501,0.00737795832655746,0.632891507973268,0.525953934191536,0.9158995443834876,0.5322613316526267,0.01393977082053113,0.9832753433879675,0.9355206543413022,0.9986810248541517,0.995500824812625,0.9975721607769086,0.9994275901545506,1,0.9963293130571579,0.8992805755395683,0.9978791092258749,1,0.9953271028037384,0.9972183588317107,0.9251336898395722,0.9977269688461025,0.9995920032639739,0.9979381443298969,0.9965727341964966,0.9141104294478528
GSE250136,mast,celltype_single_cell,Hnrnpc,0.9689556194574873,0.5210409738389696,0.09464395695982653,0.2969749935592638,-0.11562759270516487,0.004254408688863167,0.33151707955330867,0.47866824891408183,0.5114320177025031,0.8926386490111683,0.011377563220015211,0.9568423640428352,0.9355206543413022,0.9837481328310289,0.996634504104157,0.9935257620717561,0.9971379507727532,0.996309963099631,0.994231777661248,0.8920863309352518,0.9954931071049841,0.9971590909090909,1,0.9972183588317107,0.893048128342246,0.9945179836876588,0.9971440228478172,0.9979381443298969,0.995049504950495,0.8926380368098159
GSE250136,mast,celltype_single_cell,Hnrnpd,1.1715806744415378,-0.16676016338185562,0.16033262593154518,0.21227784387232873,-0.9345172713083159,0.0027637077975584457,0.5989873265691817,0.8737133468080667,0.8363387845816894,0.3670114782355374,0.009517440360535066,0.9832753433879675,0.9989153187003222,0.9986810248541517,0.995500824812625,0.9913676827623416,0.9908414424728106,0.988929889298893,0.983744100681699,0.9136690647482014,0.9933722163308589,0.9857954545454546,0.9813084112149533,0.9874826147426982,0.8983957219251337,0.9923786602486964,0.9893920848633211,0.9855670103092784,0.9847677075399848,0.9049079754601227
GSE250136,mast,celltype_single_cell,Hnrnpdl,1.0292354153041474,0.21556705902799056,-0.184709779444864,0.07779629189623538,-0.6906692372947019,0.0012694617982265245,0.10064289318440352,0.538333371403278,0.07552758704823752,0.48265581061695817,0.008090450564816807,0.9568423640428352,0.9355206543413022,0.9837481328310289,0.995500824812625,0.98893984353925,0.9914138523182598,0.988929889298893,0.9853172522286313,0.8561151079136691,0.9904559915164369,0.9815340909090909,0.9719626168224299,0.9749652294853964,0.8770053475935828,0.9897045059499933,0.9885760913912689,0.9814432989690721,0.9824828636709825,0.8680981595092024
GSE250136,mast,celltype_single_cell,Hnrnpf,0.9761913949357925,0.10945435150325267,-8.346240006056169,0.3064225116960735,-0.5188649294562175,0.003518200009903696,0.9192473738908331,0.26003143428433506,0.6408398816770459,0.38437391294947887,0.01032913837858006,0.9917690380429758,0.8661402097296694,0.9879344995215968,0.995500824812625,0.9932560021580793,0.9914138523182598,1,0.9821709491347667,0.8920863309352518,0.9944326617179216,0.9900568181818182,0.9953271028037384,0.9847009735744089,0.8663101604278075,0.993849445112983,0.9910240718074256,0.9979381443298969,0.9828636709824828,0.8773006134969326
GSE250136,mast,celltype_single_cell,Hnrnph1,0.48575165469152193,-0.035494810216316175,-0.14898836828711648,0.23752278204549615,-0.6991579283918714,0.013031454306003653,0.9656898152356935,0.8984643318432264,0.37022043094082985,0.33354678519929315,0.01986713134229394,0.999854330950744,1,0.9837481328310289,0.995500824812625,0.9525222551928784,0.9502003434459073,0.948339483394834,0.9239643418982695,0.60431654676259,0.9538706256627784,0.9502840909090909,0.9439252336448598,0.9360222531293463,0.6256684491978609,0.9532022997726969,0.9502243982048144,0.9463917525773196,0.9272658035034272,0.6165644171779141
GSE250136,mast,celltype_single_cell,Hnrnpk,1.5064353639599428,0.5545346787890715,-0.3549069181434614,0.19162346677736153,-1.0142972441224494,5.744360320146511e-4,0.38664192186129637,0.9880134646597132,0.8758140602599231,0.45871590891310415,0.006933194569982071,0.9568423640428352,1,0.9986810248541517,0.995500824812625,0.9973024008632317,0.9994275901545506,1,0.9973780807551127,0.9568345323741008,0.9989395546129375,0.9985795454545454,1,0.9986091794158554,0.9572192513368984,0.9981280919909079,0.9991840065279478,1,0.9977151561309977,0.9570552147239264
GSE250136,mast,celltype_single_cell,Hnrnpl,0.40999416947665246,0.13754761291714335,0.09504694807103986,0.1347143411366405,-0.16587581770528903,0.006383683096316818,0.6351430761400462,0.5478534312514772,0.6636398400643684,0.1855614907918948,0.01313062155296998,0.9832753433879675,0.9408021633683613,0.9879344995215968,0.995500824812625,0.9271648233072566,0.9250143102461362,0.922509225092251,0.8888306240167803,0.5827338129496403,0.9249734888653235,0.9232954545454546,0.9439252336448598,0.8956884561891516,0.5133689839572193,0.9260596336408611,0.9245206038351693,0.931958762886598,0.8907083015993907,0.5429447852760736
GSE250136,mast,celltype_single_cell,Hnrnpm,0.6247616015264867,-0.08991617567714805,-0.5101699565770677,0.20152557068610655,0.0650230306138555,0.004157172632753907,0.8581902687343826,0.3483844600944132,0.5414163490435637,0.44597328210535653,0.011306450408827506,0.9901382823531624,0.9094028565069193,0.9879344995215968,0.995500824812625,0.9794982465605611,0.976531196336577,0.977859778597786,0.9669638175144205,0.8201438848920863,0.9793213149522799,0.9772727272727273,0.9766355140186916,0.9652294853963839,0.786096256684492,0.9794090118999866,0.9767441860465116,0.977319587628866,0.9664889565879665,0.8006134969325154
GSE250136,mast,celltype_single_cell,Hnrnpr,0.5490068559745831,0.08401437395068179,0.6014911448193168,0.3216404102133019,-0.6516125077915058,0.006755246546043091,0.9195076939842792,0.10084605358631749,0.14699860908120913,0.37430511631486457,0.013404664019394321,0.9917690380429758,0.6743716767311836,0.9837481328310289,0.995500824812625,0.9606150526031831,0.9387521465369204,0.948339483394834,0.9276350288411117,0.6187050359712231,0.9589077412513256,0.9346590909090909,0.9672897196261683,0.9415855354659249,0.6256684491978609,0.9597539778045193,0.9375764993880049,0.9567010309278351,0.9314546839299315,0.6226993865030674
GSE250136,mast,celltype_single_cell,Hnrnpu,0.9224237829087016,0.1882833285366008,-11.85175055965944,0.2504985692837902,-0.3942660857909228,0.012887390074808118,0.4838788760746101,0.5108993731450989,0.657314678199437,0.9176313000536126,0.019759122305002035,0.9632460609970095,0.9355206543413022,0.9879344995215968,0.9967258111793633,0.9962233612085244,0.9925586720091586,1,0.9900367068694285,0.9064748201438849,0.9939024390243902,0.9957386363636364,0.9953271028037384,0.9944367176634215,0.9144385026737968,0.9950528145473994,0.9934720522235823,0.9979381443298969,0.9912414318354913,0.911042944785276
GSE250136,mast,celltype_single_cell,Hoxaas3,-0.7220912067400302,-0.4045205516184609,-0.8183262135845615,-0.24594386103961874,-0.8618622465324357,0.037662352333213446,0.5937816370012289,0.48422871197618045,0.8063013669264864,0.35733756175403536,0.0450471273005102,0.9832753433879675,0.9355206543413022,0.9986090403715784,0.995500824812625,0.9403830590774211,0.9834001144819691,0.3173431734317343,0.46670162558993183,0.7338129496402878,0.8677094379639448,0.9815340909090909,0.3644859813084112,0.47844228094575797,0.7379679144385026,0.9037304452466908,0.9828641370869033,0.33814432989690724,0.4699162223914699,0.7361963190184049
GSE250136,mast,celltype_single_cell,Hoxb5os,0.1546203537034625,0.3565597518761914,-0.24295403437769814,0.11457712084322491,-0.037800507594223376,0.12915822192275186,0.17608596686313932,0.30353294735356695,0.768718596958607,0.9863884948596111,0.13634254823489503,0.9568423640428352,0.8847001264161986,0.9955254664505058,0.9967258111793633,0.9681683301861344,0.9753863766456783,0.2693726937269373,0.5605663345568956,0.7913669064748201,0.9583775185577943,0.96875,0.3598130841121495,0.5493741307371349,0.8074866310160428,0.9632303783928333,0.9734802121583027,0.30927835051546393,0.5575019040365575,0.8006134969325154
GSE250136,mast,celltype_single_cell,Hoxb9,0.45063965032800546,0.05346356358792104,-0.5197855571586318,-0.18849084080668543,-0.8188454242975975,0.008349792503175513,0.8406495758788277,0.45082409635688064,0.18909033009147744,0.1059551449531639,0.01491783012073617,0.9901382823531624,0.9338764996524848,0.9837481328310289,0.995500824812625,0.9579174534664149,0.9444762449914138,0.34317343173431736,0.5222863135815417,0.6762589928057554,0.9469777306468717,0.953125,0.4158878504672897,0.48400556328233657,0.5989304812834224,0.952400053483086,0.9469604243166054,0.3752577319587629,0.5118050266565118,0.6319018404907976
GSE250136,mast,celltype_single_cell,Hpf1,0.3913584275844859,0.19805525579677496,-0.24056106956096102,0.21241905345927803,0.016855075333459535,4.410306044946321e-4,0.2653416766117444,0.2161000933763031,0.19689708776927067,0.5840676705328791,0.006933194569982071,0.9568423640428352,0.7989393382729112,0.9837481328310289,0.995500824812625,0.8788777987591044,0.8368631940469377,0.8560885608856088,0.7414787624541164,0.45323741007194246,0.8910392364793213,0.84375,0.794392523364486,0.7579972183588317,0.5240641711229946,0.8850113651557695,0.8388412892696858,0.8288659793814434,0.746001523229246,0.4938650306748466
GSE250136,mast,celltype_single_cell,Hsbp1,0.21904669612888306,0.043683062556436614,0.2536437802065703,0.1171100196225634,-0.41635408725506484,0.02419138752275713,0.635041172658849,0.3509998055078221,0.24265417658760113,0.03902060832998959,0.03183273489127056,0.9832753433879675,0.9094028565069193,0.9837481328310289,0.8653719484329542,0.8675478823846776,0.8866628506010303,0.8708487084870848,0.9208180388044048,0.6834532374100719,0.8695652173913043,0.8764204545454546,0.8691588785046729,0.9151599443671766,0.5828877005347594,0.8685653162187458,0.8837209302325582,0.8701030927835052,0.9192688499619193,0.6257668711656442
GSE250136,mast,celltype_single_cell,Hsp90aa1,3.100175601154014,-30.725437490451064,-30.725437490451064,NA,-30.725437490451064,0.009615765430918912,0.840985146424811,0.0019445605046155242,0.6002448732795751,0.8177951287914568,0.016182596682938283,0.9901382823531624,0.14088121406054452,0.9879344995215968,0.995500824812625,1,1,1,0.9989512323020451,1,0.9997348886532343,1,1,1,1,0.9998662922850649,1,1,0.9992383853769993,1
GSE250136,mast,celltype_single_cell,Hsp90ab1,NA,NA,NA,NA,NA,NA,NA,NA,NA,NA,NA,NA,NA,NA,NA,1,1,1,1,1,1,1,1,1,1,1,1,1,1,1
GSE250136,mast,celltype_single_cell,Hsp90b1,0.40525151085473965,0.0034580468886842297,-0.7368716508444155,0.008974461716364068,-1.3368323191095381,0.038297029132984564,0.9965164935910963,0.2944126618918864,0.8943077095256837,0.029809278598579268,0.04561459257959389,0.999854330950744,0.8825175240592783,0.9986810248541517,0.8653719484329542,0.9654707310493661,0.9662278191184889,0.996309963099631,0.9632931305715784,0.6474820143884892,0.9671261930010604,0.9659090909090909,0.9813084112149533,0.96105702364395,0.5775401069518716,0.9663056558363418,0.9661362709098327,0.9896907216494846,0.9626808834729627,0.6073619631901841
GSE250136,mast,celltype_single_cell,Hspa4,0.31608472938667065,-0.01673361183162214,-0.8043836267457403,0.2040448289053849,-0.01900875396245949,0.02172553602640145,0.727460912210758,0.11421032746087798,0.42779842270333585,0.7056771437756585,0.02931059678759374,0.9832753433879675,0.6873321397698187,0.9837481328310289,0.995500824812625,0.912328028055031,0.9170005724098454,0.992619926199262,0.8704771893025695,0.6187050359712231,0.9191410392364793,0.9232954545454546,0.9766355140186916,0.8720445062586927,0.6737967914438503,0.9157641395908543,0.9188086495308038,0.9855670103092784,0.8709063214013709,0.6503067484662577
GSE250136,mast,celltype_single_cell,Hspa5,0.3068189927581422,-0.2529973915971624,-0.6705841584449992,-0.11881853587582736,-0.5672609246084876,0.08670895836967805,0.41774085632725677,0.1873844197720278,0.8076958478661737,0.665640826582349,0.094571456510479,0.9568423640428352,0.7693061183527152,0.9986090403715784,0.995500824812625,0.9522524952792015,0.9633657698912421,0.9630996309963099,0.9213424226533823,0.4028776978417266,0.9544008483563097,0.9630681818181818,0.9532710280373832,0.9248956884561892,0.4117647058823529,0.953336007487632,0.9632802937576499,0.9587628865979382,0.9223153084539223,0.40797546012269936
GSE250136,mast,celltype_single_cell,Hspa8,NA,-27.415931116334026,NA,-0.5325340709276993,NA,0.0244388548037433,0.8880764945365321,0.15584055595243862,0.07601520776022179,0.18250608193792378,0.032108895388302736,0.9901382823531624,0.7510143057753815,0.9837481328310289,0.995500824812625,1,1,1,1,0.9856115107913669,1,1,1,0.9972183588317107,1,1,1,1,0.9992383853769993,0.9938650306748467
GSE250136,mast,celltype_single_cell,Hspd1,1.265875329112335,-0.20180335450805664,-10.748104509817606,-0.044963691476592516,-0.26939780683183656,0.0031093123334181103,0.8299206962387548,0.10114840458671777,0.8031348773995873,0.8905789255767663,0.009760419475235928,0.9901382823531624,0.6743716767311836,0.9986090403715784,0.996634504104157,0.9943350418127866,0.994848311390956,1,0.9753539590980598,0.8992805755395683,0.9939024390243902,0.9957386363636364,0.9953271028037384,0.9819193324061196,0.8983957219251337,0.9941168605428533,0.9951040391676866,0.9979381443298969,0.9771515613099772,0.8987730061349694
GSE250136,mast,celltype_single_cell,Hspe1,1.3771409996990833,-1.0551708240376136,0.44963992323145874,-0.05755711637748462,-0.43382027283473157,0.011567462957063587,0.7491129327991761,0.8417780673069757,0.9132642614983867,0.5508027301152671,0.01843024881591848,0.9832753433879675,0.9989153187003222,0.9986810248541517,0.995500824812625,0.9991907202589695,1,1,0.9958049292081804,0.9640287769784173,0.9986744432661718,1,1,0.9958275382475661,0.983957219251337,0.9989303382805188,1,1,0.9958111195734958,0.9754601226993865
GSE250136,mast,celltype_single_cell,Huwe1,0.29002584429468437,0.01698586028123872,0.23939098781054158,0.18165550521424256,0.09230537280797169,0.001740125547762839,0.9283542974207385,0.5846305582120902,0.3026323602158151,0.961562681670526,0.008720936070797415,0.9926052013809584,0.9500980645074812,0.9837481328310289,0.9967258111793633,0.8678176422983545,0.8637664567830566,0.940959409594096,0.8390141583639223,0.34532374100719426,0.8658536585365854,0.859375,0.9439252336448598,0.8386648122392212,0.36363636363636365,0.8668271159245888,0.8625050999592003,0.9422680412371134,0.8389185072353389,0.3558282208588957
GSE250136,mast,celltype_single_cell,Ier3ip1,0.27300627847448444,-0.0032143607745753755,0.42092496320367,-0.029763761346134565,-0.17108828821591748,8.966432667748581e-4,0.9965403974223165,0.06886774512971203,0.45207146549910626,0.6811472565683965,0.007156386446969428,0.999854330950744,0.6063201478430317,0.9837481328310289,0.995500824812625,0.8899379552198543,0.8906697195191757,0.9003690036900369,0.8793917147351862,0.5539568345323741,0.9045599151643691,0.8877840909090909,0.9018691588785047,0.8636995827538247,0.5935828877005348,0.8973124749298035,0.8898408812729498,0.9010309278350516,0.8750952018278751,0.5766871165644172
GSE250136,mast,celltype_single_cell,Ifitm1,-0.667694041744423,0.20198777150772695,1.07112028109551,-0.6297656310466566,-0.1447137309768065,0.014173959441515706,0.7272845579000733,0.2161065423197219,0.3371412849054633,0.7506568921582657,0.021051411066181587,0.9832753433879675,0.7989393382729112,0.9837481328310289,0.995500824812625,0.9536012948475856,0.9553520320549513,0.981549815498155,0.8227582590456214,0.7553956834532374,0.9003181336161188,0.9474431818181818,0.9953271028037384,0.8511821974965229,0.8128342245989305,0.9267281722155368,0.9530803753569972,0.9876288659793815,0.8305407463823306,0.7883435582822086
GSE250136,mast,celltype_single_cell,Ifitm2,-0.19966000240390436,0.8755391993691717,0.7649937381552494,0.23025673204992714,-0.9706635832747512,0.044340095108980564,0.05607693497116559,0.5197875313449661,0.8554204157470687,0.2571850496979215,0.051518967650434566,0.9568423640428352,0.9355206543413022,0.9986810248541517,0.995500824812625,0.9840841650930672,0.9839725243274184,1,0.9816465652857892,0.8561151079136691,0.9724284199363733,0.9914772727272727,1,0.9833101529902643,0.8983957219251337,0.9782056424655703,0.9861281109751122,1,0.9821020563594821,0.8803680981595092
GSE250136,mast,celltype_single_cell,Igf2bp1,0.5872435581171822,0.2519164094021429,-0.04325798837024886,0.06186690801725803,-0.5797848342255785,4.3587141414350915e-4,0.10046572032290224,0.961750889367782,0.8796822606082958,0.044402341615580404,0.006933194569982071,0.9568423640428352,1,0.9986810248541517,0.9105107534514731,0.9320205017534394,0.9026903262736119,0.966789667896679,0.8799160985841636,0.45323741007194246,0.9265641569459173,0.9232954545454546,0.9579439252336449,0.8873435326842837,0.5721925133689839,0.9292686187993047,0.908608731130151,0.9628865979381444,0.8819497334348819,0.5214723926380368
GSE250136,mast,celltype_single_cell,Igf2bp3,0.4210426736605535,0.18640151641875358,0.2419555527672248,0.04794628138803603,-0.43046017870210695,0.0037542253976977514,0.45360798495796445,0.6469152974972144,0.8637545157431782,0.4579509628083,0.010651523221375017,0.9568423640428352,0.9697776811869792,0.9986810248541517,0.995500824812625,0.8850822767736715,0.886090440755581,0.7343173431734318,0.8300996329313057,0.5179856115107914,0.8849416755037116,0.8920454545454546,0.7383177570093458,0.8261474269819193,0.5133689839572193,0.8850113651557695,0.8878008975928192,0.7360824742268042,0.829017517136329,0.5153374233128835
GSE250136,mast,celltype_single_cell,Ilf2,0.2370108787951266,0.06406299168010632,0.1586592802904323,0.09452060595990641,-0.6588335316504026,0.013478328122605682,0.8482134348800502,0.742655986595831,0.5507592212595461,0.012269424340733618,0.020300691740220905,0.9901382823531624,0.9964021960522161,0.9879344995215968,0.6547036535613597,0.8621526841111411,0.8506010303377218,0.9077490774907749,0.8510749868904037,0.43884892086330934,0.8645281018027572,0.8522727272727273,0.9112149532710281,0.866481223922114,0.33689839572192515,0.8633507153362749,0.8510811913504692,0.9092783505154639,0.8552932216298553,0.3803680981595092
GSE250136,mast,celltype_single_cell,Immt,0.20191781867292313,-0.024899331207342,-0.12685251412974807,0.061739762383559604,0.1292764996768434,0.007820999457928711,0.6654431224754362,0.7234628375088308,0.8062782774904648,0.49434551883131106,0.014425774378123367,0.9832753433879675,0.9964021960522161,0.9986090403715784,0.995500824812625,0.8411114108443485,0.8311390955924441,0.977859778597786,0.7986366019926586,0.43884892086330934,0.838016967126193,0.8394886363636364,0.9626168224299065,0.8011126564673157,0.42245989304812837,0.8395507420778179,0.8335373317013464,0.9711340206185567,0.7993145468392994,0.4294478527607362
GSE250136,mast,celltype_single_cell,Impdh2,0.5734747777340488,0.2964347292683196,0.39514830897934106,0.3127244884127145,-0.33583604565463787,5.15579345664899e-5,0.18212460178023096,0.2701311064982448,0.1460727729397571,0.6584801867787186,0.005503809514972796,0.9568423640428352,0.8805036830133628,0.9837481328310289,0.995500824812625,0.9430806582141894,0.9210074413279908,0.992619926199262,0.9218668065023597,0.6115107913669064,0.9520148462354189,0.9261363636363636,0.9906542056074766,0.9290681502086231,0.6363636363636364,0.9475865757454205,0.9224806201550387,0.9917525773195877,0.9238385376999239,0.6257668711656442
GSE250136,mast,celltype_single_cell,Ipo5,0.21287883254265427,0.15543601050515932,-0.21673323496322938,-0.03591491429864391,-0.07728663395163293,0.019782683203566777,0.28523697758310285,0.4739005346341224,0.9283041621483292,0.9697342050658962,0.02744075567918191,0.9568423640428352,0.9355206543413022,0.9986810248541517,0.9967258111793633,0.8456973293768546,0.795649685174585,0.9040590405904059,0.7729417933927635,0.4244604316546763,0.8541887592788971,0.8125,0.897196261682243,0.7732962447844228,0.44385026737967914,0.8499799438427598,0.8004895960832313,0.9010309278350516,0.773038842345773,0.43558282208588955
GSE250136,mast,celltype_single_cell,Jpt1,0.4669123573075207,-0.0482622021528063,-0.08656415962118924,-0.004311656991841328,-1.0669800151786162,0.007875407103900348,0.14208861290492958,0.8094015755973248,0.7197545518455504,0.037858306117188226,0.01449482255760969,0.9568423640428352,0.998774741045704,0.9879344995215968,0.8653719484329542,0.9239277043431346,0.9158557527189468,0.8892988929889298,0.8636601992658626,0.762589928057554,0.9231177094379639,0.8892045454545454,0.897196261682243,0.8762169680111266,0.7486631016042781,0.9235191870570932,0.9082007343941249,0.8927835051546392,0.8670982482863671,0.754601226993865
GSE250136,mast,celltype_single_cell,Kdm1a,0.20158102403369949,-0.026982700320470343,0.1388125399340181,0.2115098717016819,-0.32614409759182106,3.0402121976901095e-4,0.9156300429554745,0.567691983527299,0.0767022913561623,0.37185002182981686,0.006421544580902452,0.9917690380429758,0.9450466938251723,0.9837481328310289,0.995500824812625,0.8772592392770434,0.8740698340011448,0.977859778597786,0.815416885159937,0.49640287769784175,0.8605514316012726,0.875,0.9719626168224299,0.8428372739916551,0.5454545454545454,0.8688327316486161,0.8743370053039575,0.9752577319587629,0.8229246001523229,0.5245398773006135
GSE250136,mast,celltype_single_cell,Kdm5b,0.12769868233231274,-0.20139349096583925,-0.3951696986928561,0.1225569746709183,-0.4769715175645819,0.14609465577387593,0.2110216398842272,0.01135458659405298,0.16232163456928697,0.3972346832970006,0.15308568838146017,0.9568423640428352,0.33437299832142225,0.9837481328310289,0.995500824812625,0.7836525492311842,0.8448769318832284,0.974169741697417,0.8133193497640273,0.381294964028777,0.795068928950159,0.8338068181818182,0.9813084112149533,0.8442280945757997,0.3850267379679144,0.789410348977136,0.8416972664218686,0.977319587628866,0.8217821782178217,0.3834355828220859
GSE250136,mast,celltype_single_cell,Khdrbs1,0.421565285425487,0.08553926207474305,-0.08814446471932769,0.3092560280904264,-0.11689242702833136,0.007551010123758992,0.7440667629797574,0.5573747558424051,0.23041951924620577,0.6602760419233696,0.014110640362560567,0.9832753433879675,0.9430943100093804,0.9837481328310289,0.995500824812625,0.9320205017534394,0.9421866056096165,0.8044280442804428,0.9496591504981646,0.6546762589928058,0.9419406150583245,0.9375,0.7523364485981309,0.96105702364395,0.7058823529411765,0.9370236662655436,0.9408404732762138,0.7814432989690722,0.9527798933739527,0.6840490797546013
GSE250136,mast,celltype_single_cell,Kif5b,0.18998832290728052,-0.08956325857108549,0.21214549894164758,-0.13537679978386974,-0.3954362527418671,0.023393425058451375,0.6124017958606561,0.6070473490660068,0.4558999649002027,0.22051701941244822,0.031215601562371055,0.9832753433879675,0.9636030410824716,0.9837481328310289,0.995500824812625,0.8640410035068788,0.8723526044647968,0.8708487084870848,0.8447823807026743,0.49640287769784175,0.8584305408271474,0.8735795454545454,0.8785046728971962,0.8344923504867872,0.44919786096256686,0.8612113918973124,0.8727050183598531,0.8742268041237113,0.8419649657273419,0.46932515337423314
GSE250136,mast,celltype_single_cell,Kmt5a,0.26881748861867916,-0.051535051230547246,0.1079855703688195,-0.17876068426987013,-0.13131715341402872,0.0012555748470475722,0.830236463458226,0.8484836480662231,0.06308111921508901,0.84250032241926,0.008062112175779148,0.9901382823531624,0.9989153187003222,0.9837481328310289,0.995500824812625,0.8562179660102509,0.7859187178019462,0.7490774907749077,0.7587834294703724,0.5035971223021583,0.8642629904559915,0.7741477272727273,0.7570093457943925,0.721835883171071,0.5347593582887701,0.8602754378927664,0.7825377396980824,0.7525773195876289,0.7486671744097486,0.5214723926380368
GSE250136,mast,celltype_single_cell,Knop1,0.1542762577828256,0.013280589113995322,-0.27739455328263984,0.005977226438298899,-0.44459082795018734,0.3120059660011214,0.9662507568905134,0.01503796928250303,0.6766293289945595,0.025728530853365312,0.32025612375595874,0.999854330950744,0.34670254902591957,0.9879344995215968,0.8374504213779218,0.9374157000269759,0.9244419004006869,0.9704797047970479,0.9103303618248558,0.7194244604316546,0.9353128313891834,0.9261363636363636,0.9065420560747663,0.9026425591098748,0.6203208556149733,0.9363551276908678,0.9249286005711954,0.9422680412371134,0.9082254379284083,0.6625766871165644
GSE250136,mast,celltype_single_cell,Kpnb1,0.31615657574525136,0.08979635174158851,0.13438454806914724,0.03245053177763024,-0.3590007069224228,0.00426325553911577,0.3594444650330268,0.6279273488404635,0.8187908297914034,0.42246080706648426,0.011377563220015211,0.9568423640428352,0.966440990871839,0.9986810248541517,0.995500824812625,0.8626922039384948,0.8437321121923297,0.9003690036900369,0.795490298898794,0.4892086330935252,0.8618769883351007,0.8267045454545454,0.883177570093458,0.7885952712100139,0.46524064171123,0.8622810536167936,0.8388412892696858,0.8927835051546392,0.7936024371667936,0.4754601226993865
GSE250136,mast,celltype_single_cell,Krtcap2,0.3028585782836286,-0.047765724416352295,0.45108161508046374,0.07690288049225646,-0.2771991165925831,0.0042876548246139744,0.6803063756985266,0.047154942095241334,0.7481856836346666,0.5934627288150183,0.01140703183869263,0.9832753433879675,0.5401158698063615,0.9883062072638981,0.995500824812625,0.9223091448610736,0.9141385231825987,0.9446494464944649,0.9103303618248558,0.6330935251798561,0.9217921527041357,0.9204545454545454,0.9766355140186916,0.9095966620305981,0.6577540106951871,0.9220484021928065,0.915952672378621,0.9587628865979382,0.9101294744859101,0.647239263803681
GSE250136,mast,celltype_single_cell,Ktn1,0.10069198999274764,-0.10007917251072351,0.0882954272230112,0.16173490849648386,-0.9225397170206042,0.4238259164606468,0.6082284850587639,0.5717098239304382,0.47017208666496335,0.12183101250534101,0.4308896817349909,0.9832753433879675,0.9462019179003764,0.9837481328310289,0.995500824812625,0.9225789047747505,0.9404693760732684,0.915129151291513,0.8935500786575773,0.39568345323741005,0.9199363732767762,0.9431818181818182,0.8878504672897196,0.9026425591098748,0.39572192513368987,0.9212461559031956,0.9412484700122399,0.9030927835051547,0.8960396039603961,0.39570552147239263
GSE250136,mast,celltype_single_cell,Lamtor2,0.18925601338974296,-0.015230174407633745,0.1945737552493796,0.07942275303101232,-0.3031861773730913,0.006641508574842934,0.9657295239800878,0.1784383696982099,0.42048542318676385,0.07825603957230923,0.013345525465684387,0.999854330950744,0.7693061183527152,0.9837481328310289,0.9589069094561428,0.8157539789587267,0.799084144247281,0.922509225092251,0.8217094913476665,0.4316546762589928,0.810710498409332,0.8025568181818182,0.9112149532710281,0.8191933240611962,0.5187165775401069,0.813210322235593,0.8000815993472052,0.9175257731958762,0.821020563594821,0.4815950920245399
GSE250136,mast,celltype_single_cell,Lars,-0.055995261614244285,-0.2200617226789796,-0.06046661573722911,0.018694011408803224,-0.25794458638534623,0.4093407693510742,0.13040975699639648,0.7840236948174528,0.6096782848097847,0.6547374787768008,0.41666935095046603,0.9568423640428352,0.9977448358812655,0.9879344995215968,0.995500824812625,0.8635014836795252,0.859187178019462,0.9114391143911439,0.7671735710540115,0.460431654676259,0.8462354188759279,0.8352272727272727,0.9158878504672897,0.7524339360222532,0.4919786096256685,0.8547934215804252,0.8523051815585475,0.9134020618556701,0.7631378522467631,0.4785276073619632
GSE250136,mast,celltype_single_cell,Ldha,1.0071806858907486,1.1904558340443323,-2.438521931955041,0.47888943007738405,-1.707272249603939,0.1541304300246078,0.6940929292900269,0.38924260510015435,0.22732020342109951,0.5540495270297163,0.16071720053847993,0.9832753433879675,0.9094028565069193,0.9837481328310289,0.995500824812625,0.9932560021580793,0.996565540927304,0.988929889298893,0.9973780807551127,0.9568345323741008,0.9960233297985154,0.9971590909090909,0.985981308411215,1,0.9732620320855615,0.9946516914025939,0.9967360261117911,0.9876288659793815,0.9980959634424981,0.9662576687116564
GSE250136,mast,celltype_single_cell,Lig1,0.38057138362853404,0.2526983874218196,0.32010736366568704,0.20396477520324918,0.29253630097352534,0.03604412457920485,0.3392363911163937,0.3815619978618441,0.5072271679174402,0.43827586226351856,0.04360011670062456,0.9568423640428352,0.9094028565069193,0.9837481328310289,0.995500824812625,0.9460480172646345,0.9009730967372639,0.9704797047970479,0.8945988463555322,0.7194244604316546,0.9493637327677624,0.8963068181818182,0.9813084112149533,0.8984700973574409,0.7807486631016043,0.9477202834603556,0.8996328029375765,0.9752577319587629,0.8956587966488957,0.754601226993865
GSE250136,mast,celltype_single_cell,Llph,0.2716956549770986,-0.07503985150191772,-0.004601296811554079,0.08872671272397303,-0.03916126016732102,0.011880197460869324,0.6266671911247723,0.804192480616613,0.6458997028002657,0.830499759544105,0.01876744122879946,0.9832753433879675,0.9980931199189546,0.9879344995215968,0.995500824812625,0.9206905853790127,0.8889524899828277,0.9520295202952029,0.8515993707393812,0.6690647482014388,0.9151643690349947,0.8963068181818182,0.9345794392523364,0.8456189151599444,0.6577540106951871,0.9179034630298168,0.8910648714810282,0.9443298969072165,0.84996191926885,0.6625766871165644
GSE250136,mast,celltype_single_cell,Lmnb1,0.5326121823521861,0.23457113443231048,-0.4482362603376342,0.2507329705213781,-0.14590472610624516,0.0019461891051478235,0.09294053438975468,0.43687205246187244,0.49155444855135205,0.9234187701278949,0.008849126187123925,0.9568423640428352,0.9334148883755017,0.9837481328310289,0.9967258111793633,0.9409225789047747,0.909559244419004,0.940959409594096,0.9040377556371264,0.6906474820143885,0.9501590668080594,0.9303977272727273,0.9299065420560748,0.9082058414464534,0.7165775401069518,0.9455809600213932,0.9155446756425949,0.9360824742268041,0.9051789794364051,0.7055214723926381
GSE250136,mast,celltype_single_cell,Lsm12,0.2582308138495586,0.013837776709477279,0.036046091888021436,0.12646832609634773,-0.058754051445851996,0.0040169383566816905,0.8914040122192202,0.2540725458985692,0.48279319627320644,0.25001749743171514,0.011101829633029655,0.9901382823531624,0.8542439141629059,0.9837481328310289,0.995500824812625,0.8492042082546534,0.8282770463651975,0.8966789667896679,0.8264289459884635,0.5683453237410072,0.8531283138918345,0.8323863636363636,0.9299065420560748,0.8344923504867872,0.5133689839572193,0.8511833132771761,0.8294573643410853,0.911340206185567,0.8286367098248286,0.5368098159509203
GSE250136,mast,celltype_single_cell,Lsm2,0.29453374722928993,0.2811994930366315,0.003052867315859853,0.002596985781607497,-0.36347623073477475,0.07839046516154181,0.2199769505446304,0.8561938183980204,0.9367266149877567,0.5920089952111375,0.0864928388216495,0.9568423640428352,0.9989153187003222,0.9986810248541517,0.995500824812625,0.9490153763150796,0.907842014882656,0.9630996309963099,0.8940744625065548,0.7050359712230215,0.9496288441145281,0.9133522727272727,0.9672897196261683,0.8915159944367177,0.7165775401069518,0.9493247760395774,0.9094247246022031,0.9649484536082474,0.8933739527798934,0.7116564417177914
GSE250136,mast,celltype_single_cell,Lsm3,0.20475343296085757,0.04859744500105467,-0.049887339426812005,-0.011873583289982115,-0.035412665325528,0.027861185900630248,0.8800535134472692,0.7457622369702153,0.023645662050447436,0.5807383997715405,0.03527517777762321,0.9901382823531624,0.9964021960522161,0.9837481328310289,0.995500824812625,0.8813056379821959,0.8672009158557528,0.9261992619926199,0.8332459360251704,0.5323741007194245,0.876458112407211,0.8636363636363636,0.9018691588785047,0.7927677329624478,0.5989304812834224,0.8788608102687525,0.8661770705834353,0.9154639175257732,0.8221629855293222,0.5705521472392638
GSE250136,mast,celltype_single_cell,Lsm4,0.5182554071573167,0.16652922602799247,0.3015649742156503,0.006399527394399307,0.14800715443816426,0.0049307126190301165,0.5318270974815567,0.6168514382078943,0.9692483175397519,0.6824501334154803,0.011809580437081699,0.972800019388586,0.966440990871839,0.9986810248541517,0.995500824812625,0.9711356892365794,0.9599313108185461,0.985239852398524,0.9360251704247509,0.6834532374100719,0.9676564156945917,0.9673295454545454,0.985981308411215,0.9429763560500696,0.7379679144385026,0.9693809332798502,0.9620563035495716,0.9855670103092784,0.9379284082254379,0.7147239263803681
GSE250136,mast,celltype_single_cell,Lsm5,0.4744773482801161,0.09277037623345397,-0.37554435492656424,0.16176090861517345,-0.1295769376658189,0.0072448301842048,0.589276610608786,0.09057263591575744,0.5870519659868437,0.9350615173208201,0.013903561746766064,0.9832753433879675,0.6727049015887341,0.9879344995215968,0.9967258111793633,0.9705961694092258,0.9650829994275901,0.985239852398524,0.9480859989512324,0.7410071942446043,0.971898197242842,0.9573863636363636,0.9485981308411215,0.9554937413073713,0.7593582887700535,0.9712528412889424,0.9628722970216238,0.9690721649484536,0.9501142421934501,0.7515337423312883
GSE250136,mast,celltype_single_cell,Lsm6,0.4577647438742187,0.1456372237885133,0.09869122831660215,0.07138555829523563,0.0248795113971072,0.006699790464809963,0.17230698916485435,0.6652769469353471,0.573702885203682,0.9741543988048302,0.013399580929619926,0.9568423640428352,0.9785166997544211,0.9879344995215968,0.9967258111793633,0.9465875370919882,0.9490555237550086,0.933579335793358,0.9092815941269009,0.697841726618705,0.9469777306468717,0.9332386363636364,0.9112149532710281,0.9235048678720446,0.7058823529411765,0.9467843294558096,0.9445124439004488,0.9237113402061856,0.9131759329779132,0.7024539877300614
GSE250136,mast,celltype_single_cell,Lsm7,0.44378407397850994,0.05955267867164471,0.12459450031178809,0.06479232064246565,-0.38973376856355335,5.221613889343262e-4,0.2968381403970613,0.24937228627707614,0.7441167719385111,0.2473918268082452,0.006933194569982071,0.9568423640428352,0.8541556950517034,0.9883062072638981,0.995500824812625,0.9436201780415431,0.9404693760732684,0.9520295202952029,0.8993183009963294,0.7050359712230215,0.9414103923647932,0.9247159090909091,0.9766355140186916,0.9095966620305981,0.6631016042780749,0.9425056825778847,0.9359445124439004,0.9628865979381444,0.9021325209444021,0.6809815950920245
GSE250136,mast,celltype_single_cell,Lsm8,0.08004555776610678,-0.009741777935873053,-0.08111087569448916,-0.007941385615678254,-0.42811154261241713,0.06527082871620107,0.04330079587807604,0.5781580831927202,0.8363234253321716,0.11259795041783843,0.07295980068538707,0.9568423640428352,0.9500980645074812,0.9986810248541517,0.995500824812625,0.8440787698947936,0.819118488838008,0.8819188191881919,0.8044048243314106,0.5251798561151079,0.8268822905620361,0.8565340909090909,0.8504672897196262,0.7927677329624478,0.47058823529411764,0.8354058029148281,0.8298653610771114,0.8680412371134021,0.8012185833968012,0.4938650306748466
GSE250136,mast,celltype_single_cell,Luc7l2,0.23270821980055034,0.11076940827448656,-0.10967704001070322,0.2799175650697059,-0.36432023360928767,0.029488759467727606,0.5430797468495996,0.8851343793447061,0.103299307600335,0.11614100797320578,0.036871743170482245,0.9832753433879675,0.9994489710258044,0.9837481328310289,0.995500824812625,0.9266253034799029,0.8958214081282198,0.9446494464944649,0.8987939171473519,0.5323741007194245,0.9236479321314952,0.8835227272727273,0.9299065420560748,0.8998609179415855,0.45454545454545453,0.925123679636315,0.8922888616891065,0.9381443298969072,0.8990860624523991,0.48773006134969327
GSE250136,mast,celltype_single_cell,Luc7l3,0.30057286507119185,-0.11555460686801489,-0.16865446812325624,0.2179680625540139,0.3484597496761501,0.0048710887116752526,0.18615092143863413,0.28502163592675134,0.04587696687569155,0.14989192034018958,0.01178444691153163,0.9568423640428352,0.8825175240592783,0.9837481328310289,0.995500824812625,0.892096034529269,0.8889524899828277,0.9261992619926199,0.821185107498689,0.4028776978417266,0.8974019088016967,0.8579545454545454,0.8785046728971962,0.803894297635605,0.5133689839572193,0.8947720283460355,0.8800489596083231,0.9051546391752577,0.8164508758568164,0.4662576687116564
GSE250136,mast,celltype_single_cell,Lyar,0.30265152102176707,-0.020281533011840658,-0.13883726377153272,-0.06919206257650234,-0.35717287426744226,0.058514338380785305,0.11526195607849823,0.3775730894639828,0.7437212558478645,0.34771482311789786,0.06627486071245445,0.9568423640428352,0.9094028565069193,0.9883062072638981,0.995500824812625,0.9500944159697869,0.9318832283915284,0.981549815498155,0.8678552700576823,0.6546762589928058,0.9453870625662778,0.90625,0.9906542056074766,0.8595271210013908,0.7165775401069518,0.9477202834603556,0.9245206038351693,0.9855670103092784,0.8655750190403656,0.6901840490797546
GSE250136,mast,celltype_single_cell,Maged1,0.23476151409815627,0.12892779747061267,0.33546737436763063,0.10395185974984855,-0.2208434255977325,0.023024270254671814,0.40626390080212144,0.19755613362214766,0.3368509594743241,0.644692780641738,0.030815006077773367,0.9568423640428352,0.7693061183527152,0.9837481328310289,0.995500824812625,0.8241165362827084,0.8128219805380652,0.8228782287822878,0.8222338751966439,0.3381294964028777,0.8218451749734889,0.8053977272727273,0.8598130841121495,0.8108484005563282,0.37967914438502676,0.8229709854258591,0.8106895144838842,0.8391752577319588,0.8191165270373191,0.3619631901840491
GSE250136,mast,celltype_single_cell,Magoh,0.5173613750701511,0.14844832275182096,-0.1776621735677688,0.115289591489522,-0.1761852828256858,0.006190264292072279,0.4226791993605613,0.8230790886043214,0.550580859384662,0.6271370420791278,0.013020900752289965,0.9568423640428352,0.9989153187003222,0.9879344995215968,0.995500824812625,0.9716752090639331,0.9685174585002863,0.974169741697417,0.9208180388044048,0.7913669064748201,0.9708377518557795,0.9602272727272727,0.9672897196261683,0.933240611961057,0.7700534759358288,0.9712528412889424,0.9661362709098327,0.9711340206185567,0.9242193450114242,0.7791411042944786
GSE250136,mast,celltype_single_cell,Malat1,-0.5764969776457107,0.5709704073759454,2.808218586669021,1.765819610562474,0.6584360051079159,0.9382277126706865,0.9757148274978492,0.8473362460466304,0.7816065516292059,0.2209590216458424,0.939327627925869,0.999854330950744,0.9989153187003222,0.9970442958453086,0.995500824812625,1,1,1,1,1,1,1,1,1,0.983957219251337,1,1,1,1,0.99079754601227
GSE250136,mast,celltype_single_cell,Manf,0.25495166246429113,-0.19443638155939635,-0.6506584842621397,-0.049401984517547515,0.083799067572504,0.004935956503374174,0.10835135519953114,0.0055598811465958665,0.28571383610225304,0.8711855968457141,0.011809580437081699,0.9568423640428352,0.23740692495964352,0.9837481328310289,0.995500824812625,0.8119773401672511,0.8414424728105323,0.933579335793358,0.7603565810173046,0.4028776978417266,0.8282078472958643,0.8082386363636364,0.8551401869158879,0.7315716272600834,0.44919786096256686,0.8201631234122209,0.831905344757242,0.8989690721649485,0.7524752475247525,0.4294478527607362
GSE250136,mast,celltype_single_cell,Map1b,0.35650529941467557,0.1030071402719277,-0.39155337027937875,0.20905164266584686,-0.1020219474919668,0.006074891871991293,0.747434487139977,0.4015704820532304,0.10722921732861901,0.6228641925768369,0.012905367310150658,0.9832753433879675,0.917237134408955,0.9837481328310289,0.995500824812625,0.8977609927164824,0.8752146536920435,0.6273062730627307,0.6958573675930781,0.4172661870503597,0.901643690349947,0.8735795454545454,0.6355140186915887,0.674547983310153,0.39037433155080214,0.8997192137986362,0.8747450020399837,0.6309278350515464,0.69002284843869,0.401840490797546
GSE250136,mast,celltype_single_cell,Map2k2,0.36981395059962807,0.10354236542440587,0.03782754295834412,0.05577460073602136,-0.17870121488010904,3.994635965571111e-5,0.6368471872958409,0.8311026117399843,0.47699397842242897,0.34642116538522977,0.00519821067832161,0.9832753433879675,0.9989153187003222,0.9837481328310289,0.995500824812625,0.8384138117075802,0.8414424728105323,0.9372693726937269,0.8169900367068694,0.48201438848920863,0.8552492046659597,0.8451704545454546,0.9252336448598131,0.8052851182197497,0.43315508021390375,0.8469046663992512,0.8425132598939209,0.931958762886598,0.8137852246763138,0.4539877300613497
GSE250136,mast,celltype_single_cell,Mapre1,0.35077628707376185,0.15072139938428952,0.022341129434176654,0.050528038027247035,-0.008737807104920225,0.002804986531148869,0.5062689042873463,0.8889680428417693,0.878872198446162,0.8910581363188435,0.009517440360535066,0.9672341034930508,0.9994489710258044,0.9986810248541517,0.996634504104157,0.8896681953061775,0.8757870635374928,0.8523985239852399,0.8426848453067646,0.4748201438848921,0.8960763520678685,0.875,0.8317757009345794,0.8414464534075105,0.5187165775401069,0.8929001203369434,0.8755609955120359,0.843298969072165,0.8423457730388424,0.5
GSE250136,mast,celltype_single_cell,Marcks,1.089345138561443,0.6659065787609357,0.7216321271401238,0.45564071160929487,-0.818388384731561,0.02352249339736574,0.3241846171026182,0.5918221979844162,0.3780861325182543,0.4871465863857103,0.03125917508220158,0.9568423640428352,0.9551719254200326,0.9837481328310289,0.995500824812625,0.9943350418127866,0.9896966227819118,0.8523985239852399,0.9931830099632931,0.8201438848920863,0.9920466595970308,0.9914772727272727,0.8411214953271028,0.9972183588317107,0.8021390374331551,0.9931809065383073,0.9902080783353733,0.8474226804123711,0.9942878903274943,0.8098159509202454
GSE250136,mast,celltype_single_cell,Marcksl1,1.5338456573979258,0.6331929892392996,-0.04902026403435933,0.04442952113530829,-0.9349868183486301,5.986366458406383e-4,0.22382018364031186,0.7943946314292546,0.003049238520872252,0.29201826061017494,0.006933194569982071,0.9568423640428352,0.9977448358812655,0.6510124242062258,0.995500824812625,0.9940652818991098,0.996565540927304,0.948339483394834,0.9931830099632931,0.8776978417266187,0.9954931071049841,0.9985795454545454,0.9532710280373832,0.980528511821975,0.8556149732620321,0.9947853991175291,0.9971440228478172,0.9505154639175257,0.9897182025894897,0.8650306748466258
GSE250136,mast,celltype_single_cell,Mat2a,0.4320360477065912,-0.13698185679245567,0.21961391974545474,-0.12069087016536928,-0.020553410977731,0.0010153187227731517,0.6485506274125676,0.7430815333192331,0.19251806918843267,0.303889354019372,0.007731863558109168,0.9832753433879675,0.9964021960522161,0.9837481328310289,0.995500824812625,0.9125977879687078,0.8935317687464225,0.959409594095941,0.9050865233350813,0.4460431654676259,0.9236479321314952,0.8934659090909091,0.9626168224299065,0.8845618915159944,0.5401069518716578,0.9181708784596871,0.8935128518971848,0.9608247422680413,0.8994668697638994,0.5
GSE250136,mast,celltype_single_cell,Matr3,0.49976135716089676,0.1810021134282973,0.32354906777961645,0.01516249016569482,-0.0431411129447703,0.001439498424248156,0.49514402512822653,0.5400605182555761,0.8959166963961385,0.8245398869316223,0.008240416740643706,0.9672341034930508,0.9355206543413022,0.9986810248541517,0.995500824812625,0.946857297005665,0.9421866056096165,0.9704797047970479,0.9375983219716832,0.5251798561151079,0.957847295864263,0.9460227272727273,0.9766355140186916,0.933240611961057,0.5775401069518716,0.952400053483086,0.9432884536923705,0.9731958762886598,0.9364051789794364,0.5552147239263804
GSE250136,mast,celltype_single_cell,Mbd3,0.163575152103818,0.10887915092748002,-0.01756744662219689,0.07734261884426297,-0.26280744913875775,0.01054929567452051,0.06907036722856766,0.792237529475376,0.6780949312048751,0.5341861497524688,0.017291935712169897,0.9568423640428352,0.9977448358812655,0.9879344995215968,0.995500824812625,0.8230374966280011,0.7767601602747567,0.9298892988929889,0.854745673833246,0.5251798561151079,0.8385471898197243,0.8139204545454546,0.9112149532710281,0.8595271210013908,0.5401069518716578,0.830859740607033,0.7874337005303957,0.9216494845360824,0.856054836252856,0.5337423312883436
GSE250136,mast,celltype_single_cell,Mcm3,0.3779377862170259,0.1884671205973758,-0.2690569881283973,0.09834642598250465,-0.335232534820332,0.00235932240820519,0.11596784967847654,0.3746573006233033,0.5709991918663572,0.44576309234917433,0.009035252630525705,0.9568423640428352,0.9094028565069193,0.9879344995215968,0.995500824812625,0.8861613164283787,0.8431597023468803,0.966789667896679,0.7996853696906135,0.4676258992805755,0.8939554612937434,0.8678977272727273,0.9672897196261683,0.7899860917941586,0.4385026737967914,0.8900922583233053,0.8502651978784169,0.9670103092783505,0.7970297029702971,0.450920245398773
GSE250136,mast,celltype_single_cell,Mcm6,0.2808305939072899,0.079777113043495,0.01612519214593222,0.08250429295566697,-0.15709864137935048,0.018291311982953497,0.8051538853955531,0.9925705556950027,0.3470400865060936,0.5769638639814827,0.02569207308131955,0.9901382823531624,1,0.9837481328310289,0.995500824812625,0.8624224440248179,0.8494562106468231,0.922509225092251,0.7871001573151547,0.39568345323741005,0.8724814422057264,0.8409090909090909,0.9205607476635514,0.7663421418636995,0.45989304812834225,0.8674956544992646,0.847001223990208,0.9216494845360824,0.7814166031987814,0.4325153374233129
GSE250136,mast,celltype_single_cell,Mcm7,0.5248448936070362,0.26932362909238083,0.24771326047963615,0.28143580996116846,-0.17375538976843208,0.0044301460107197006,0.2702161958420934,0.6249408614255167,0.266694669461925,0.8024360590740156,0.011464680888347347,0.9568423640428352,0.966440990871839,0.9837481328310289,0.995500824812625,0.9552198543296466,0.9404693760732684,0.981549815498155,0.9286837965390666,0.6187050359712231,0.9562566277836692,0.9474431818181818,0.9766355140186916,0.9290681502086231,0.6577540106951871,0.9557427463564647,0.9424724602203183,0.979381443298969,0.9287890327494288,0.6411042944785276
GSE250136,mast,celltype_single_cell,Mdh1,0.36422184472832075,0.19630394195785295,-0.049542280365869384,0.04327982142375264,-0.6720466867188093,0.003701936163861738,0.1268885975742585,0.5108735901015363,0.9427539966896074,0.07835644690780441,0.010608130644196669,0.9568423640428352,0.9355206543413022,0.9986810248541517,0.9589069094561428,0.8918262746155922,0.9118488838008014,0.948339483394834,0.8940744625065548,0.539568345323741,0.9013785790031813,0.9318181818181818,0.9205607476635514,0.8956884561891516,0.5668449197860963,0.8966439363551277,0.9175846593227254,0.9360824742268041,0.8945163747143945,0.5552147239263804
GSE250136,mast,celltype_single_cell,Mdh2,0.4026985128488336,0.06899417129558261,-0.20647885864067295,0.13965307316586673,-0.009221853201880403,0.002378656564910007,0.14796682555996066,0.6637283953198678,0.5729036047640057,0.0761850193014645,0.009068628153719402,0.9568423640428352,0.9785166997544211,0.9879344995215968,0.9589069094561428,0.9136768276234152,0.9215798511734402,0.981549815498155,0.869952805453592,0.5179856115107914,0.9167550371155886,0.9048295454545454,0.9672897196261683,0.8734353268428373,0.6470588235294118,0.9152293087311137,0.9167686658506732,0.9752577319587629,0.8709063214013709,0.5920245398773006
GSE250136,mast,celltype_single_cell,Mdk,1.5014773243786337,-32.81582743073519,0.7260066879226201,-25.884328980057376,-0.8831129190814622,0.14121813775626646,0.302011600116531,0.806421841620701,0.12936269027122493,0.3905776700334466,0.1481576039850756,0.9568423640428352,0.9980931199189546,0.9837481328310289,0.995500824812625,0.9997302400863232,1,0.992619926199262,1,0.9928057553956835,1,1,0.9953271028037384,1,1,0.9998662922850649,1,0.9938144329896907,1,0.9969325153374233
GSE250136,mast,celltype_single_cell,Meg3,0.5110264901861568,0.19930019043183478,1.1454318412933295,-0.04130494814419006,-0.653201436196488,0.05581189394349659,0.7696744395492404,0.11467574164323208,0.9605107117402886,0.7749656430318337,0.06364710563641321,0.9850299795379734,0.6873321397698187,0.9986810248541517,0.995500824812625,0.8219584569732937,0.8048082427017744,0.6014760147601476,0.9292081803880441,0.28776978417266186,0.8205196182396607,0.7883522727272727,0.6121495327102804,0.9304589707927677,0.2994652406417112,0.8212327851317021,0.8000815993472052,0.6061855670103092,0.9295506473724295,0.294478527607362
GSE250136,mast,celltype_single_cell,Meis2,0.49397225574483006,0.5649112715046982,-0.4315779584009851,0.45672812159246856,0.07791512501796838,0.051731158128784906,0.12800730246410102,0.6391811883330764,0.21832832208355543,0.008722863671274405,0.05953963482746942,0.9568423640428352,0.966440990871839,0.9837481328310289,0.6547036535613597,0.9724844888049636,0.9639381797366915,0.4944649446494465,0.9648662821185108,0.5251798561151079,0.968186638388123,0.9644886363636364,0.4672897196261682,0.972183588317107,0.6844919786096256,0.9703168872843964,0.9640962872297022,0.4824742268041237,0.9668697638994669,0.6165644171779141
GSE250136,mast,celltype_single_cell,Mest,0.16593186979971986,0.25099147527249066,0.10467533390979789,-0.15460357697084204,-1.1633571766282258,0.6513903710636662,0.5718373281724116,0.9813305864209344,0.38421671991526357,0.18467597876433367,0.6559992651985506,0.9832753433879675,1,0.9837481328310289,0.995500824812625,0.9088211491772322,0.9244419004006869,0.5498154981549815,0.9360251704247509,0.60431654676259,0.901643690349947,0.9360795454545454,0.5607476635514018,0.9499304589707928,0.5882352941176471,0.9052012301109774,0.9277845777233782,0.554639175257732,0.9398324447829398,0.5950920245398773
GSE250136,mast,celltype_single_cell,Metap2,0.35520997462711534,-0.003096946268388301,0.7127449378768516,0.276686988442127,-0.41631318028459496,0.11239691075832484,0.9776521433756794,0.03309701232631657,0.39607789758150913,0.21763187762954966,0.11998370223451175,0.999854330950744,0.5056912682553245,0.9837481328310289,0.995500824812625,0.9851632047477745,0.9822552947910704,0.974169741697417,0.9659150498164657,0.8561151079136691,0.9838282078472959,0.9829545454545454,0.9906542056074766,0.9680111265646731,0.8128342245989305,0.9844899050675224,0.9824561403508771,0.9814432989690721,0.9664889565879665,0.8312883435582822
GSE250136,mast,celltype_single_cell,Mettl9,0.21014796122060453,0.07270500482440667,0.06602101112081193,0.1679158331028301,-0.24391444470895873,0.0018020331363028587,0.3331301554604221,0.8670286919784382,0.18848562451608447,0.6408530879416027,0.008720936070797415,0.9568423640428352,0.9989153187003222,0.9837481328310289,0.995500824812625,0.8651200431615862,0.8305666857469949,0.6568265682656826,0.8175144205558469,0.4748201438848921,0.8605514316012726,0.8139204545454546,0.6728971962616822,0.8358831710709318,0.49732620320855614,0.8628158844765343,0.8257853937168502,0.6639175257731958,0.8225437928408226,0.48773006134969327
GSE250136,mast,celltype_single_cell,Micos10,0.33350212330096207,0.24087717469882763,-0.21152780035792063,0.17215128102895427,-0.16660084890992,1.0342460730024828e-4,0.026942259264441278,0.5479269193342141,0.24960258014323516,0.23582411609800757,0.005913277083199511,0.9568423640428352,0.9408021633683613,0.9837481328310289,0.995500824812625,0.8985702724575129,0.8906697195191757,0.922509225092251,0.9077084425799685,0.6402877697841727,0.9133085896076352,0.8792613636363636,0.9112149532710281,0.9221140472878998,0.5775401069518716,0.9060034764005883,0.8873929008567931,0.9175257731958762,0.9116527037319117,0.6042944785276073
GSE250136,mast,celltype_single_cell,Micos13,0.17295050448718907,0.09103418974156163,0.00890604207760104,0.03829924965863718,-0.24082048250796673,0.033145016980933195,0.5527501056327767,0.9478127622115144,0.7234345563310133,0.5198194678039583,0.04066931681281171,0.9832753433879675,1,0.9879344995215968,0.995500824812625,0.8524413272187753,0.8546078992558672,0.955719557195572,0.8578919769271106,0.5539568345323741,0.8499469777306469,0.8480113636363636,0.9485981308411215,0.8511821974965229,0.5294117647058824,0.8511833132771761,0.8527131782945736,0.9525773195876288,0.856054836252856,0.5398773006134969
GSE250136,mast,celltype_single_cell,Mid1,0.40030762535301134,0.20015201834489904,-0.008408907890194328,0.033756811975559575,-0.27244214195269745,0.0017665535645507654,0.32458864809447474,0.34500347800918313,0.5904349357599791,0.64897838695157,0.008720936070797415,0.9568423640428352,0.9094028565069193,0.9879344995215968,0.995500824812625,0.9050445103857567,0.8649112764739554,0.8966789667896679,0.8321971683272156,0.30935251798561153,0.9034994697773064,0.8778409090909091,0.8504672897196262,0.8191933240611962,0.29411764705882354,0.9042652761064314,0.868625050999592,0.8762886597938144,0.8286367098248286,0.3006134969325153
GSE250136,mast,celltype_single_cell,Mif,2.707113616743662,2.671168425156516,-0.8969723153247671,2.202643479242866,-1.1705297573891684,0.12257038758055815,0.18513120116937457,0.8988602833382346,0.3072480317049194,0.8639770189231294,0.12986986475657153,0.9568423640428352,1,0.9837481328310289,0.995500824812625,1,1,1,1,0.9928057553956835,1,1,1,1,0.9946524064171123,1,1,1,1,0.9938650306748467
GSE250136,mast,celltype_single_cell,Mlf2,0.26062899627768443,0.02199976294022532,-0.07436052536178384,0.005897217018242973,-0.2514999524549846,0.005093741408846338,0.6636191418246016,0.7944572463691576,0.9883152580880376,0.4403728133256816,0.011918463976325192,0.9832753433879675,0.9977448358812655,0.9986810248541517,0.995500824812625,0.8621526841111411,0.8506010303377218,0.9114391143911439,0.805977975878343,0.4892086330935252,0.8618769883351007,0.8366477272727273,0.8878504672897196,0.8052851182197497,0.5401069518716578,0.8620136381869233,0.846593227254182,0.9010309278350516,0.8057882711348058,0.5184049079754601
GSE250136,mast,celltype_single_cell,Morf4l1,0.6072206585534232,0.3053159348165302,0.07470190128384502,0.2753184178818202,-0.6017108582592412,0.026440880515926166,0.4931976249694696,0.9824580232031571,0.41830607804312275,0.3967311013759751,0.034005127731661575,0.9672341034930508,1,0.9837481328310289,0.995500824812625,0.9948745616401403,0.994848311390956,1,0.9916098584163607,0.9064748201438849,0.9965535524920467,0.9928977272727273,1,0.9958275382475661,0.8877005347593583,0.9957213531220751,0.9942880456956344,1,0.9927646610814927,0.8957055214723927
GSE250136,mast,celltype_single_cell,Morf4l2,0.39382557400378904,0.2245194517643152,-0.4893961256852086,0.08274072676232702,-0.48342472280766247,3.233330409587886e-4,0.30086752280718054,0.15825184922696173,0.7737062553374994,0.2390208217343668,0.006421544580902452,0.9568423640428352,0.7550116158649458,0.9955254664505058,0.995500824812625,0.9182627461559212,0.9101316542644533,0.966789667896679,0.9103303618248558,0.5827338129496403,0.9321314952279958,0.9133522727272727,0.9532710280373832,0.9095966620305981,0.6363636363636364,0.9252573873512502,0.9110567115463076,0.9608247422680413,0.9101294744859101,0.6134969325153374
GSE250136,mast,celltype_single_cell,Mrfap1,0.7363797522002411,0.42619795041369457,-0.2845339145950989,0.09601294708708963,-0.29084262286319795,8.934271041245232e-4,0.048223514704985905,0.5039503051256192,0.5511801132766994,0.3428408862062745,0.007156386446969428,0.9568423640428352,0.9355206543413022,0.9879344995215968,0.995500824812625,0.9846236849204208,0.9788208357183743,0.9372693726937269,0.9790246460409019,0.7266187050359713,0.9809119830328739,0.9886363636363636,0.9065420560747663,0.9749652294853964,0.7967914438502673,0.9827517047733654,0.981640146878825,0.9237113402061856,0.9779131759329779,0.7668711656441718
GSE250136,mast,celltype_single_cell,Mrpl11,0.23477624821945264,0.019020514332587446,0.24932531752691167,-0.06405381642229413,-0.22343918531844942,0.004750487004101104,0.9813131511102597,0.11670159281806056,0.5052296482254812,0.5672242216630143,0.01167084431658083,0.999854330950744,0.6873321397698187,0.9837481328310289,0.995500824812625,0.8478554086862692,0.842587292501431,0.8708487084870848,0.8190875721027793,0.5539568345323741,0.8549840933191941,0.8394886363636364,0.9205607476635514,0.7983310152990264,0.5347593582887701,0.8514507287070464,0.8416972664218686,0.8927835051546392,0.8134044173648134,0.5429447852760736
GSE250136,mast,celltype_single_cell,Mrpl12,0.33710262182078354,0.09122410207349363,-0.16909696553116582,-0.03741352880552817,0.16612878078985105,0.005019707069181527,0.31720853829633006,0.6836569219735454,0.8561592611044863,0.13274083603899128,0.011903649924449772,0.9568423640428352,0.9801164950188479,0.9986810248541517,0.995500824812625,0.9001888319395738,0.86949055523755,0.933579335793358,0.8290508652333508,0.4892086330935252,0.901643690349947,0.8877840909090909,0.9299065420560748,0.8219749652294854,0.6042780748663101,0.9009225832330525,0.8747450020399837,0.931958762886598,0.8271134805788272,0.5552147239263804
GSE250136,mast,celltype_single_cell,Mrpl18,0.3560519992312745,0.28656807155347064,-0.15469453942710576,-0.05646006381735669,-0.4650063824675885,0.0015591965833307378,0.06482922556906849,0.7458564280155099,0.6581508631149183,0.08219270276452303,0.008318099080287902,0.9568423640428352,0.9964021960522161,0.9879344995215968,0.988627720576094,0.8937145940113299,0.8546078992558672,0.9446494464944649,0.8563188253801783,0.5683453237410072,0.8913043478260869,0.8735795454545454,0.9392523364485982,0.8456189151599444,0.49732620320855614,0.892498997192138,0.8600571195430436,0.9422680412371134,0.8533891850723534,0.5276073619631901
GSE250136,mast,celltype_single_cell,Mrpl20,0.2163552320653812,-0.005940029528920032,-0.09413474427839974,-0.04307175419845066,-0.22815190987232437,0.018163657797208833,0.9924292150556443,0.2985843202330227,0.8786555402205709,0.6702537904000498,0.025554800261641423,0.999854330950744,0.8825175240592783,0.9986810248541517,0.995500824812625,0.8554086862692204,0.8631940469376074,0.9040590405904059,0.8259045621394862,0.5323741007194245,0.8565747613997879,0.8622159090909091,0.9252336448598131,0.8205841446453408,0.5401069518716578,0.8559967910148416,0.8629130966952264,0.9134020618556701,0.8244478293983244,0.5368098159509203
GSE250136,mast,celltype_single_cell,Mrpl21,0.26351403167714516,-0.012908345449674563,0.36033942841819444,-0.08342509770469642,-0.12153831170833218,0.008258521203358014,0.8955536899015535,0.1895249192977873,0.7179159264395719,0.8660983676638233,0.014804052370730576,0.9901382823531624,0.7693061183527152,0.9879344995215968,0.995500824812625,0.8777987591043971,0.8740698340011448,0.948339483394834,0.8557944415312009,0.539568345323741,0.8716861081654295,0.8664772727272727,0.9672897196261683,0.8567454798331016,0.5668449197860963,0.8747158711057628,0.8718890248878008,0.9567010309278351,0.856054836252856,0.5552147239263804
GSE250136,mast,celltype_single_cell,Mrpl23,0.23416637957977837,0.03062214706868538,0.5169177217514278,0.12015461922090553,-0.3326207110985435,0.013886628148084385,0.4695753149685503,0.061673391915767824,0.5563530696741515,0.49829744397546094,0.020732832934377735,0.9568423640428352,0.6063201478430317,0.9879344995215968,0.995500824812625,0.935797140544915,0.9107040641099027,0.9372693726937269,0.9391714735186156,0.6187050359712231,0.9249734888653235,0.9247159090909091,0.9532710280373832,0.9388038942976356,0.6096256684491979,0.930338280518786,0.9147286821705426,0.9443298969072165,0.9390708301599391,0.6134969325153374
GSE250136,mast,celltype_single_cell,Mrpl28,0.30037636238093457,-0.03252420264772038,-0.1971679574412486,-0.034373206485028174,-0.2552927323997236,7.376264668161439e-5,0.5267487592563838,0.2881041117497753,0.747207159545748,0.11348691291844386,0.005907296612793457,0.9716165828680945,0.8825175240592783,0.9883062072638981,0.995500824812625,0.8206096574049097,0.8179736691471093,0.8819188191881919,0.7650760356581018,0.43884892086330934,0.8396076352067868,0.7954545454545454,0.883177570093458,0.7732962447844228,0.5294117647058824,0.8301912020323573,0.8115055079559363,0.8824742268041237,0.7673267326732673,0.49079754601226994
GSE250136,mast,celltype_single_cell,Mrpl30,0.33298391213715517,0.06604651173564458,-0.07427720259516812,0.10567221409285832,-0.2894653867132413,0.004594547430147519,0.7044033523742994,0.7779899417043513,0.6914808920036023,0.4121937010879073,0.011526985429223802,0.9832753433879675,0.9977448358812655,0.9879344995215968,0.995500824812625,0.902886431076342,0.8963938179736691,0.940959409594096,0.8862087047718931,0.5827338129496403,0.9077412513255567,0.8892045454545454,0.9205607476635514,0.8915159944367177,0.6310160427807486,0.9053349378259126,0.8943288453692371,0.931958762886598,0.8876618431073877,0.6104294478527608
GSE250136,mast,celltype_single_cell,Mrpl33,0.23338107187424928,-0.05863605911410197,-0.2649639303965614,0.0098970711751587,-0.1446078904981829,0.004311438421081753,0.22335520012741744,0.392834207463044,0.19331608722350038,0.7558836870811285,0.011434684508086386,0.9568423640428352,0.9141155672300805,0.9837481328310289,0.995500824812625,0.8837334772052873,0.8734974241556954,0.948339483394834,0.8589407446250655,0.5251798561151079,0.8772534464475079,0.890625,0.9299065420560748,0.8358831710709318,0.5614973262032086,0.8804653028479743,0.8784169726642187,0.9402061855670103,0.8526275704493527,0.5460122699386503
GSE250136,mast,celltype_single_cell,Mrpl42,0.2625476500679014,0.042262557891910024,0.0033615691652966184,0.054827323783575466,-0.31337631553976886,0.009508068639736666,0.7388006256038164,0.5671533167799544,0.48454259621725126,0.44985370676566205,0.01611089408399824,0.9832753433879675,0.9450466938251723,0.9837481328310289,0.995500824812625,0.8918262746155922,0.8706353749284488,0.959409594095941,0.8285264813843733,0.5899280575539568,0.8966065747613998,0.8607954545454546,0.9719626168224299,0.8136300417246175,0.5721925133689839,0.8942371974862949,0.8678090575275398,0.9649484536082474,0.8244478293983244,0.5797546012269938
GSE250136,mast,celltype_single_cell,Mrpl52,0.19470771537660703,-0.02922187369435658,-0.23613272936812324,0.19362666215033286,0.12472084768374492,0.08697716275875213,0.3523346057309458,0.23352462003003893,0.11122463463936547,0.3054783850883828,0.09474298086221213,0.9568423640428352,0.8220949059808307,0.9837481328310289,0.995500824812625,0.9147558672781225,0.9221522610188895,0.981549815498155,0.8830624016780283,0.60431654676259,0.9196712619300106,0.9034090909090909,0.9532710280373832,0.9068150208623088,0.6951871657754011,0.9172349244551411,0.9167686658506732,0.9690721649484536,0.8895658796648895,0.656441717791411
GSE250136,mast,celltype_single_cell,Mrpl54,0.23721170268808045,0.12312726751190128,0.0687716035960051,-0.028768676517916703,-0.12177465661808728,0.0067277371795069225,0.4276199920549072,0.7418525950770124,0.504095798468058,0.8271055046979893,0.013404664019394321,0.9568423640428352,0.9964021960522161,0.9837481328310289,0.995500824812625,0.8697059616940923,0.8454493417286777,0.9040590405904059,0.8227582590456214,0.5539568345323741,0.8663838812301167,0.859375,0.8878504672897196,0.8400556328233658,0.5454545454545454,0.8680304853590052,0.8494492044063647,0.8969072164948454,0.8274942878903275,0.549079754601227
GSE250136,mast,celltype_single_cell,Mrps14,0.19054280903401377,0.03585873606632761,-0.09645269190555816,0.025005457376875206,-0.2592989797042755,0.012614069260239532,0.4681468061243457,0.23525713671462983,0.9398204419803176,0.3772352019066253,0.019550662700988312,0.9568423640428352,0.8233999785012044,0.9986810248541517,0.995500824812625,0.8427299703264095,0.8477389811104751,0.948339483394834,0.8185631882538018,0.4460431654676259,0.8488865323435844,0.8309659090909091,0.9626168224299065,0.8247566063977747,0.49732620320855614,0.84583500467977,0.842921256629947,0.954639175257732,0.8202589489718203,0.4754601226993865
GSE250136,mast,celltype_single_cell,Mrps21,0.3046533421905586,0.041737255253802896,-0.05972505849446019,0.16844530007209757,-0.18105165271597023,4.706930989087819e-4,0.8995931702267491,0.8757083549568128,0.18307461460953864,0.5457456645154704,0.006933194569982071,0.9901382823531624,0.9989153187003222,0.9837481328310289,0.995500824812625,0.8926355543566226,0.8803663423010876,0.8376383763837638,0.8557944415312009,0.5827338129496403,0.8907741251325557,0.8835227272727273,0.8411214953271028,0.8539638386648123,0.6310160427807486,0.8916967509025271,0.8812729498164015,0.8391752577319588,0.8552932216298553,0.6104294478527608
GSE250136,mast,celltype_single_cell,Mrps33,0.3574168364896577,0.18477626799080582,0.1338270713934988,0.11987322447581494,-0.08741062749245199,5.332292096060953e-4,0.2600538747706655,0.22628316874706328,0.562945169252109,0.9029771845780469,0.006933194569982071,0.9568423640428352,0.8119572525629918,0.9879344995215968,0.9967258111793633,0.9093606690045859,0.86090440755581,0.8966789667896679,0.8736234923964342,0.6187050359712231,0.9175503711558854,0.859375,0.9345794392523364,0.8776077885952712,0.6470588235294118,0.9134911084369568,0.8604651162790697,0.9134020618556701,0.8747143945163747,0.6349693251533742
GSE250136,mast,celltype_single_cell,Mrps36,0.1572507298825485,0.10373544751560138,0.16868152448947527,-0.037864523996353316,-0.04399567038973329,0.05582164182865749,0.5638573183570647,0.41677296153123955,0.46137564154287175,0.8705482798522453,0.06364710563641321,0.9832753433879675,0.9206871144167472,0.9837481328310289,0.995500824812625,0.8459670892905314,0.8305666857469949,0.8265682656826568,0.8285264813843733,0.5827338129496403,0.8398727465535525,0.8380681818181818,0.8644859813084113,0.8094575799721836,0.6203208556149733,0.8428934349511967,0.8327213382292942,0.843298969072165,0.8233054074638233,0.6042944785276073
GSE250136,mast,celltype_single_cell,Msi2,0.4832052381840066,0.29077848402724804,-0.16311947449622366,0.17644927790738185,-0.6337919614419241,1.1495677554940398e-4,0.03942339112135408,0.6881664170591237,0.46901896885918193,0.14811740152445532,0.005913277083199511,0.9568423640428352,0.9844122615887633,0.9837481328310289,0.995500824812625,0.8389533315349339,0.7601602747567258,0.7269372693726938,0.7587834294703724,0.381294964028777,0.8650583244962884,0.7940340909090909,0.7336448598130841,0.7621696801112656,0.3315508021390374,0.8521192672817222,0.769889840881273,0.7298969072164948,0.7597105864432597,0.35276073619631904
GSE250136,mast,celltype_single_cell,Mtch1,0.3234724583081121,0.2451478531245357,0.12075979117118862,0.12019061616572824,-0.24284770462213023,0.0028807537101802703,0.09267763202625397,0.4472536522733242,0.38140297582193566,0.6348832478299765,0.00957262127818658,0.9568423640428352,0.9338764996524848,0.9837481328310289,0.995500824812625,0.892096034529269,0.8797939324556382,0.7121771217712177,0.8725747246984793,0.5611510791366906,0.8931601272534464,0.875,0.7570093457943925,0.8901251738525731,0.5508021390374331,0.8926327049070731,0.8784169726642187,0.7319587628865979,0.8773800456968773,0.5552147239263804
GSE250136,mast,celltype_single_cell,Mtdh,0.04641687738519806,-0.04559134324951897,-0.01121046872611009,0.015209129676189814,-0.19439150215809153,0.6099662206916191,0.8797046070006452,0.8156473428562994,0.7010152785995294,0.6122004770321716,0.6150072638378308,0.9901382823531624,0.9989153187003222,0.9879344995215968,0.995500824812625,0.8265443755057998,0.8437321121923297,0.9114391143911439,0.8196119559517567,0.39568345323741005,0.8319194061505832,0.8366477272727273,0.8925233644859814,0.8108484005563282,0.37433155080213903,0.8292552480278113,0.8416972664218686,0.9030927835051547,0.8172124904798173,0.3834355828220859
GSE250136,mast,celltype_single_cell,Mybbp1a,0.3343006245559197,0.08674530528405677,0.16112182908310313,0.014658462251859739,-0.4497486721791848,2.8963571022305116e-4,0.7012563623359652,0.7841706635979443,0.6142055699713804,0.42017475671536864,0.006421544580902452,0.9832753433879675,0.9977448358812655,0.9879344995215968,0.995500824812625,0.8238467763690316,0.8282770463651975,0.977859778597786,0.7729417933927635,0.37410071942446044,0.8451749734888653,0.8366477272727273,0.9766355140186916,0.7579972183588317,0.39572192513368987,0.8346035566252172,0.8306813545491636,0.977319587628866,0.7688499619192688,0.38650306748466257
GSE250136,mast,celltype_single_cell,Myl12a,0.15662543522978356,-0.03196732337234032,-0.295981048669022,0.03516747506747264,-0.3254534652154817,0.058025014889220725,0.6760451415013764,0.4167667809668833,0.44144851116553124,0.4272739604317457,0.06589542914281184,0.9832753433879675,0.9206871144167472,0.9837481328310289,0.995500824812625,0.7906663069867818,0.8196908986834573,0.966789667896679,0.8280020975353959,0.4460431654676259,0.8001060445387063,0.828125,0.9485981308411215,0.8150208623087621,0.43315508021390375,0.7954271961492179,0.8221134230926153,0.9587628865979382,0.8244478293983244,0.4386503067484663
GSE250136,mast,celltype_single_cell,Myl6,0.5028832750240015,0.04605110173695515,-4.392463365220078,0.2111104794781351,-0.17258394248694486,0.016617050204272794,0.8956246734809478,0.09756422440258392,0.20189652127245067,0.91341172767889,0.02381033703766605,0.9901382823531624,0.6743716767311836,0.9837481328310289,0.9967258111793633,0.9665497707040733,0.9811104751001717,1,0.9753539590980598,0.7841726618705036,0.9676564156945917,0.9772727272727273,0.985981308411215,0.9860917941585535,0.7967914438502673,0.9671079021259527,0.9800081599347206,0.9938144329896907,0.9782939832444782,0.7914110429447853
GSE250136,mast,celltype_single_cell,Naa50,0.22528418363664482,0.2362983449703946,0.15435040618509888,0.10677530991177031,-0.21376878695044121,0.03039918563053088,0.10525679894127636,0.6978609775454752,0.4900206192615566,0.5292794211938979,0.03768707107183974,0.9568423640428352,0.9882506518174107,0.9837481328310289,0.995500824812625,0.8664688427299704,0.8305666857469949,0.9114391143911439,0.8065023597273204,0.49640287769784175,0.8642629904559915,0.8480113636363636,0.9065420560747663,0.8011126564673157,0.47058823529411764,0.8653563310603022,0.835577315381477,0.9092783505154639,0.805026656511805,0.4815950920245399
GSE250136,mast,celltype_single_cell,Naca,NA,NA,NA,NA,NA,NA,NA,NA,NA,NA,NA,NA,NA,NA,NA,1,1,1,1,1,1,1,1,1,1,1,1,1,1,1
GSE250136,mast,celltype_single_cell,Nap1l1,2.0750890867247804,1.1306397458602717,-0.675557993344615,0.9378392680127732,-0.6824373275850206,0.005758352919571001,0.22357155255599404,0.8447769457612428,0.46051883646233205,0.389324799599046,0.012739982884232214,0.9568423640428352,0.9989153187003222,0.9837481328310289,0.995500824812625,0.9986512004316158,0.9994275901545506,1,1,0.9928057553956835,0.9994697773064687,1,1,1,1,0.999064045995454,0.9995920032639739,1,1,0.9969325153374233
GSE250136,mast,celltype_single_cell,Nap1l4,0.22526460696926476,0.028345541229330085,0.35899078769389936,0.13417064750276664,-0.21283081721781816,0.004936791822058743,0.20630216621127165,0.11660290354823426,0.3068440156830603,0.62611151631142,0.011809580437081699,0.9568423640428352,0.6873321397698187,0.9837481328310289,0.995500824812625,0.837334772052873,0.8277046365197481,0.8376383763837638,0.7886733088620871,0.460431654676259,0.8486214209968187,0.7982954545454546,0.8551401869158879,0.8066759388038943,0.4919786096256685,0.8430271426661319,0.8192574459404325,0.845360824742268,0.7936024371667936,0.4785276073619632
GSE250136,mast,celltype_single_cell,Nars,0.13502590306798057,-0.06258545393792359,0.1440852713666163,0.027434890612672458,-0.6193947691453521,0.26251766785542907,0.46425673346528284,0.7179964855767326,0.9808825336838578,0.12903090372297218,0.2701085401789596,0.9568423640428352,0.9964021960522161,0.9986810248541517,0.995500824812625,0.9239277043431346,0.9004006868918145,0.9077490774907749,0.8065023597273204,0.6834532374100719,0.915694591728526,0.8835227272727273,0.8925233644859814,0.808066759388039,0.6524064171122995,0.9197753710389089,0.8955528355773154,0.9010309278350516,0.806930693069307,0.6656441717791411
GSE250136,mast,celltype_single_cell,Nasp,1.8632032630538973,0.011807631930921048,-0.5094223968916083,0.1676680653056728,-0.9876849468640785,0.005031870752606988,0.712120054632861,0.872898944472558,0.6739812931954918,0.45515946846960437,0.011903649924449772,0.9832753433879675,0.9989153187003222,0.9879344995215968,0.995500824812625,0.9978419206905854,0.9994275901545506,1,0.9989512323020451,0.9928057553956835,0.9984093319194062,1,1,1,0.983957219251337,0.9981280919909079,0.9995920032639739,1,0.9992383853769993,0.9877300613496932
GSE250136,mast,celltype_single_cell,Ncl,1.3323022976729213,-29.363168575685588,-2.95631669302211,-0.4304994404059883,-1.2030403802674279,0.1858561778760637,0.17955603672792694,0.1975728771230997,0.7849294116736857,0.8258380349985549,0.19262278629388158,0.9568423640428352,0.7693061183527152,0.9972165145296787,0.995500824812625,0.9997302400863232,1,1,0.9994756161510225,1,0.9994697773064687,0.9985795454545454,1,1,1,0.9995988768551946,0.9995920032639739,1,0.9996191926884996,1
GSE250136,mast,celltype_single_cell,Ncor1,0.3071994462890295,0.11263142825227757,0.06923014813378492,0.014741870475744712,0.09910265296959242,0.002357257718952106,0.10730429733463924,0.10590685958586746,0.9737177601111708,0.9144324429890506,0.009035252630525705,0.9568423640428352,0.6743716767311836,0.9986810248541517,0.9967258111793633,0.8645805233342325,0.8528906697195192,0.933579335793358,0.8190875721027793,0.4460431654676259,0.8791092258748674,0.8806818181818182,0.9672897196261683,0.8233657858136301,0.45989304812834225,0.8719080090921246,0.8608731130150958,0.9484536082474226,0.8202589489718203,0.4539877300613497
GSE250136,mast,celltype_single_cell,Ndufa1,0.2995395875863065,0.23450021320767167,0.07677562853270103,0.12081162316423288,0.23103745506926687,7.667263956033589e-4,0.02749929849596802,0.49681210864227865,0.47309049339325937,0.4500091585600801,0.007156386446969428,0.9568423640428352,0.9355206543413022,0.9837481328310289,0.995500824812625,0.8211491772322633,0.7538637664567831,0.7453874538745388,0.7708442579968537,0.5251798561151079,0.8547189819724285,0.7784090909090909,0.780373831775701,0.7774687065368567,0.5294117647058824,0.8380799572135312,0.7609139126886985,0.7608247422680412,0.7726580350342727,0.5276073619631901
GSE250136,mast,celltype_single_cell,Ndufa10,0.1772805813636058,0.0013032133584536254,-0.39170710648389795,0.14275688433536127,-0.2930850606800133,0.04008297963740286,0.8859667676281399,0.1328503868355923,0.36784896973877734,0.5414454931009273,0.047459181150857475,0.9901382823531624,0.7089265333685189,0.9837481328310289,0.995500824812625,0.8483949285136229,0.8586147681740126,0.940959409594096,0.8599895123230205,0.4748201438848921,0.8427889713679746,0.8494318181818182,0.9018691588785047,0.8678720445062587,0.48663101604278075,0.8455675892498997,0.8559771521827826,0.9237113402061856,0.8621477532368621,0.4815950920245399
GSE250136,mast,celltype_single_cell,Ndufa11,0.2793760786425996,0.24488118241863477,-0.1333716537835885,-0.05277585598408985,-0.381799189466967,0.02418582071406942,0.26238879963824113,0.4988043981325314,0.9428120708749239,0.34617180597199104,0.03183273489127056,0.9568423640428352,0.9355206543413022,0.9986810248541517,0.995500824812625,0.9355273806312382,0.9536348025186033,0.977859778597786,0.983744100681699,0.7553956834532374,0.9249734888653235,0.9545454545454546,0.985981308411215,0.9833101529902643,0.7272727272727273,0.9302045728038508,0.9538963688290494,0.9814432989690721,0.9836252856054837,0.7392638036809815
GSE250136,mast,celltype_single_cell,Ndufa12,0.28276779624780213,-0.059472697899848104,-0.20334127300806193,0.05526037458643218,-0.008696013929741842,0.0018899196564725648,0.42645280642189354,0.4477583941995365,0.8673690520387245,0.995934422364335,0.008805184605743067,0.9568423640428352,0.9338764996524848,0.9986810248541517,0.9977555650655446,0.8807661181548422,0.9066971951917573,0.955719557195572,0.8542212899842685,0.6187050359712231,0.8775185577942736,0.8877840909090909,0.9532710280373832,0.8567454798331016,0.6310160427807486,0.8791282256986228,0.9012647898816809,0.954639175257732,0.854912414318355,0.6257668711656442
GSE250136,mast,celltype_single_cell,Ndufa13,0.4065755539893052,0.29981421798980534,-4.685689226978824,0.05714108641229654,-0.08244072613699238,0.026479402741867622,0.25753155705158254,0.0639272776110485,0.837057432055847,0.972998299913239,0.034005127731661575,0.9568423640428352,0.6063201478430317,0.9986810248541517,0.9967258111793633,0.9757216077690856,0.9805380652547224,1,0.9638175144205559,0.7769784172661871,0.9769353128313892,0.9815340909090909,0.9906542056074766,0.9694019471488178,0.7914438502673797,0.9763337344564781,0.9808241534067728,0.9958762886597938,0.9653465346534653,0.7852760736196319
GSE250136,mast,celltype_single_cell,Ndufa2,0.5025056450080703,0.04319800111599292,-0.06398055456899243,0.24808399611906928,-0.29145658010297115,0.011605986864901096,0.8569766729832962,0.6343966112216295,0.4456964940946363,0.7670454926859486,0.018457193263734704,0.9901382823531624,0.966440990871839,0.9837481328310289,0.995500824812625,0.9859724844888049,0.9834001144819691,0.992619926199262,0.9805977975878343,0.8057553956834532,0.9854188759278897,0.9857954545454546,0.9813084112149533,0.9819193324061196,0.8181818181818182,0.9856932745019388,0.9840881272949816,0.9876288659793815,0.9809596344249809,0.8128834355828221
GSE250136,mast,celltype_single_cell,Ndufa3,0.13574570826428034,0.03798078083910217,-0.05311681596807394,0.026128874846196082,-0.13366305249681298,5.656203884278133e-4,0.4711128175020065,0.41392803552231056,0.22020218303486783,0.677548151042314,0.006933194569982071,0.9568423640428352,0.9206871144167472,0.9837481328310289,0.995500824812625,0.8100890207715133,0.8036634230108758,0.8523985239852399,0.8285264813843733,0.4748201438848921,0.8048780487804879,0.7897727272727273,0.8738317757009346,0.8553546592489569,0.5080213903743316,0.8074608904933814,0.7996736026111791,0.8618556701030928,0.8358720487433359,0.4938650306748466
GSE250136,mast,celltype_single_cell,Ndufa4,1.1590605193638002,0.4968979791960173,-8.276151435860868,0.6030369597045784,-0.3151738086320357,4.99997396743024e-4,0.27381017447253364,0.17863920188719756,0.07530826108803795,0.8685245439520823,0.006933194569982071,0.9568423640428352,0.7693061183527152,0.9837481328310289,0.995500824812625,0.9962233612085244,0.9959931310818546,1,0.9947561615102255,0.8992805755395683,0.9957582184517497,0.9971590909090909,0.9953271028037384,0.9986091794158554,0.9090909090909091,0.9959887685519454,0.996328029375765,0.9979381443298969,0.9958111195734958,0.9049079754601227
GSE250136,mast,celltype_single_cell,Ndufa5,0.2050444086032921,0.07203978283447254,-0.14869797553982655,0.061960536301732816,-0.19859846855788676,0.003612624753306723,0.7389673028764043,0.5357349832940006,0.7932767081279551,0.5915921036950944,0.010422910605824126,0.9832753433879675,0.9355206543413022,0.9986090403715784,0.995500824812625,0.8791475586727813,0.8546078992558672,0.8782287822878229,0.843209229155742,0.5683453237410072,0.8783138918345705,0.859375,0.8411214953271028,0.8497913769123783,0.6042780748663101,0.8787271025538174,0.8559771521827826,0.8618556701030928,0.845011424219345,0.588957055214724
GSE250136,mast,celltype_single_cell,Ndufa6,0.10023220753311524,-0.043618934501194584,-0.32932387344415615,0.23210555385355214,-0.32758853829710244,0.09844785445160464,0.8995271154030381,0.19088686065506308,0.042567988945775875,0.0316963389853115,0.10628883400969703,0.9901382823531624,0.7693061183527152,0.9837481328310289,0.8653719484329542,0.902886431076342,0.9049799656554093,0.981549815498155,0.908232826428946,0.7194244604316546,0.894220572640509,0.9005681818181818,0.9766355140186916,0.9304589707927677,0.6096256684491979,0.8985158443642198,0.9037127702978376,0.979381443298969,0.9143183549124143,0.656441717791411
GSE250136,mast,celltype_single_cell,Ndufa7,0.7407332031431384,0.21936558613157775,-0.1278092964097075,0.06966243600284372,-0.17522038583516064,0.016200290020501832,0.4739394847659476,0.9645762663762074,0.4975730651301237,0.9343366608501291,0.023291326056411724,0.9568423640428352,1,0.9837481328310289,0.9967258111793633,0.9948745616401403,0.9942759015455066,1,0.9931830099632931,0.8992805755395683,0.9941675503711559,0.9971590909090909,1,0.9972183588317107,0.9144385026737968,0.9945179836876588,0.9951040391676866,1,0.9942878903274943,0.9079754601226994
GSE250136,mast,celltype_single_cell,Ndufab1,0.31436296371372396,0.01607134333619431,0.4411193840225751,0.047512217228224074,0.2735546194537344,0.0019502964097779364,0.9599949626529258,0.24687383547466218,0.9081178767932931,0.692542837806859,0.008849126187123925,0.999854330950744,0.8501219979651673,0.9986810248541517,0.995500824812625,0.9681683301861344,0.9673726388093875,0.985239852398524,0.9428421604614577,0.7266187050359713,0.9575821845174973,0.96875,0.985981308411215,0.9485396383866481,0.7593582887700535,0.9628292552480278,0.9677682578539372,0.9855670103092784,0.9444021325209444,0.745398773006135
GSE250136,mast,celltype_single_cell,Ndufb1-ps,0.2741583588845704,-0.021292852557899256,-0.33741791601311233,0.2548586195448648,-0.030818600820499142,0.002137185448332166,0.9782076010902471,0.04040469654815819,0.05417547453543676,0.5960154874866351,0.008912141277491582,0.999854330950744,0.522621900946991,0.9837481328310289,0.995500824812625,0.8880496358241166,0.8929593589009731,0.966789667896679,0.8736234923964342,0.6402877697841727,0.894220572640509,0.890625,0.9112149532710281,0.8915159944367177,0.6096256684491979,0.8911619200427865,0.8922888616891065,0.9422680412371134,0.8785224676313785,0.6226993865030674
GSE250136,mast,celltype_single_cell,Ndufb10,0.126119666284072,0.11337896229085809,-0.07143238211646841,0.05026554188557597,-0.08398117384643755,0.07956577765605603,0.23201545787692415,0.8116506677818718,0.83337328431045965,0.8873714984078972,0.08745067454089042,0.9568423640428352,0.998774741045704,0.9986810248541517,0.996634504104157,0.8475856487725923,0.8259874069834001,0.922509225092251,0.8311484006292607,0.5035971223021583,0.8496818663838812,0.8167613636363636,0.9018691588785047,0.8344923504867872,0.5026737967914439,0.8486428666934082,0.8233374133006935,0.9134020618556701,0.832063975628332,0.5030674846625767
GSE250136,mast,celltype_single_cell,Ndufb11,0.31862812184362,0.20675125332794897,0.4579192578927307,0.15146148134372606,-0.10416453373091406,0.007526440601261961,0.3073992812438836,0.007612416777153445,0.08754165917028418,0.8325999679650777,0.014095570775170426,0.9568423640428352,0.2708751636537101,0.9837481328310289,0.995500824812625,0.9317507418397626,0.9152833428734974,0.933579335793358,0.9486103828002097,0.6187050359712231,0.9276246023329798,0.9176136363636364,0.9813084112149533,0.9360222531293463,0.6096256684491979,0.9296697419441102,0.915952672378621,0.954639175257732,0.9451637471439451,0.6134969325153374
GSE250136,mast,celltype_single_cell,Ndufb2,0.1316586170763887,-0.0030481253229426297,0.3308407344098414,0.0404701908637255,-0.2792935387424982,0.011912524990081058,0.992421384266501,0.10484362160824581,0.8370412987550458,0.1539289184885679,0.01876744122879946,0.999854330950744,0.6743716767311836,0.9986810248541517,0.995500824812625,0.8354464526571351,0.8265598168288495,0.915129151291513,0.7991609858416361,0.4676258992805755,0.8226405090137858,0.8267045454545454,0.9299065420560748,0.8011126564673157,0.5347593582887701,0.828987832597941,0.8266013871889025,0.9216494845360824,0.7996953541507997,0.5061349693251533
GSE250136,mast,celltype_single_cell,Ndufb3,0.26342458688159986,0.15455770390623869,-0.12348123716114578,0.11386702979956276,-0.26703157937399347,0.006902656861293675,0.19970154371866605,0.3696602315330864,0.21312812883607213,0.2755945001343659,0.013404664019394321,0.9568423640428352,0.9094028565069193,0.9837481328310289,0.995500824812625,0.8713245211761532,0.8586147681740126,0.9114391143911439,0.8374410068169901,0.60431654676259,0.8682396606574762,0.8522727272727273,0.9252336448598131,0.8650904033379694,0.5508021390374331,0.8697686856531622,0.8567931456548348,0.9175257731958762,0.845011424219345,0.5736196319018405
GSE250136,mast,celltype_single_cell,Ndufb4,0.1443398342511697,0.0653383263059566,-0.35647089795203035,0.1099525386492608,-0.0690040288336673,0.010731008099498136,0.6758278665022521,4.4518963449597896e-5,0.3712695570611041,0.8543413416340262,0.017522525653865025,0.9832753433879675,0.009504798696489151,0.9837481328310289,0.995500824812625,0.8322093336930132,0.8357183743560389,0.966789667896679,0.8253801782905087,0.48201438848920863,0.8356309650053022,0.8352272727272727,0.985981308411215,0.8358831710709318,0.47058823529411764,0.8339350180505415,0.835577315381477,0.9752577319587629,0.8282559025133283,0.4754601226993865
GSE250136,mast,celltype_single_cell,Ndufb5,0.39274223549480514,0.21048626227070422,0.22185190078299177,0.057962807306145336,-0.6758079874790446,0.002414725078103119,0.3035685792928536,0.19250831483156136,0.8107493630861778,0.02701954956659176,0.009084472320264598,0.9568423640428352,0.7693061183527152,0.9986810248541517,0.8374504213779218,0.9376854599406528,0.9318832283915284,0.985239852398524,0.9365495542737283,0.6834532374100719,0.943796394485684,0.9417613636363636,0.9719626168224299,0.9457579972183588,0.5989304812834224,0.9407674822837278,0.9347205222358221,0.979381443298969,0.9390708301599391,0.6349693251533742
GSE250136,mast,celltype_single_cell,Ndufb6,0.244331350765421,0.05815307172456574,0.15838396937103916,0.060474058888544624,-0.0705809276892102,0.004407932187336869,0.4472059088442054,0.5962874611300196,0.719133884159318,0.950977460252759,0.011458839612597436,0.9568423640428352,0.9590009261865099,0.9879344995215968,0.9967258111793633,0.835716212570812,0.8317115054378935,0.9003690036900369,0.8290508652333508,0.5251798561151079,0.8319194061505832,0.8139204545454546,0.9205607476635514,0.8372739916550765,0.5401069518716578,0.8338013103356063,0.8266013871889025,0.9092783505154639,0.8313023610053313,0.5337423312883436
GSE250136,mast,celltype_single_cell,Ndufb7,0.2824084647948477,0.2545862147114244,-0.5029571933160333,0.1333899757779169,-0.4124413828635318,0.01249408301383133,0.05198270599351587,0.06669410025367414,0.3802874148087734,0.3303087245573627,0.019399903443294463,0.9568423640428352,0.6063201478430317,0.9837481328310289,0.995500824812625,0.9449689776099272,0.9519175729822553,0.9446494464944649,0.9438909281594127,0.7122302158273381,0.9496288441145281,0.9431818181818182,0.9345794392523364,0.9388038942976356,0.6951871657754011,0.9473191603155502,0.9494084047327621,0.9402061855670103,0.9424980959634425,0.7024539877300614
GSE250136,mast,celltype_single_cell,Ndufb8,0.5470253392720474,0.2060182466891689,0.4030288402783855,0.028567720247755446,-0.10331210952194159,0.006944871810071619,0.3240237834039915,0.0854447133143617,0.49386412651125045,0.8766002579146299,0.01344879937823393,0.9568423640428352,0.6655808677315387,0.9837481328310289,0.995500824812625,0.9784192069058538,0.9759587864911277,0.988929889298893,0.9706345044572627,0.7697841726618705,0.9798515376458112,0.9829545454545454,1,0.9638386648122392,0.7647058823529411,0.9791415964701163,0.97796817625459,0.9938144329896907,0.9687738004569688,0.7668711656441718
GSE250136,mast,celltype_single_cell,Ndufb9,0.5833144433169659,-0.09684302739720163,-0.0814345766025788,0.15609088179486985,-0.06539087443303782,0.0027163800247773226,0.18944147210438475,0.8639709168412772,0.46548224346598854,0.688947075998742,0.009430034720161925,0.9568423640428352,0.9989153187003222,0.9837481328310289,0.995500824812625,0.9665497707040733,0.9725243274184316,0.988929889298893,0.9375983219716832,0.6906474820143885,0.9671261930010604,0.9573863636363636,0.9906542056074766,0.9499304589707928,0.6684491978609626,0.9668404866960824,0.9681762545899633,0.9896907216494846,0.940974866717441,0.6779141104294478
GSE250136,mast,celltype_single_cell,Ndufc1,0.18960042355348694,0.042839599545585916,-0.26312050060772707,0.15039708681273734,-0.2475986028161956,0.07103729642955231,0.10645901593696556,0.32795872329350834,0.42902114974766115,0.6678442318539758,0.0788892732780724,0.9568423640428352,0.900870965141245,0.9837481328310289,0.995500824812625,0.9603452926895063,0.9673726388093875,0.985239852398524,0.9496591504981646,0.7697841726618705,0.957051961823966,0.9502840909090909,0.9626168224299065,0.9582753824756607,0.7647058823529411,0.9586843160850381,0.9624643002855977,0.9752577319587629,0.952018278750952,0.7668711656441718
GSE250136,mast,celltype_single_cell,Ndufc2,0.2793219361221353,0.10178892583890908,0.13682526160433595,0.02600647040975046,-0.036258214148205514,0.002230123617550945,0.643156768113902,0.8299901770626741,0.8721661436681726,0.9003428047234533,0.008941434598068107,0.9832753433879675,0.9989153187003222,0.9986810248541517,0.9967258111793633,0.8902077151335311,0.8895248998282771,0.9704797047970479,0.8841111693759832,0.6402877697841727,0.887592788971368,0.8963068181818182,0.9719626168224299,0.8929068150208623,0.6363636363636364,0.8888888888888888,0.8914728682170543,0.9711340206185567,0.8865194211728865,0.6380368098159509
GSE250136,mast,celltype_single_cell,Ndufs2,0.15875617655519392,-0.04531406419750694,0.15215864799302725,0.01869813348480509,-0.0859565621432079,0.05760638861507783,0.9019030430593786,0.3784912334293241,0.7265213869064417,0.9345261590921126,0.06550713166082085,0.9901382823531624,0.9094028565069193,0.9879344995215968,0.9967258111793633,0.8335581332613974,0.8185460789925587,0.922509225092251,0.8127949659150498,0.4028776978417266,0.8300636267232238,0.8125,0.9485981308411215,0.803894297635605,0.4117647058823529,0.8317956946115791,0.8168094655242758,0.934020618556701,0.8103579588728104,0.40797546012269936
GSE250136,mast,celltype_single_cell,Ndufs5,0.3516941807266285,0.0869394773450205,-0.20974002164894356,0.029914553815934664,-0.5256399306769532,0.0022270811682432623,0.7358590767306192,0.4172200389687133,0.22391166538844956,0.16802833183965937,0.008941434598068107,0.9832753433879675,0.9206871144167472,0.9837481328310289,0.995500824812625,0.9169139465875371,0.9175729822552948,0.974169741697417,0.9244887257472469,0.6474820143884892,0.9209968186638389,0.9147727272727273,0.9485981308411215,0.9082058414464534,0.6524064171122995,0.918973124749298,0.9167686658506732,0.9628865979381444,0.92003046458492,0.6503067484662577
GSE250136,mast,celltype_single_cell,Ndufs6,0.45415123787187284,0.09424291718019351,0.2204466244341683,0.32321659406627123,-0.01613849476491591,0.008249926682600257,0.7108531693170976,0.7160089876765217,0.16446429225692458,0.9170296519145341,0.014804052370730576,0.9832753433879675,0.9964021960522161,0.9837481328310289,0.9967258111793633,0.9705961694092258,0.9759587864911277,0.996309963099631,0.9402202412165706,0.7553956834532374,0.9663308589607635,0.9701704545454546,0.9953271028037384,0.9513212795549374,0.7486631016042781,0.9684449792753042,0.9742962056303549,0.9958762886597938,0.9432597105864433,0.7515337423312883
GSE250136,mast,celltype_single_cell,Ndufs7,0.1948256423893473,-0.061417521917819684,-0.39705942502266534,0.03405574004328171,-0.04651756545263286,0.009645130809854316,0.6404598970042045,0.0671837291453676,0.8162255842134373,0.7515445730860754,0.016182596682938283,0.9832753433879675,0.6063201478430317,0.9986810248541517,0.995500824812625,0.8510925276503911,0.8070978820835718,0.959409594095941,0.8358678552700577,0.5827338129496403,0.8451749734888653,0.8110795454545454,0.9065420560747663,0.8331015299026425,0.5668449197860963,0.8481080358336676,0.8082415340677275,0.9360824742268041,0.8351104341203351,0.5736196319018405
GSE250136,mast,celltype_single_cell,Ndufv2,0.18380660930836923,0.13763993931160012,-0.06632970636457092,0.009973175730493722,-0.010469820111275396,0.09939775410539131,0.33842420946820034,0.7964593745860241,0.2962290450385849,0.9895824665255004,0.10717889142172245,0.9568423640428352,0.9980931199189546,0.9837481328310289,0.9967258111793633,0.8939843539250067,0.8872352604464797,0.955719557195572,0.8689040377556371,0.5611510791366906,0.8931601272534464,0.8792613636363636,0.9579439252336449,0.847009735744089,0.5882352941176471,0.8935686589116192,0.8849449204406364,0.9567010309278351,0.8629093678598629,0.5766871165644172
GSE250136,mast,celltype_single_cell,Ndufv3,0.3192229320247142,0.3880792158351545,-0.25539437479755644,0.17719023971629078,-0.41075899038335084,0.011036037189714956,0.010922904040609666,0.469650744777821,0.25426458212332226,0.3606676125679657,0.017951953828602995,0.9568423640428352,0.9355206543413022,0.9837481328310289,0.995500824812625,0.892096034529269,0.8563251287922152,0.9630996309963099,0.8940744625065548,0.5755395683453237,0.8981972428419936,0.8778409090909091,0.9579439252336449,0.8887343532684284,0.5775401069518716,0.895173151490841,0.8625050999592003,0.9608247422680413,0.8926123381568926,0.5766871165644172
GSE250136,mast,celltype_single_cell,Nedd4,1.3001184212582366,0.2649999266119192,-12.14635758517085,0.8506577220120999,-1.0338986023162455,0.013644035508925388,0.7841226907239038,0.493359138092629,0.2294338801235418,0.3682311605858751,0.02051409564194064,0.9887434107939682,0.9355206543413022,0.9837481328310289,0.995500824812625,0.9967628810358781,0.9977103606182026,1,0.9968536969061353,0.9136690647482014,0.9973488865323435,0.9985795454545454,0.9953271028037384,0.9986091794158554,0.946524064171123,0.9970584302714267,0.9979600163198694,0.9979381443298969,0.9973343488194973,0.9325153374233128
GSE250136,mast,celltype_single_cell,Nedd8,0.6128525411185155,0.12512119069725447,-0.1484037158511713,-0.162792977836145,-0.23955959439014674,0.006071901873130053,0.7164452310103485,0.8541697620046713,0.7582056446774763,0.014705065134332403,0.012905367310150658,0.9832753433879675,0.9989153187003222,0.9913457141686123,0.6547036535613597,0.9886700836255733,0.9891242129364625,0.985239852398524,0.9900367068694285,0.7985611510791367,0.9875397667020148,0.9914772727272727,0.985981308411215,0.9916550764951322,0.9090909090909091,0.9881000133707715,0.9898000815993472,0.9855670103092784,0.9904798172124905,0.8619631901840491
GSE250136,mast,celltype_single_cell,Nhp2,0.7102013697591465,0.13418465854783612,0.25799392286902734,0.12053174764814578,-0.2787881816846278,8.706500867806776e-4,0.8037125630972167,0.4782761852550416,0.7822244475601368,0.6186935010413714,0.007156386446969428,0.9901382823531624,0.9355206543413022,0.9970442958453086,0.995500824812625,0.9776099271648233,0.9656554092730395,0.981549815498155,0.9281594126900892,0.7697841726618705,0.9801166489925769,0.9630681818181818,0.9906542056074766,0.9346314325452016,0.8128342245989305,0.978874181040246,0.9649122807017544,0.9855670103092784,0.9299314546839299,0.7944785276073619
GSE250136,mast,celltype_single_cell,Nktr,0.0941034676584489,0.19575544289384528,0.2493081735712832,-0.0935572647540801,-0.6154057959729893,0.39589213032216086,0.1505556569720608,0.040902994725362234,0.08825590582225112,0.25745890957389317,0.40393295017338754,0.9568423640428352,0.522621900946991,0.9837481328310289,0.995500824812625,0.8429997302400863,0.8431597023468803,0.7970479704797048,0.897745149449397,0.26618705035971224,0.8478260869565217,0.8636363636363636,0.8738317757009346,0.8706536856745479,0.24064171122994651,0.8454338815349646,0.8490412076703386,0.8309278350515464,0.8903274942878904,0.25153374233128833
GSE250136,mast,celltype_single_cell,Nme1,0.8459109326644247,0.09224243557484613,-0.24465953045507405,-0.12250749477979639,-0.2444291849548632,0.002072394891598109,0.7760687328059315,0.8042184565913373,0.8253281512150712,0.8578820646945099,0.008849126187123925,0.9862540146075378,0.9980931199189546,0.9986810248541517,0.995500824812625,0.9894793633666037,0.9891242129364625,0.981549815498155,0.9805977975878343,0.841726618705036,0.9883351007423118,0.9914772727272727,0.9813084112149533,0.9847009735744089,0.8449197860962567,0.9889022596603824,0.9898000815993472,0.9814432989690721,0.9817212490479817,0.843558282208589
GSE250136,mast,celltype_single_cell,Nme2,2.139831766309051,-0.5184465274137935,-0.09106124808548444,-0.007435343139952977,-1.3179201046321296,0.0018881058901871256,0.9565653105973627,0.9955598691969366,0.8291853293704393,0.5036857004398311,0.008805184605743067,0.999854330950744,1,0.9986810248541517,0.995500824812625,0.9997302400863232,1,1,0.9994756161510225,0.9784172661870504,0.9997348886532343,1,1,1,0.9786096256684492,0.9997325845701297,1,1,0.9996191926884996,0.9785276073619632
GSE250136,mast,celltype_single_cell,Nol7,0.5061327066071151,-0.06726652295116864,-0.15985852181603555,0.13954981946053202,0.0376631631750346,3.997892467554117e-4,0.402522094907122,0.5223705386588194,0.4937755537331617,0.0660464233745687,0.006933194569982071,0.9568423640428352,0.9355206543413022,0.9837481328310289,0.9589069094561428,0.9603452926895063,0.9582140812821981,0.9520295202952029,0.9171473518615627,0.7122302158273381,0.9636797454931071,0.9446022727272727,0.9626168224299065,0.9290681502086231,0.8235294117647058,0.9620270089584169,0.9543043655650755,0.9567010309278351,0.9204112718964204,0.7760736196319018
GSE250136,mast,celltype_single_cell,Nolc1,0.4183941879975652,-0.09878727602240289,-0.31214173665000144,-0.10658329899311747,-0.12182277831317112,0.002267281019437286,0.666289602505225,0.5301915927790843,0.25432540196659675,0.42028942058756263,0.008973962682423196,0.9832753433879675,0.9355206543413022,0.9837481328310289,0.995500824812625,0.9263555435662261,0.9061247853463079,0.959409594095941,0.8657577346617724,0.5611510791366906,0.9371686108165429,0.8934659090909091,0.9392523364485982,0.8442280945757997,0.6363636363636364,0.9318090653830726,0.9024887800897593,0.9505154639175257,0.8598629093678599,0.6042944785276073
GSE250136,mast,celltype_single_cell,Nono,0.5476538654759562,0.025762417159012507,-0.0782384045287241,0.22950976628067998,-0.6400113429513032,0.0029144392033289557,0.48920791253861085,0.6796379203317852,0.47531422439891324,0.09726705531246302,0.009645931793863546,0.9659271527507931,0.9785166997544211,0.9837481328310289,0.995500824812625,0.9592662530347991,0.9702346880366343,0.922509225092251,0.9580492920818039,0.7841726618705036,0.9655355249204666,0.9602272727272727,0.9345794392523364,0.9582753824756607,0.7272727272727273,0.9624281321032223,0.9673602611179111,0.9278350515463918,0.9581111957349581,0.7515337423312883
GSE250136,mast,celltype_single_cell,Nop10,0.6712975487501494,0.19239989112704414,-0.2943746603880202,0.2389483998119699,-0.1351378531156513,0.006852716932167726,0.030237118922282345,0.6794436432353417,0.5381981504553354,0.4689926329955125,0.013404664019394321,0.9568423640428352,0.9785166997544211,0.9879344995215968,0.995500824812625,0.9851632047477745,0.9902690326273612,0.992619926199262,0.9795490298898794,0.7985611510791367,0.9848886532343585,0.9772727272727273,0.985981308411215,0.9791376912378303,0.8556149732620321,0.985024735927263,0.9865361077111383,0.9896907216494846,0.9794364051789795,0.8312883435582822
GSE250136,mast,celltype_single_cell,Nop56,0.3467952290694236,0.18132494915783948,-0.2667771217637749,0.1521921836763669,-0.4043588094718924,0.00459190470963476,0.3371866959777125,0.6258737587644755,0.5376463667060238,0.1400329494482672,0.011526985429223802,0.9568423640428352,0.966440990871839,0.9879344995215968,0.995500824812625,0.9152953871054761,0.8941041785918717,0.981549815498155,0.854745673833246,0.6115107913669064,0.9186108165429481,0.9076704545454546,0.9672897196261683,0.8567454798331016,0.5454545454545454,0.9169675090252708,0.898000815993472,0.9752577319587629,0.8552932216298553,0.5736196319018405
GSE250136,mast,celltype_single_cell,Nop58,0.44338657906005974,0.05177235703100358,-0.24683173867528563,0.001710380017969193,-0.685989842374159,0.017080266619589876,0.6612305182749005,0.7429022391851707,0.6952324223956963,0.03876949608649364,0.024230145669650757,0.9832753433879675,0.9964021960522161,0.9879344995215968,0.8653719484329542,0.9708659293229026,0.9753863766456783,0.996309963099631,0.940744625065548,0.8345323741007195,0.9724284199363733,0.96875,0.9953271028037384,0.9346314325452016,0.7647058823529411,0.9716539644337479,0.9734802121583027,0.9958762886597938,0.9390708301599391,0.7944785276073619
GSE250136,mast,celltype_single_cell,Npc2,0.34986222063966776,0.2876486072522728,0.25129372886515755,0.4347705628156402,-0.35826469757289603,5.085862833236655e-4,0.06094194468987026,0.12543001288147188,4.795500010656447e-4,0.4672864273304314,0.006933194569982071,0.9568423640428352,0.697433091786063,0.2047678504550303,0.995500824812625,0.9063933099541408,0.8958214081282198,0.9630996309963099,0.9355007865757735,0.5107913669064749,0.9175503711558854,0.8948863636363636,0.9439252336448598,0.9652294853963839,0.48663101604278075,0.9120203235726702,0.8955528355773154,0.954639175257732,0.9436405178979437,0.49693251533742333
GSE250136,mast,celltype_single_cell,Npm1,NA,NA,NA,NA,NA,NA,NA,NA,NA,NA,NA,NA,NA,NA,NA,1,1,1,1,1,1,1,1,1,1,1,1,1,1,1
GSE250136,mast,celltype_single_cell,Npm3,0.15461122154636198,0.16089280091033564,-0.28729681370864957,-0.10604840085740874,-0.36040960063192906,0.038822403671948044,0.18177106231309714,0.1769626267306095,0.5259575254524387,0.3063595901463973,0.04611172842259197,0.9568423640428352,0.7693061183527152,0.9837481328310289,0.995500824812625,0.8003776638791475,0.8540354894104178,0.955719557195572,0.8521237545883587,0.5179856115107914,0.8138918345705196,0.875,0.9485981308411215,0.8442280945757997,0.4919786096256685,0.8071934750635111,0.8600571195430436,0.9525773195876288,0.84996191926885,0.5030674846625767
GSE250136,mast,celltype_single_cell,Nsa2,0.5210503928220058,0.3543728012210181,0.4983405161972492,0.3944104609895511,-0.3672176823785058,0.02137378373161854,0.3201734780138918,0.12378871681234153,0.20880598624498042,0.35503977220077343,0.02897335128063847,0.9568423640428352,0.697433091786063,0.9837481328310289,0.995500824812625,0.9908281629349879,0.9885518030910132,0.992619926199262,0.9947561615102255,0.8848920863309353,0.9931071049840933,0.9886363636363636,1,0.9944367176634215,0.8556149732620321,0.9919775371038909,0.9885760913912689,0.9958762886597938,0.9946686976389947,0.8680981595092024
GSE250136,mast,celltype_single_cell,Nsd2,0.3442119891502733,0.27038161424662865,-0.03770751558417551,0.11225085342997732,0.16154538261724305,0.0028530031994109797,0.035509019828406534,0.16252034690299114,0.5234722702162724,0.35462375780138566,0.009517440360535066,0.9568423640428352,0.7612231985360307,0.9837481328310289,0.995500824812625,0.8856217966010251,0.8271322266742988,0.6051660516605166,0.7928683796539067,0.2949640287769784,0.8918345705196182,0.8565340909090909,0.6728971962616822,0.7830319888734353,0.3850267379679144,0.8887551811739537,0.835577315381477,0.6350515463917525,0.7901751713632902,0.34662576687116564
GSE250136,mast,celltype_single_cell,Nsmce4a,0.4197038247064211,0.04960270749117557,-0.3494224712690599,0.12287730088151916,-0.3110737846820686,1.8505400322059502e-4,0.9058647965753988,0.034388007699808536,0.28964106138937196,0.530370329023301,0.006204622690599899,0.9905358979198342,0.5063337685454566,0.9837481328310289,0.995500824812625,0.902886431076342,0.8809387521465369,0.977859778597786,0.8568432092291557,0.539568345323741,0.9090668080593849,0.8806818181818182,0.9299065420560748,0.8442280945757997,0.5294117647058824,0.9060034764005883,0.8808649530803754,0.9567010309278351,0.8533891850723534,0.5337423312883436
GSE250136,mast,celltype_single_cell,Nt5dc2,0.31795884594554114,0.21214546095618703,0.05640672549195713,0.06428093180096184,-0.5245033176952751,0.01241117078004378,0.26105482237445293,0.4024665107911261,0.5742221809806117,0.0026627738027940485,0.01930626565784588,0.9568423640428352,0.917237134408955,0.9879344995215968,0.4346975487962242,0.9258160237388724,0.9141385231825987,0.8228782287822878,0.8972207656004195,0.6834532374100719,0.926829268292683,0.9105113636363636,0.8598130841121495,0.8915159944367177,0.5401069518716578,0.9263270490707314,0.9130966952264382,0.8391752577319588,0.8956587966488957,0.6012269938650306
GSE250136,mast,celltype_single_cell,Nucks1,0.9083232706285767,-0.126212315473623,-0.6929291567881943,-0.19544719925158738,-0.556213932069813,0.0011781690233254574,0.8398549698158033,0.6487910421680808,0.8515682121246315,0.6337307380624276,0.007839316981245252,0.9901382823531624,0.9697776811869792,0.9986810248541517,0.995500824812625,0.9986512004316158,0.9959931310818546,1,0.9958049292081804,0.9712230215827338,0.9957582184517497,0.9971590909090909,1,0.9972183588317107,0.9625668449197861,0.9971921379863619,0.996328029375765,1,0.9961919268849961,0.9662576687116564
GSE250136,mast,celltype_single_cell,Nudc,0.3617240906432788,0.03985702163837068,0.07953356507419995,-0.03972489971257254,0.0015645392428029758,0.00932124024454426,0.43093054419671983,0.536601159074989,0.6939158938328545,0.9999641655831158,0.015947788803625858,0.9568423640428352,0.9355206543413022,0.9879344995215968,0.9999641655831158,0.9339088211491773,0.9175729822552948,0.981549815498155,0.8626114315679078,0.7050359712230215,0.9331919406150583,0.9303977272727273,0.9672897196261683,0.8511821974965229,0.7219251336898396,0.9335472656772296,0.9212566299469604,0.9752577319587629,0.8594821020563594,0.7147239263803681
GSE250136,mast,celltype_single_cell,Nudcd2,0.28591739683044093,0.22841921419053524,0.018738187727792344,-0.06552579384724933,-0.06352600833550515,0.006619545150323658,0.15350023425416987,0.8276176920712882,0.31301115095136495,0.8491370126236378,0.013344302519725284,0.9568423640428352,0.9989153187003222,0.9837481328310289,0.995500824812625,0.881035878068519,0.8734974241556954,0.915129151291513,0.8484530676455165,0.4676258992805755,0.8812301166489925,0.8892045454545454,0.897196261682243,0.8261474269819193,0.5133689839572193,0.88113384142265,0.8780089759281926,0.9072164948453608,0.8423457730388424,0.4938650306748466
GSE250136,mast,celltype_single_cell,Nudt21,0.49460042631320666,0.01958124112896531,0.09367913314416265,0.16038647692858587,-0.48570936063487835,0.0035196478549962503,0.9546501945762892,0.35484330764374034,0.573065880397687,0.4173401118517607,0.01032913837858006,0.999854330950744,0.9094028565069193,0.9879344995215968,0.995500824812625,0.9398435392500675,0.9187178019461935,0.9630996309963099,0.8935500786575773,0.6115107913669064,0.9374337221633086,0.9204545454545454,0.9813084112149533,0.8915159944367177,0.6096256684491979,0.9386281588447654,0.9192166462668299,0.9711340206185567,0.892993145468393,0.6104294478527608
GSE250136,mast,celltype_single_cell,Oaz1,1.2985906889648575,0.10517473918644527,-0.38612425200780187,0.3867167049867035,-0.7004758872824137,0.0011884930066304769,0.9543923910471962,0.3832810108423089,0.2722266801115413,0.5046434151253092,0.007839316981245252,0.999854330950744,0.9094028565069193,0.9837481328310289,0.995500824812625,0.9967628810358781,0.9988551803091014,0.996309963099631,0.9947561615102255,0.920863309352518,0.9981442205726405,0.9985795454545454,1,0.9916550764951322,0.9090909090909091,0.9974595534162322,0.9987760097919217,0.9979381443298969,0.993907083015994,0.9141104294478528
GSE250136,mast,celltype_single_cell,Odc1,1.3729628222225063,0.33251473589739966,-0.6384891436020901,0.4599084763011181,-0.33310648670884824,0.006230458760514748,0.7533410131263015,0.40068335821320517,0.368641773855857,0.8528279961024032,0.013073247620342983,0.9832753433879675,0.917237134408955,0.9837481328310289,0.995500824812625,0.9929862422444025,0.9925586720091586,0.996309963099631,0.9643418982695333,0.8561151079136691,0.9925768822905621,0.9928977272727273,0.985981308411215,0.9596662030598053,0.8556149732620321,0.9927797833935018,0.99265605875153,0.9917525773195877,0.963061690784463,0.8558282208588958
GSE250136,mast,celltype_single_cell,Ola1,0.21605519704876874,0.20130939824137473,-0.21788632804726005,0.015287893890945536,-0.121221599538885,0.018400534524196564,0.14578968766682981,0.49683387844282223,0.9874301936177914,0.9107799104741093,0.02580304841324116,0.9568423640428352,0.9355206543413022,0.9986810248541517,0.9967258111793633,0.863771243593202,0.8546078992558672,0.8745387453874539,0.7912952281069743,0.460431654676259,0.8687698833510075,0.8565340909090909,0.8457943925233645,0.7941585535465925,0.47593582887700536,0.8662922850648482,0.8551611587107303,0.8618556701030928,0.7920792079207921,0.46932515337423314
GSE250136,mast,celltype_single_cell,Ost4,0.34996542752362814,0.1647330751719842,-0.19524474776132728,0.06739593632086782,-0.03737068328040927,1.1750461392671146e-4,0.24351289086818445,0.5660387934129331,0.7720029505055572,0.2342375338027572,0.005913277083199511,0.9568423640428352,0.9450466938251723,0.9955254664505058,0.995500824812625,0.8761801996223362,0.8546078992558672,0.9261992619926199,0.8495018353434715,0.6690647482014388,0.8860021208907741,0.8693181818181818,0.9018691588785047,0.8581363004172462,0.6096256684491979,0.88113384142265,0.8588331293349654,0.9154639175257732,0.8518659558263518,0.6349693251533742
GSE250136,mast,celltype_single_cell,Ostc,0.1499192163352272,-0.100611268937977,-0.1160117080042764,-0.0013881711645891137,0.049392133679090566,0.016020761684037065,0.6251541652296,0.12878061355491152,0.9903592499460716,0.926515682910767,0.02315013617287251,0.9832753433879675,0.7005009170439136,0.9986810248541517,0.9967258111793633,0.8397626112759644,0.8511734401831712,0.8487084870848709,0.7881489250131096,0.3597122302158273,0.8268822905620361,0.8423295454545454,0.8878504672897196,0.7872044506258693,0.40106951871657753,0.8332664794758657,0.8486332109343125,0.865979381443299,0.7878903274942879,0.3834355828220859
GSE250136,mast,celltype_single_cell,P4hb,0.22002248081245535,0.15450476077380637,0.22970818448161046,0.16175898809162526,0.1457339561958415,0.02098878210189816,0.22977731437699214,0.47653241319552947,0.3210734948677935,0.2973332584437032,0.028604328297691255,0.9568423640428352,0.9355206543413022,0.9837481328310289,0.995500824812625,0.851362287564068,0.8443045220377791,0.8929889298892989,0.85736759307813315,0.2733812949640288,0.8443796394485684,0.8323863636363636,0.9158878504672897,0.8595271210013908,0.3689839572192513,0.8478406204037973,0.8408812729498164,0.9030927835051547,0.857958872810358,0.3282208588957055
GSE250136,mast,celltype_single_cell,Pa2g4,0.6863254685747808,0.3212996972887474,0.01651632720142704,0.30783029264884565,-0.6987352305612244,0.001784820721899548,0.10667851178136109,0.7634687770735085,0.3274605724926578,0.3369638564112012,0.008720936070797415,0.9568423640428352,0.9964021960522161,0.9837481328310289,0.995500824812625,0.9684380900998112,0.9479107040641099,0.996309963099631,0.9360251704247509,0.7338129496402878,0.9652704135737009,0.9616477272727273,0.9906542056074766,0.9457579972183588,0.7379679144385026,0.9668404866960824,0.9518563851489188,0.9938144329896907,0.9386900228484387,0.7361963190184049
GSE250136,mast,celltype_single_cell,Pabpc1,1.3426177551627276,0.6446522252417672,0.08346674625409989,0.4012328567034871,-0.6091286855655937,0.0014543605151714593,0.18182973366307081,0.49878320518022923,0.567802694917697,0.7411785479673281,0.008240416740643706,0.9568423640428352,0.9355206543413022,0.9879344995215968,0.995500824812625,0.9959536012948476,0.9971379507727532,0.996309963099631,0.9963293130571579,0.935251798561151,0.9968186638388123,0.9943181818181818,1,0.9958275382475661,0.9358288770053476,0.9963898916967509,0.996328029375765,0.9979381443298969,0.9961919268849961,0.9355828220858896
GSE250136,mast,celltype_single_cell,Pabpn1,0.5976640784109808,0.10323821731670435,0.04522653053041825,-0.0754729770256386,-0.48230160583609205,0.016004829568494718,0.8492365390150753,0.8650046936465908,0.9307096715064933,0.06982216684506436,0.02315013617287251,0.9901382823531624,0.9989153187003222,0.9986810248541517,0.9589069094561428,0.9840841650930672,0.9856897538637664,0.992619926199262,0.9706345044572627,0.7410071942446043,0.9848886532343585,0.9872159090909091,0.9953271028037384,0.9707927677329624,0.839572192513369,0.9844899050675224,0.9861281109751122,0.9938144329896907,0.9706778370144706,0.7975460122699386
GSE250136,mast,celltype_single_cell,Pafah1b1,0.1881051980341928,-0.008962399835120038,0.39329349177605755,0.05572381843505836,-0.17548283052277025,0.06315122387953585,0.6939990246782531,0.1620563737057446,0.5803391954546857,0.2995256213546345,0.07086878474786285,0.9832753433879675,0.7612231985360307,0.9879344995215968,0.995500824812625,0.8667386026436471,0.8740698340011448,0.9372693726937269,0.8274777136864184,0.539568345323741,0.8714209968186638,0.8821022727272727,0.9485981308411215,0.8456189151599444,0.48663101604278075,0.8691001470784864,0.8763769889840881,0.9422680412371134,0.8324447829398325,0.50920245398773
GSE250136,mast,celltype_single_cell,Paics,0.48877271557803414,0.2722547081238167,0.31263770388591805,0.13977130680848404,-0.5637637626547392,0.0069009710755391996,0.2704849459960425,0.3148063380284008,0.662222459744461,0.3356500246219825,0.013404664019394321,0.9568423640428352,0.8984198399863772,0.9879344995215968,0.995500824812625,0.9560291340706771,0.9461934745277619,0.985239852398524,0.9381227058206607,0.6402877697841727,0.9581124072110286,0.953125,0.9953271028037384,0.9471488178025035,0.679144385026738,0.9570798235058163,0.9481844145246838,0.9896907216494846,0.9405940594059405,0.6625766871165644
GSE250136,mast,celltype_single_cell,Paip2,0.30709505115532254,-0.19609640551382546,-0.09663546221980557,0.12624796313150233,-0.14332015952355892,0.004576696514871962,0.3006326285875274,0.47283227973157405,0.22806306382183397,0.8877548027907473,0.011526985429223802,0.9568423640428352,0.9355206543413022,0.9837481328310289,0.996634504104157,0.9047747504720799,0.9238694905552376,0.966789667896679,0.8851599370739381,0.60431654676259,0.912778366914104,0.9119318181818182,0.9766355140186916,0.9068150208623088,0.6149732620320856,0.9088113384142265,0.9204406364749081,0.9711340206185567,0.8910891089108911,0.6104294478527608
GSE250136,mast,celltype_single_cell,Papola,0.2541113416664169,-0.09431139789759424,0.22462555952500862,-0.06057757249590834,-0.008493498615901096,0.002315975106902965,0.6526097834390744,0.46559820341757624,0.1168282662717538,0.9924128376959273,0.008990194278614236,0.9832753433879675,0.9355206543413022,0.9837481328310289,0.9967258111793633,0.8559482060965741,0.8488838008013738,0.8782287822878229,0.8243314105925538,0.4748201438848921,0.866118769883351,0.8380681818181818,0.897196261682243,0.7927677329624478,0.5026737967914439,0.8610776841823773,0.8457772337821298,0.8865979381443299,0.8156892612338157,0.49079754601226994
GSE250136,mast,celltype_single_cell,Park7,0.657890825606497,0.11589963362873767,-0.4933655341511143,-0.010981187776479828,-0.666359357810256,0.002765993237319054,0.6654660469875917,0.3667863440324477,0.2545675485787676,0.24216528514479407,0.009517440360535066,0.9832753433879675,0.9094028565069193,0.9837481328310289,0.995500824812625,0.9808470461289452,0.9816828849456211,0.996309963099631,0.9685369690613529,0.8129496402877698,0.9779957582184517,0.9857954545454546,0.9953271028037384,0.9582753824756607,0.7914438502673797,0.9794090118999866,0.9828641370869033,0.9958762886597938,0.9657273419649657,0.8006134969325154
GSE250136,mast,celltype_single_cell,Parp1,0.3606850578637446,0.06286590710874451,0.5756220863781061,0.2457288520196208,-0.12491900621240326,0.016964251252161146,0.7344722165466783,0.12577326772393702,0.2134580270957569,0.9542612544935696,0.02410560826846193,0.9832753433879675,0.697433091786063,0.9837481328310289,0.9967258111793633,0.9225789047747505,0.9170005724098454,0.977859778597786,0.9281594126900892,0.6187050359712231,0.9265641569459173,0.921875,0.9906542056074766,0.9248956884561892,0.6363636363636364,0.9245888487765744,0.9184006527947777,0.9835051546391752,0.9272658035034272,0.6288343558282209
GSE250136,mast,celltype_single_cell,Pbrm1,0.15141615602711633,0.10089760347030063,0.05685348358387676,0.10415323997293857,-0.48633711949023484,0.3614272234642047,0.7750277740166305,0.8823803343429801,0.5264030205607328,0.4185711369256591,0.3696513159741686,0.9862540146075378,0.9994489710258044,0.9837481328310289,0.995500824812625,0.8929053142702994,0.8975386376645679,0.7712177121771218,0.8877818563188253,0.4028776978417266,0.8950159066808059,0.9019886363636364,0.7523364485981309,0.9040333796940194,0.3850267379679144,0.8939697820564246,0.8988168094655242,0.7628865979381443,0.8922315308453922,0.39263803680981596
GSE250136,mast,celltype_single_cell,Pbx1,0.4547036107825555,0.19907480850265058,0.08572056423927155,0.0713944246963969,-0.2132812565978539,0.006040359494904708,0.4459448002068498,0.3499076489977064,0.7345254245384926,0.006519298457111699,0.01289616752162155,0.9568423640428352,0.9094028565069193,0.9883062072638981,0.6547036535613597,0.8707850013487995,0.7670291929021179,0.42435424354243545,0.854745673833246,0.2733812949640288,0.8740721102863203,0.7741477272727273,0.48130841121495327,0.8456189151599444,0.4385026737967914,0.8724428399518652,0.7690738474092207,0.44948453608247424,0.8522467631378522,0.36809815950920244
GSE250136,mast,celltype_single_cell,Pcbp1,0.832272911159837,0.3656884124040731,-0.5738645140901752,0.2618465573847004,-0.11536884138349901,7.467576496638823e-4,0.23320643248385803,0.3473790354227755,0.34438611231232746,0.959614688627525,0.007156386446969428,0.9568423640428352,0.9094028565069193,0.9837481328310289,0.9967258111793633,0.976530887510116,0.9736691471093303,0.996309963099631,0.9669638175144205,0.7410071942446043,0.9793213149522799,0.9673295454545454,0.985981308411215,0.9624478442280946,0.7486631016042781,0.9779382270357,0.9718482252141983,0.9917525773195877,0.9657273419649657,0.745398773006135
GSE250136,mast,celltype_single_cell,Pcbp2,1.1834943784812744,0.4595909282036228,-0.2983170601538703,-0.08874817285876802,-1.008437866663825,0.0010492075564589487,0.20368729106413117,0.5345612101363322,0.631086444443977,0.397092037673733,0.007731863558109168,0.9568423640428352,0.9355206543413022,0.9879344995215968,0.995500824812625,0.9932560021580793,0.9914138523182598,0.996309963099631,0.9926586261143157,0.7913669064748201,0.9936373276776246,0.9957386363636364,0.985981308411215,0.9902642559109874,0.8021390374331551,0.9934483219681776,0.99265605875153,0.9917525773195877,0.992003046458492,0.7975460122699386
GSE250136,mast,celltype_single_cell,Pclaf,1.385000914097752,0.9173625487665813,-0.4158772212549966,0.1879611792043896,-0.5610350216846989,0.0010646452157449353,0.00789502510427055,0.5169838360974297,0.8546757871286376,0.6019143718639747,0.007731863558109168,0.9568423640428352,0.9355206543413022,0.9986810248541517,0.995500824812625,0.9943350418127866,0.9839725243274184,0.7416974169741697,0.9727320398531725,0.9496402877697842,0.9920466595970308,0.9943181818181818,0.7850467289719626,0.9735744089012517,0.9358288770053476,0.9931809065383073,0.9869441044471644,0.7608247422680412,0.9729626808834729,0.941717791411043
GSE250136,mast,celltype_single_cell,Pcm1,0.13224880751962154,0.10163323062844576,0.04497426547363981,0.07382374907304401,-0.045837754800691854,0.31726624776767054,0.7047455624243678,0.8446597370814417,0.11602815759653384,0.9730612423460706,0.3252645565349227,0.9832753433879675,0.9989153187003222,0.9837481328310289,0.9967258111793633,0.859185325060696,0.8322839152833429,0.8597785977859779,0.8117461982170949,0.4244604316546763,0.8647932131495228,0.8295454545454546,0.8691588785046729,0.7816411682892906,0.45454545454545453,0.8620136381869233,0.8314973480212158,0.8639175257731959,0.8035034272658035,0.44171779141104295
GSE250136,mast,celltype_single_cell,Pcna,0.5888272685120866,0.396741037191771,0.04792508803804996,0.16527225534861856,0.10471380029645694,0.006808328170223886,0.17230128074598092,0.6909341647421724,0.45002076340229225,0.024894911070562947,0.013404664019394321,0.9568423640428352,0.9867186901167478,0.9837481328310289,0.8374504213779218,0.956298893984354,0.9147109330280481,0.9630996309963099,0.8736234923964342,0.5611510791366906,0.957847295864263,0.9176136363636364,0.9439252336448598,0.8609179415855355,0.7058823529411765,0.9570798235058163,0.9155446756425949,0.954639175257732,0.8701447067783702,0.6441717791411042
GSE250136,mast,celltype_single_cell,Pcnp,0.24820560923569523,0.06316161941706389,0.03101914473706957,0.0021660642563920973,-0.3034940406656508,0.00658356916380685,0.8269399868861156,0.9718929238154177,0.3977057160263362,0.3548833276330933,0.013344302519725284,0.9901382823531624,1,0.9837481328310289,0.995500824812625,0.8340976530887511,0.8225529479107041,0.8154981549815498,0.8447823807026743,0.4676258992805755,0.8327147401908802,0.8196022727272727,0.8084112149532711,0.8261474269819193,0.43315508021390375,0.8334001871908009,0.8217054263565892,0.8123711340206186,0.8396801218583397,0.44785276073619634
GSE250136,mast,celltype_single_cell,Pdap1,1.3298329477925872,0.23660295010727417,-7.760107303514517,-0.04651008458334438,-0.5938360213337628,8.019080636504256e-4,0.2808645305498748,0.6622090668361067,0.7942833575022201,0.7199569782093698,0.007156386446969428,0.9568423640428352,0.9785166997544211,0.9986090403715784,0.995500824812625,0.9962233612085244,0.9988551803091014,1,0.9963293130571579,0.9568345323741008,0.9981442205726405,0.9957386363636364,1,0.9958275382475661,0.9572192513368984,0.9971921379863619,0.9979600163198694,1,0.9961919268849961,0.9570552147239264
GSE250136,mast,celltype_single_cell,Pdcd5,0.23641891449324604,-0.11355300957114434,-0.0336228504545808,0.18816757735441936,0.03141999404250573,0.10513802939388865,0.8119007095562358,0.9917157983318585,0.4950636452225029,0.7166964965558862,0.11251613671977558,0.9901382823531624,1,0.9837481328310289,0.995500824812625,0.9730240086323172,0.9742415569547797,0.9520295202952029,0.9501835343471421,0.7769784172661871,0.9671261930010604,0.9730113636363636,0.9485981308411215,0.9582753824756607,0.8235294117647058,0.9700494718545261,0.9738882088943288,0.9505154639175257,0.9523990860624524,0.803680981595092
GSE250136,mast,celltype_single_cell,Pdia3,0.23967712352904558,-0.060730730606323835,-0.20321992321316928,-0.07313081268733468,-0.1557361328458673,0.002403011141790686,0.8354495190487252,0.3883155370935963,0.7268973782776124,0.8880120975401424,0.009080404934023211,0.9901382823531624,0.9094028565069193,0.9879344995215968,0.996634504104157,0.8370650121391962,0.8740698340011448,0.8892988929889298,0.8227582590456214,0.34532374100719426,0.8531283138918345,0.8678977272727273,0.8457943925233645,0.8108484005563282,0.3689839572192513,0.8451664661050943,0.872297021623827,0.8701030927835052,0.8194973343488196,0.3588957055214724
GSE250136,mast,celltype_single_cell,Pdia6,0.29052614668798427,-0.09817185867379363,-0.12155221472093203,-0.18093504839958774,-0.22400431548247113,0.018746583100553965,0.6447773057174981,0.8648903590833945,0.34308613691885415,0.8334883294546807,0.02615944765992334,0.9832753433879675,0.9989153187003222,0.9837481328310289,0.995500824812625,0.902886431076342,0.9170005724098454,0.915129151291513,0.8814892501310959,0.37410071942446044,0.9056203605514316,0.9190340909090909,0.9018691588785047,0.8845618915159944,0.40106951871657753,0.9042652761064314,0.9175846593227254,0.9092783505154639,0.8823305407463823,0.3895705521472393
GSE250136,mast,celltype_single_cell,Pebp1,1.2627008956955255,0.5742929216160739,0.8953699430438515,0.6533724293322845,-0.58528250921972,0.0021314149713958707,0.15946288271158215,0.24280008850830195,0.22247902266033562,0.5922177629481128,0.008912141277491582,0.9568423640428352,0.842891364171097,0.9837481328310289,0.995500824812625,0.9967628810358781,0.996565540927304,0.992619926199262,0.9958049292081804,0.9064748201438849,0.9970837751855779,0.9928977272727273,0.9953271028037384,0.9972183588317107,0.8983957219251337,0.9969247225564916,0.9955120359037127,0.9938144329896907,0.9961919268849961,0.901840490797546
GSE250136,mast,celltype_single_cell,Peg3,-0.09478878551115777,-0.2513100145927365,0.37176875890374195,0.2597201346877016,-1.0228075273505406,0.8379175901102588,0.37595331084193095,0.2734719756281325,0.35463041354437513,0.049547794963504595,0.839884532810048,0.9568423640428352,0.8813021403261327,0.9837481328310289,0.9403070421962872,0.748044240625843,0.9358900973096738,0.7269372693726938,0.9355007865757735,0.4460431654676259,0.7158006362672322,0.9176136363636364,0.794392523364486,0.9318497913769124,0.37433155080213903,0.7317823238400856,0.930640554875561,0.756701030927835,0.9345011424219345,0.4049079754601227
GSE250136,mast,celltype_single_cell,Pfdn1,0.21404106745124185,-0.1611426660909463,-0.05071215789190209,0.20502530706208288,-0.1794268910724175,0.03697258505824636,0.31013501026392365,0.6058064515824566,0.20110594384042654,0.6467796055881643,0.04459687519737626,0.9568423640428352,0.9636030410824716,0.9837481328310289,0.995500824812625,0.9290531427029943,0.9456210646823126,0.981549815498155,0.902464604090194,0.6834532374100719,0.9239130434782609,0.9318181818181818,0.9672897196261683,0.9026425591098748,0.6631016042780749,0.9264607567856665,0.941656466748266,0.9752577319587629,0.9025133282559025,0.6717791411042945
GSE250136,mast,celltype_single_cell,Pfdn2,0.2548828527702862,0.2095538122772469,0.2884717986251464,0.1509609046063387,-0.2360649346958259,0.09470374443855488,0.23455410034113022,0.07565275545368502,0.24097211445190594,0.6659353356032911,0.1025057005710087,0.9568423640428352,0.6334064035043825,0.9837481328310289,0.995500824812625,0.9301321823577017,0.9267315397824842,0.9630996309963099,0.891976927110645,0.6402877697841727,0.9337221633085896,0.9389204545454546,0.9906542056074766,0.9151599443671766,0.6737967914438503,0.9319427730980078,0.9302325581395349,0.9752577319587629,0.8983244478293984,0.6595092024539877
GSE250136,mast,celltype_single_cell,Pfdn5,0.6285453269492791,0.07787102335655582,0.5298470906530204,0.2688172560982718,-0.5907178133740993,0.0035810679271169286,0.25378329888798845,0.3166561731099526,0.46208841249945165,0.3388227651848124,0.010422910605824126,0.9568423640428352,0.8984198399863772,0.9837481328310289,0.995500824812625,0.9808470461289452,0.9811104751001717,0.988929889298893,0.9785002621919245,0.7697841726618705,0.9790562036055143,0.9701704545454546,0.9906542056074766,0.980528511821975,0.8074866310160428,0.9799438427597272,0.97796817625459,0.9896907216494846,0.9790555978674791,0.7914110429447853
GSE250136,mast,celltype_single_cell,Pfn1,1.4032624807680847,0.6487224519238879,-10.917266266701466,0.07516352636305257,-0.95053523820091,0.003209427657472955,0.28295700332014034,0.00931536001594181,0.08467768863857981,0.4853749680671811,0.009859177048496056,0.9568423640428352,0.30572592120026404,0.9837481328310289,0.995500824812625,0.9973024008632317,0.9994275901545506,1,0.994231777661248,0.920863309352518,0.9981442205726405,0.9985795454545454,0.9953271028037384,1,0.9090909090909091,0.9977269688461025,0.9991840065279478,0.9979381443298969,0.9958111195734958,0.9141104294478528
GSE250136,mast,celltype_single_cell,Pgam1,1.0508540162986701,0.7310806028544352,-0.7653215421720176,0.902966118054934,-0.2562454409243422,0.04368613365879178,0.21648738438790968,0.5097003807234517,0.046030842762427325,0.22813550017363898,0.05096715593525708,0.9568423640428352,0.9355206543413022,0.9837481328310289,0.995500824812625,0.993795521985433,0.9908414424728106,0.996309963099631,0.9937073938122706,0.8705035971223022,0.9939024390243902,0.9943181818181818,0.9953271028037384,0.9986091794158554,0.93048128342246,0.993849445112983,0.9918400652794778,0.9958762886597938,0.995049504950495,0.9049079754601227
GSE250136,mast,celltype_single_cell,Pgk1,0.7723504966467694,1.5141946109412743,0.4010875976538877,1.3046180019555518,-1.078166274756212,0.46485593146390736,0.09492973567263686,0.9086751859927868,0.10427188836560393,0.204420241859272,0.471480956615412,0.9568423640428352,1,0.9837481328310289,0.995500824812625,0.9964931211222012,0.996565540927304,1,0.9989512323020451,0.935251798561151,0.9957582184517497,0.9971590909090909,1,1,0.8983957219251337,0.9961224762668806,0.9967360261117911,1,0.9992383853769993,0.9141104294478528
GSE250136,mast,celltype_single_cell,Pgls,0.44828284615190706,0.005283455452901542,0.4197464658881125,0.053551885259545795,-0.09379445076984227,0.0025185621130212354,0.67152293514271,0.19325929551151236,0.5344149523752686,0.6236923321095431,0.00911377984966159,0.9832753433879675,0.7693061183527152,0.9879344995215968,0.995500824812625,0.9433504181278662,0.9147109330280481,0.9040590405904059,0.9255374934452019,0.6474820143884892,0.939289501590668,0.9232954545454546,0.8925233644859814,0.9165507649513213,0.7058823529411765,0.94130231314346835,0.9171766625866993,0.8989690721649485,0.9230769230769231,0.6809815950920245
GSE250136,mast,celltype_single_cell,Phb2,0.44376758722337417,0.1448745677641048,-0.599729333699468,0.04511297057536412,-0.3682238862086429,0.0016188226624439786,0.7080547210607679,0.10023540938134136,0.12327470938559773,0.6471180437567946,0.00846175024363994,0.9832753433879675,0.6743716767311836,0.9837481328310289,0.995500824812625,0.9506339357971405,0.9398969662278192,0.985239852398524,0.9208180388044048,0.6187050359712231,0.940880169671262,0.9417613636363636,0.9813084112149533,0.8998609179415855,0.6310160427807486,0.9457146677363284,0.9404324765401877,0.9835051546391752,0.915079969535415,0.6257668711656442
GSE250136,mast,celltype_single_cell,Phf5a,0.4875614098840737,0.09078822833344447,-0.15336405941986975,0.08280921076902992,-0.24905862054131456,0.005968940484880304,0.8061227543708992,0.5837194065203952,0.729606956074014,0.11768819623716537,0.012839987844049822,0.9901382823531624,0.9500980645074812,0.9883062072638981,0.995500824812625,0.9579174534664149,0.9398969662278192,0.955719557195572,0.9307813319349764,0.6906474820143885,0.9599681866383881,0.9346590909090909,0.9299065420560748,0.9401947148817803,0.786096256684492,0.9589517315149084,0.9383924928600571,0.9443298969072165,0.9333587204874334,0.745398773006135
GSE250136,mast,celltype_single_cell,Pin1,0.26233820991393664,0.07999850138422815,-0.05693081231707575,0.0975178213562069,-0.08023606244068082,0.007590589278346017,0.7104831246698937,0.43013125905536814,0.67948222575987,0.9042366207359311,0.014122795737924833,0.9832753433879675,0.9252697612929077,0.9879344995215968,0.9967258111793633,0.8769894793633666,0.8815111619919863,0.966789667896679,0.7834294703723126,0.5611510791366906,0.8780487804878049,0.8792613636363636,0.9766355140186916,0.7913769123783032,0.5614973262032086,0.877523733119401,0.8808649530803754,0.9711340206185567,0.7856054836252856,0.5613496932515337
GSE250136,mast,celltype_single_cell,Pkm,1.9207077619898527,-17.047457153209717,-0.5347275912060319,1.2196898698692884,-17.086441278901958,0.03631031232692173,0.18699304731434951,0.8972873978458645,0.2898539257019127,0.10599389251677367,0.04385998122657872,0.9568423640428352,1,0.9837481328310289,0.995500824812625,0.9994604801726463,1,1,0.9989512323020451,1,0.999204665959703,1,1,0.9986091794158554,0.983957219251337,0.9993314614253243,1,1,0.9988575780654989,0.99079754601227
GSE250136,mast,celltype_single_cell,Pnisr,0.3947651724047345,0.002263997560801201,0.26354704072505397,0.11733433017990613,-0.20587115413479795,0.0015835708092004062,0.9237487838226575,0.2805088181657367,0.1962782462025353,0.6325906422455574,0.008347959697883623,0.9923037250120119,0.8825175240592783,0.9837481328310289,0.995500824812625,0.9206905853790127,0.9129937034917001,0.9261992619926199,0.8951232302045097,0.5611510791366906,0.9186108165429481,0.90625,0.9532710280373832,0.8817802503477051,0.5401069518716578,0.9196416633239738,0.9110567115463076,0.9381443298969072,0.8914699162223915,0.549079754601227
GSE250136,mast,celltype_single_cell,Pnn,0.28119589487821806,-0.04691268372660229,0.02482234536889205,0.36461423143555294,0.15411283793344488,0.05525975912802774,0.4171809862376149,0.9942384899120854,0.005427558580377125,0.027457390864849895,0.0631751463123637,0.9568423640428352,1,0.927027005528413,0.8374504213779218,0.9433504181278662,0.9461934745277619,0.9188191881918819,0.9056109071840587,0.5899280575539568,0.943796394485684,0.9303977272727273,0.9112149532710281,0.9374130737134909,0.7272727272727273,0.943575344297366,0.941656466748266,0.9154639175257732,0.9143183549124143,0.6687116564417178
GSE250136,mast,celltype_single_cell,Polr1d,0.2711166091766488,0.054000398065672695,0.031543195911746036,-0.012982556098131148,-0.40258244776926766,0.01563883697942849,0.904341756716003,0.829550529586325,0.8498621801092895,0.04584538922530837,0.0227522432375331,0.9901382823531624,0.9989153187003222,0.9986810248541517,0.9105107534514731,0.9231184246021041,0.9221522610188895,0.959409594095941,0.9040377556371264,0.7050359712230215,0.9151643690349947,0.9232954545454546,0.9672897196261683,0.8956884561891516,0.6149732620320856,0.9191068324642332,0.9224806201550387,0.9628865979381444,0.9017517136329017,0.6533742331288344
GSE250136,mast,celltype_single_cell,Polr2e,0.23378817358957704,0.10393894461143205,0.47425184044991253,0.14496007819266366,-0.25005159351691364,0.013286868562083083,0.6254668512431278,0.0409972549389648,0.25491890531781525,0.6424461069968309,0.020154504000033668,0.9832753433879675,0.522621900946991,0.9837481328310289,0.995500824812625,0.8432694901537632,0.8242701774470521,0.985239852398524,0.8468799160985842,0.5323741007194245,0.8470307529162248,0.8309659090909091,0.985981308411215,0.8414464534075105,0.5294117647058824,0.8451664661050943,0.8261933904528764,0.9855670103092784,0.8453922315308454,0.5306748466257669
GSE250136,mast,celltype_single_cell,Polr2f,0.6317148424056711,0.15836303335121826,-0.042327157871595134,0.041715152880086315,-0.33927394967379865,0.0012010971649169858,0.6054053259458441,0.7282915911041808,0.4138117487763774,0.5222922211773539,0.007839316981245252,0.9832753433879675,0.9964021960522161,0.9837481328310289,0.995500824812625,0.9830051254383598,0.9690898683457355,0.985239852398524,0.9575249082328264,0.841726618705036,0.9817073170731707,0.9730113636363636,0.9906542056074766,0.9485396383866481,0.8235294117647058,0.9823505816285599,0.9702162382700938,0.9876288659793815,0.955064737242955,0.8312883435582822
GSE250136,mast,celltype_single_cell,Polr2j,0.43231646455414063,0.08841774430048144,-0.33615927508455723,0.0044454643113427394,-0.6037880114940046,4.3938106846181063e-4,0.20577437654471456,0.2928521047080767,0.942352118608067,0.0015851948938764855,0.006933194569982071,0.9568423640428352,0.8825175240592783,0.9986810248541517,0.4346975487962242,0.9457782573509577,0.9267315397824842,0.959409594095941,0.9003670686942842,0.7985611510791367,0.9422057264050901,0.9431818181818182,0.9532710280373832,0.8984700973574409,0.6631016042780749,0.9439764674421715,0.9314565483476133,0.9567010309278351,0.8998476770753998,0.7208588957055214
GSE250136,mast,celltype_single_cell,Polr2m,0.3852915912601973,0.15890889002571829,-0.03976448779259556,0.1664911290526283,-0.29211373431902876,0.0010589401788271848,0.19342029033731512,0.9591218214014295,0.32697658130836804,0.6454892812996,0.007731863558109168,0.9568423640428352,1,0.9837481328310289,0.995500824812625,0.9336390612355004,0.9152833428734974,0.9077490774907749,0.8966963817514421,0.5899280575539568,0.9339872746553552,0.9318181818181818,0.9065420560747663,0.8929068150208623,0.6149732620320856,0.9338146811070999,0.920032639738882,0.9072164948453608,0.8956587966488957,0.6042944785276073
GSE250136,mast,celltype_single_cell,Pomp,0.45521342592012903,0.11213659945858812,-0.001237284594794552,0.05906432099912351,-0.08843772140369488,0.009429356927671077,0.7406117841060843,0.3888002295833679,0.8675054812460894,0.944780050044469,0.01607319524197824,0.9832753433879675,0.9094028565069193,0.9986810248541517,0.9967258111793633,0.9600755327758295,0.9587864911276474,0.988929889298893,0.9538542212899843,0.7122302158273381,0.9644750795334041,0.9545454545454546,0.9719626168224299,0.952712100139082,0.7165775401069518,0.9622944243882872,0.9575683394532843,0.9814432989690721,0.9535415079969536,0.7147239263803681
GSE250136,mast,celltype_single_cell,Ppa1,0.36299915926584614,0.0470780314229029,-0.3993038529365762,-0.05798693760242202,-0.5113224584141398,8.240056363912646e-4,0.7785038466273909,0.1660739301972202,0.13943037920210424,0.1044567946673408,0.007156386446969428,0.9864128857860412,0.7612231985360307,0.9837481328310289,0.995500824812625,0.8804963582411653,0.867773325701202,0.9298892988929889,0.7446250655479811,0.5971223021582733,0.8865323435843054,0.8764204545454546,0.9112149532710281,0.7079276773296245,0.5401069518716578,0.8835405802914829,0.8702570379436965,0.9216494845360824,0.7345773038842346,0.5644171779141104
GSE250136,mast,celltype_single_cell,Ppdpf,0.36781534454201825,0.179061096630051,-0.3354864049727513,0.17567310331054564,-0.06092611140181692,3.827480361908803e-4,0.12288287567813042,0.21549524683860738,0.16553490233450346,0.906957356928765,0.006809725477229412,0.9568423640428352,0.7989393382729112,0.9837481328310289,0.9967258111793633,0.8769894793633666,0.795649685174585,0.940959409594096,0.7493445201887782,0.5467625899280576,0.8849416755037116,0.8196022727272727,0.9065420560747663,0.741307371349096,0.5775401069518716,0.8810001337077149,0.8025295797633619,0.9257731958762887,0.7471439451637472,0.5644171779141104
GSE250136,mast,celltype_single_cell,Ppia,NA,NA,NA,NA,NA,0.005149781273142852,0.4483771642992688,0.5201403550492645,0.7190162955700187,0.788105790225866,0.011918463976325192,0.9568423640428352,0.9355206543413022,0.9879344995215968,0.995500824812625,1,1,1,1,0.9928057553956835,1,1,1,1,1,1,1,1,1,0.9969325153374233
GSE250136,mast,celltype_single_cell,Ppib,0.20595566404479104,-0.08373423618556064,0.03290225619558518,0.08163695549639183,-0.2530842053758624,0.03744083695439525,0.7551932147607432,0.9548958729502731,0.7615854050403538,0.695688004942186,0.044971131869273616,0.9832753433879675,1,0.9913457141686123,0.995500824812625,0.9403830590774211,0.9421866056096165,0.988929889298893,0.9528054535920294,0.49640287769784175,0.9326617179215271,0.9346590909090909,0.985981308411215,0.9596662030598053,0.5401069518716578,0.936488835405803,0.9400244798041616,0.9876288659793815,0.9546839299314547,0.5214723926380368
GSE250136,mast,celltype_single_cell,Ppig,0.2728921127683117,0.12231128322732321,0.37344874143866935,0.09370162286158568,-0.70957131560337094,0.11876240035789432,0.7035953937066795,0.4531330647707969,0.19769401507983608,0.24736508587795003,0.12614812177318624,0.9832753433879675,0.9346521239809183,0.9837481328310289,0.995500824812625,0.9420016185594821,0.9227246708643388,0.9520295202952029,0.9124278972207656,0.60431654676259,0.943796394485684,0.9275568181818182,0.9579439252336449,0.8956884561891516,0.6149732620320856,0.9429068057226901,0.9241126070991432,0.954639175257732,0.9078446306169079,0.6104294478527608
GSE250136,mast,celltype_single_cell,Ppp1ca,0.7851193915890669,0.25402908148738845,-0.6932647479935419,0.1504703987227476,-0.162558695519758,3.230616544494582e-4,0.5475510900516342,0.14643804649963732,0.5979308204357656,0.9436353363784219,0.006421544580902452,0.9832753433879675,0.7459526657875278,0.9879344995215968,0.9967258111793633,0.9768006474237928,0.9690898683457355,0.988929889298893,0.9596224436287363,0.6690647482014388,0.971898197242842,0.96875,0.985981308411215,0.9680111265646731,0.6844919786096256,0.9743281187324508,0.9689922480620154,0.9876288659793815,0.9619192688499619,0.6779141104294478
GSE250136,mast,celltype_single_cell,Ppp1cc,0.2864016287090343,0.04743869561113323,0.10074970363335511,0.0034898340903994907,-0.2075191407823076,0.006265207182173541,0.0711112000994455,0.6327196766919931,0.9991055100848083,0.39748895513663807,0.013108110531688774,0.9568423640428352,0.966440990871839,0.9999362214546985,0.995500824812625,0.9460480172646345,0.9152833428734974,0.955719557195572,0.8877818563188253,0.5971223021582733,0.9358430540827147,0.9389204545454546,0.9672897196261683,0.8901251738525731,0.6684491978609626,0.9409011899986629,0.9220726234190126,0.9608247422680413,0.8884234577303884,0.6380368098159509
GSE250136,mast,celltype_single_cell,Ppp1r14b,0.3113824762857824,-0.08986908669710214,-0.2258825186015052,0.014083667387409626,-0.6171685249755692,0.07620529748485114,0.29231210109865147,0.7678121001540613,0.5936683649663295,0.13814848137300167,0.08429964255448558,0.9568423640428352,0.9977448358812655,0.9879344995215968,0.995500824812625,0.9697868896681953,0.9719519175729823,0.959409594095941,0.9795490298898794,0.8057553956834532,0.9655355249204666,0.9588068181818182,0.9485981308411215,0.9749652294853964,0.7593582887700535,0.9676427329856933,0.9681762545899633,0.954639175257732,0.9782939832444782,0.7791411042944786
GSE250136,mast,celltype_single_cell,Ppp2ca,0.40435506157516743,-0.011619270988842079,-0.059496744372864896,0.0366806914303357,-0.31667099363674556,0.004470939099317099,0.8899408469594592,0.9158344401448593,0.6540265315393217,0.6500035497947209,0.011501369560108422,0.9901382823531624,1,0.9879344995215968,0.995500824812625,0.929592662530348,0.9152833428734974,0.9520295202952029,0.891976927110645,0.5611510791366906,0.9361081654294804,0.9076704545454546,0.9392523364485982,0.8845618915159944,0.5614973262032086,0.9328787271025538,0.9130966952264382,0.9463917525773196,0.8899466869763899,0.5613496932515337
GSE250136,mast,celltype_single_cell,Ppp4r2,0.11860999534321515,0.06335708018935327,0.47979407324676515,0.19455931928942283,-0.056035197452005026,0.013444294703709184,0.7712549148308645,0.031195416692257207,0.10800956807776309,0.9773430648216596,0.020285207909836827,0.9850299795379734,0.5056912682553245,0.9837481328310289,0.9967258111793633,0.8181818181818182,0.8122495706926159,0.8450184501845018,0.7818563188253802,0.4676258992805755,0.8075291622481442,0.8110795454545454,0.8738317757009346,0.799721835883171,0.48663101604278075,0.8128091990907875,0.8119135046919624,0.8577319587628865,0.7867479055597868,0.4785276073619632
GSE250136,mast,celltype_single_cell,Prdx1,1.9775224359799388,0.13794533719721436,-4.965299076728169,-0.12003897064947466,-1.0211861613862379,0.004388606436821541,0.6901706430152108,2.139722886182318e-6,0.2816942409936308,0.4087704038452993,0.011458839612597436,0.9832753433879675,6.091077815998999e-4,0.9837481328310289,0.995500824812625,0.9997302400863232,0.9994275901545506,1,0.9973780807551127,0.9568345323741008,0.9994697773064687,1,1,1,0.9786096256684492,0.9995988768551946,0.9995920032639739,1,0.9980959634424981,0.9693251533742331
GSE250136,mast,celltype_single_cell,Prdx2,1.5376175081568118,0.8387334056996103,0.08549222827130087,0.5655725361145105,-1.0509463599595605,0.002708040733056442,0.21053702543826502,0.3208358261435478,0.31672841451332745,0.291137410697852,0.009430034720161925,0.9568423640428352,0.900870965141245,0.9837481328310289,0.995500824812625,0.9956838413811707,0.998282770463652,0.985239852398524,0.9984268484530676,0.9568345323741008,0.9949628844114529,0.9985795454545454,0.9953271028037384,0.9972183588317107,0.9411764705882353,0.9953202299772697,0.9983680130558955,0.9896907216494846,0.9980959634424981,0.9478527607361963
GSE250136,mast,celltype_single_cell,Prdx4,0.2671718011791575,0.03546077625990396,0.16095409333924016,0.037923150025270136,0.5221302521492626,0.0035984486459573447,0.8625723969607991,0.38877766829088467,0.7739190704556812,0.20633238264605652,0.010422910605824126,0.9901382823531624,0.9094028565069193,0.9955254664505058,0.995500824812625,0.8715942810898301,0.8454493417286777,0.8265682656826568,0.8332459360251704,0.381294964028777,0.8743372216330859,0.8394886363636364,0.8644859813084113,0.827538247566064,0.44919786096256686,0.8729776708116058,0.8437372501019992,0.843298969072165,0.8316831683168316,0.42024539877300615
GSE250136,mast,celltype_single_cell,Prdx6,0.45597011723085545,0.039363202082939974,-1.0450252039599066,0.12217882685825288,0.1268546453972741,0.01619254094094652,0.8496528223334976,0.002309528099353189,0.4792828355930457,0.8522841257761725,0.023291326056411724,0.9901382823531624,0.14088121406054452,0.9837481328310289,0.995500824812625,0.9522524952792015,0.9502003434459073,0.992619926199262,0.9753539590980598,0.60431654676259,0.9472428419936373,0.9446022727272727,0.9953271028037384,0.9707927677329624,0.6470588235294118,0.949725899184383,0.9485924112607099,0.9938144329896907,0.9741051028179741,0.6288343558282209
GSE250136,mast,celltype_single_cell,Prelid1,0.19957541435467352,0.20440392181950395,-0.4574154271609121,0.13759247902663496,-0.18712203349752787,0.020239692117301228,0.31957252551490634,0.12263251084798718,0.12493463416852169,0.6521535540691704,0.027894955767542442,0.9568423640428352,0.697433091786063,0.9837481328310289,0.995500824812625,0.9425411383868357,0.9215798511734402,0.966789667896679,0.9061352910330361,0.5755395683453237,0.9316012725344645,0.9289772727272727,0.9345794392523364,0.9304589707927677,0.6256684491978609,0.9370236662655436,0.9237046103631171,0.9525773195876288,0.9127951256664127,0.6042944785276073
GSE250136,mast,celltype_single_cell,Prmt1,0.6648574649628118,0.18040849585202334,-0.32941277077025877,0.14091335161546414,-0.1154704178573498,0.01368921214513192,0.6982085079935489,0.501320919776918,0.34811187357062795,0.7622565924935429,0.020545847402359683,0.9832753433879675,0.9355206543413022,0.9837481328310289,0.995500824812625,0.9830051254383598,0.9862621637092158,0.996309963099631,0.9811221814368117,0.7769784172661871,0.9806468716861082,0.9886363636363636,0.985981308411215,0.9749652294853964,0.8181818181818182,0.9818157507688193,0.9869441044471644,0.9917525773195877,0.9794364051789795,0.8006134969325154
GSE250136,mast,celltype_single_cell,Prpf40a,0.3592045492628744,-0.11037874443888729,-0.310370062332912,0.09083460385850328,-0.3070225186545188,0.018141871061938715,0.38065812739709354,0.30894909031549417,0.8374197381894737,0.2881831828507763,0.025554800261641423,0.9568423640428352,0.8913598754372704,0.9986810248541517,0.995500824812625,0.9376854599406528,0.9376073268460218,0.959409594095941,0.9134766649187205,0.6187050359712231,0.9403499469777307,0.9460227272727273,0.9252336448598131,0.9151599443671766,0.5721925133689839,0.9390292819895708,0.9400244798041616,0.9443298969072165,0.913937547600914,0.5920245398773006
GSE250136,mast,celltype_single_cell,Prpf4b,0.13086576501849256,-0.008851977428249391,-0.28942565498605166,-0.058754466589575394,0.08328984515515891,0.14711032483957104,0.6447030092687348,0.19555308969578217,0.6533322463830019,0.9428628207585357,0.15377260393267278,0.9832753433879675,0.7693061183527152,0.9879344995215968,0.9967258111793633,0.8562179660102509,0.8620492272467086,0.8929889298892989,0.8479286837965391,0.5107913669064749,0.8637327677624602,0.8465909090909091,0.8364485981308412,0.8358831710709318,0.5294117647058824,0.8600080224628961,0.857609139126887,0.8680412371134021,0.8446306169078446,0.5214723926380368
GSE250136,mast,celltype_single_cell,Prrc2c,0.44530545730286786,-0.039531226218296744,0.23159139131325546,0.08752592750331178,-0.6626911786570107,0.10124552658931536,0.8379072802507143,0.12731141196052256,0.14710302371822748,0.5779050307672735,0.10879458501263575,0.9901382823531624,0.697433091786063,0.9837481328310289,0.995500824812625,0.9727542487186404,0.976531196336577,0.988929889298893,0.9737808075511274,0.6906474820143885,0.9734888653234358,0.9715909090909091,1,0.9624478442280946,0.7005347593582888,0.9731247492980345,0.9751121991024072,0.9938144329896907,0.9706778370144706,0.696319018404908
GSE250136,mast,celltype_single_cell,Prtg,1.1584213591317578,1.175451814229831,-0.18083543046789075,0.3758113975194366,-0.10107345047128824,0.0035745550153488213,7.431257286597413e-4,0.4708222290040631,0.10292505009398652,0.19585475271497513,0.010422910605824126,0.6346293722754192,0.9355206543413022,0.9837481328310289,0.995500824812625,0.9857027245751281,0.9593589009730967,0.5793357933579336,0.9402202412165706,0.5971223021582733,0.9883351007423118,0.9786931818181818,0.6355140186915887,0.9624478442280946,0.7005347593582888,0.9870303516512903,0.9649122807017544,0.6041237113402061,0.9463061690784463,0.656441717791411
GSE250136,mast,celltype_single_cell,Psat1,0.1275964058868464,-0.2016356378235109,-0.14530060082425056,-0.030881312398289396,-0.23659757274586646,0.16807846459091955,0.35789183008800274,0.7061785988823304,0.9563761874466903,0.47215090551148614,0.17483435902636452,0.9568423640428352,0.9882506518174107,0.9986810248541517,0.995500824812625,0.9422713784731589,0.9124212936462507,0.8302583025830258,0.7692711064499214,0.539568345323741,0.9292152704135737,0.9019886363636364,0.8504672897196262,0.7830319888734353,0.6096256684491979,0.935686589116192,0.9094247246022031,0.8391752577319588,0.773038842345773,0.5797546012269938
GSE250136,mast,celltype_single_cell,Psip1,0.8042116779528925,0.019416338983020864,-0.3774688812316267,0.010423312839229482,-0.07994842711364214,0.008001008663042465,0.7685772782436457,0.3590069237355155,0.9205514194644474,0.31956836463007776,0.014600131192816806,0.9850299795379734,0.9094028565069193,0.9986810248541517,0.995500824812625,0.9932560021580793,0.996565540927304,0.981549815498155,0.9816465652857892,0.935251798561151,0.9960233297985154,0.9943181818181818,0.9906542056074766,0.9860917941585535,0.9732620320855615,0.9946516914025939,0.9959200326397388,0.9855670103092784,0.9828636709824828,0.9570552147239264
GSE250136,mast,celltype_single_cell,Psma1,0.40606689423714526,0.009130297750954863,-0.16705396549124218,0.11590099066029769,-0.19961153137246201,5.869951769012204e-4,0.6577563140555959,0.7498046774520236,0.5101383039437124,0.7647781218629492,0.006933194569982071,0.9832753433879675,0.9964021960522161,0.9837481328310289,0.995500824812625,0.92176962503372,0.9238694905552376,0.9520295202952029,0.8830624016780283,0.5971223021582733,0.9204665959703076,0.9119318181818182,0.9439252336448598,0.8776077885952712,0.5935828877005348,0.9211124481882604,0.9204406364749081,0.9484536082474226,0.8815689261233816,0.5950920245398773
GSE250136,mast,celltype_single_cell,Psma2,0.5046353578407823,0.09663707659914067,-0.0751605402269222,0.03733266438071059,-0.13840465855165007,0.011397336537630974,0.8094330526483533,0.9727958701026828,0.9810728395291464,0.907531857653717,0.018295724441986565,0.9901382823531624,1,0.9986810248541517,0.9967258111793633,0.9633126517399514,0.9627933600457927,0.992619926199262,0.9533298374410069,0.697841726618705,0.9644750795334041,0.9588068181818182,0.9906542056074766,0.9554937413073713,0.7005347593582888,0.9638989169675091,0.9616483068135455,0.9917525773195877,0.953922315308454,0.6993865030674846
GSE250136,mast,celltype_single_cell,Psma3,0.5925401283536553,0.03620049875189313,-5.3878151897313655,0.04569277409544803,-0.39932104963408843,0.014081927757672974,0.9876030092607346,0.049574144386109215,0.9824373650323391,0.690538867019278,0.020951160810196375,0.999854330950744,0.5570568329702272,0.9986810248541517,0.995500824812625,0.9803075263015916,0.9816828849456211,1,0.9632931305715784,0.8057553956834532,0.9769353128313892,0.9815340909090909,0.9906542056074766,0.9652294853963839,0.8181818181818182,0.9786067656103757,0.981640146878825,0.9958762886597938,0.9638233054074639,0.8128834355828221
GSE250136,mast,celltype_single_cell,Psma4,0.475683818793879,0.09507905261307581,-0.3335288678827739,0.0310204557913476,-0.3651550112281221,0.011446664465526609,0.8705119921374125,0.16377225799602074,0.960238213741273,0.574210239075589,0.01834043424682875,0.9901382823531624,0.7612231985360307,0.9986810248541517,0.995500824812625,0.9673590504451038,0.9616485403548941,0.977859778597786,0.951232302045097,0.697841726618705,0.9636797454931071,0.9573863636363636,0.9906542056074766,0.9499304589707928,0.7379679144385026,0.9655034095467309,0.9604243166054671,0.9835051546391752,0.9508758568164509,0.7208588957055214
GSE250136,mast,celltype_single_cell,Psma5,0.38457793016887987,0.06932305248294313,-0.43825618811678924,0.06604570780287622,-0.17237887210343228,0.003492342237979155,0.5251900294002939,0.3559972802373733,0.7851168528454106,0.7472979077656304,0.010319931734374389,0.9716165828680945,0.9094028565069193,0.9972165145296787,0.995500824812625,0.9196115457243054,0.9444762449914138,0.988929889298893,0.9286837965390666,0.6474820143884892,0.926033934252386,0.9346590909090909,0.9766355140186916,0.9374130737134909,0.6363636363636364,0.9228506484824175,0.941656466748266,0.9835051546391752,0.9310738766184311,0.6411042944785276
GSE250136,mast,celltype_single_cell,Psma6,0.4275001141568855,0.0343579835558403,-0.13964084332828186,0.26273313437065404,-0.15736468579566365,0.0017862058042641925,0.16474090290350143,0.28723864373301805,0.13144078593521372,0.03394818192761781,0.008720936070797415,0.9568423640428352,0.8825175240592783,0.9837481328310289,0.8653719484329542,0.9376854599406528,0.9324556382369776,0.948339483394834,0.9045621394861039,0.5539568345323741,0.9342523860021209,0.9105113636363636,0.9672897196261683,0.8998609179415855,0.6898395721925134,0.9359540045460623,0.9261525907792738,0.9567010309278351,0.9032749428789033,0.6319018404907976
GSE250136,mast,celltype_single_cell,Psma7,1.2547669246742519,0.44479067694116914,-1.0175343636323628,0.2811614002763889,-0.39399115654397043,0.004869297090622408,0.5696850707883441,0.28684508488240296,0.5961294379279248,0.8612423688088386,0.01178444691153163,0.9832753433879675,0.8825175240592783,0.9879344995215968,0.995500824812625,0.9983814405179391,0.9988551803091014,1,0.9963293130571579,0.9280575539568345,0.9976139978791092,0.9985795454545454,1,0.9986091794158554,0.9358288770053476,0.9979943842759728,0.9987760097919217,1,0.996953541507997,0.9325153374233128
GSE250136,mast,celltype_single_cell,Psmb1,0.6730049082080516,0.18150752793789593,-0.22338614978715654,-0.017611389208036954,-0.06073747901926829,0.006832934590365228,0.08122062770612534,0.7360495638917929,0.8594343165569327,0.990371729362229,0.013404664019394321,0.9568423640428352,0.9964021960522161,0.9986810248541517,0.9967258111793633,0.9873212840571891,0.9834001144819691,0.992619926199262,0.9816465652857892,0.8057553956834532,0.985949098621421,0.9928977272727273,0.985981308411215,0.9791376912378303,0.8181818181818182,0.9866292285064848,0.9861281109751122,0.9896907216494846,0.9809596344249809,0.8128834355828221
GSE250136,mast,celltype_single_cell,Psmb2,0.5133763504600726,0.09444763959431546,-0.42035463888078217,0.0949020683146986,-0.4198157248590859,0.005739653470819752,0.6663109072617734,0.31868742113216314,0.8038398595362467,0.15836719772174612,0.012731594971636541,0.9832753433879675,0.900870965141245,0.9986090403715784,0.995500824812625,0.9476665767466954,0.9427590154550658,0.974169741697417,0.9334032511798637,0.6258992805755396,0.9467126193001061,0.9346590909090909,0.9579439252336449,0.9318497913769124,0.7112299465240641,0.947185452600615,0.9404324765401877,0.9670103092783505,0.9329779131759329,0.6748466257668712
GSE250136,mast,celltype_single_cell,Psmb3,0.7973101761670707,0.0032416237681998084,-0.7542589158356341,0.04505488950255021,-0.49920479668812856,6.403257207287045e-4,0.4529440978681105,0.10439740757153175,0.2951300047103522,0.4913511634617572,0.006933194569982071,0.9568423640428352,0.6743716767311836,0.9837481328310289,0.995500824812625,0.9800377663879147,0.9851173440183171,0.996309963099631,0.967488201363398,0.762589928057554,0.9782608695652174,0.9772727272727273,0.9813084112149533,0.980528511821975,0.7914438502673797,0.9791415964701163,0.9828641370869033,0.9896907216494846,0.9710586443259711,0.7791411042944786
GSE250136,mast,celltype_single_cell,Psmb4,0.4033058290402698,0.059688765256680654,0.021120856681504208,0.20756974226839242,-0.34422631601438924,0.004659518998165654,0.9038397269673497,0.8607816867499193,0.3092839232765045,0.5658725501245288,0.011550271626473438,0.9901382823531624,0.9989153187003222,0.9837481328310289,0.995500824812625,0.9414620987321284,0.9456210646823126,0.992619926199262,0.9250131095962244,0.6834532374100719,0.9440615058324496,0.9431818181818182,0.9953271028037384,0.9235048678720446,0.6951871657754011,0.942773098007755,0.944920440636475,0.9938144329896907,0.9246001523229246,0.6901840490797546
GSE250136,mast,celltype_single_cell,Psmb5,0.5483219798613677,0.0661016023552583,-3.9064831589750613,0.03623721232889787,-0.5441667069084581,0.00220814562163714,0.6030279906507023,0.4404756440460506,0.7796393874785292,0.34558231404356726,0.008941434598068107,0.9832753433879675,0.9334148883755017,0.9967246061477005,0.995500824812625,0.9616940922578905,0.953062392673154,1,0.940744625065548,0.6187050359712231,0.9573170731707317,0.9616477272727273,0.9953271028037384,0.9485396383866481,0.6577540106951871,0.959486562374649,0.9555283557731539,0.9979381443298969,0.9428789032749428,0.6411042944785276
GSE250136,mast,celltype_single_cell,Psmb6,0.6258629853939865,0.33234893411408084,0.44510061615086816,0.07098475978499952,-0.8577155032270882,0.005797748346699685,0.31620018152574497,0.4501948645664492,0.9321779465113749,0.0620384571033332,0.012742016677286961,0.9568423640428352,0.9338764996524848,0.9986810248541517,0.9589069094561428,0.9830051254383598,0.9811104751001717,0.992619926199262,0.9690613529103304,0.8489208633093526,0.9848886532343585,0.984375,0.9953271028037384,0.9694019471488178,0.8021390374331551,0.9839550742077818,0.982048143614851,0.9938144329896907,0.9691546077684692,0.8220858895705522
GSE250136,mast,celltype_single_cell,Psmb7,0.2602653162265711,0.21458916471763168,0.027488407609400856,-0.009417024354581915,-0.13689228467350256,0.01979333196531154,0.1673770176453481,0.8168137393889091,0.8982205841860281,0.754985374423977,0.02744075567918191,0.9568423640428352,0.9989153187003222,0.9986810248541517,0.995500824812625,0.8931750741839762,0.8803663423010876,0.955719557195572,0.8599895123230205,0.4892086330935252,0.8915694591728526,0.8977272727272727,0.9439252336448598,0.8539638386648123,0.5347593582887701,0.8923652894772028,0.8853529171766625,0.9505154639175257,0.8583396801218584,0.5153374233128835
GSE250136,mast,celltype_single_cell,Psmc3,0.3223320259679565,0.06303955761043056,-0.32127129285583544,0.22163077143583232,-0.27751916267107024,0.0021404766046982915,0.41641721718901736,0.2862288362426691,0.15303390456819066,0.6213865925548347,0.008912141277491582,0.9568423640428352,0.8825175240592783,0.9837481328310289,0.995500824812625,0.8875101159967629,0.8946765884373211,0.948339483394834,0.8668065023597273,0.5467625899280576,0.8989925768822906,0.875,0.9345794392523364,0.8803894297635605,0.5561497326203209,0.8933012434817489,0.8890248878008976,0.9422680412371134,0.8705255140898706,0.5521472392638037
GSE250136,mast,celltype_single_cell,Psmc4,0.2712886578761675,0.012797227971453662,0.1174931068138525,0.14785131660695017,-0.08476091994969082,0.005323041504676414,0.9873641719831947,0.7972650811007338,0.3774217180083385,0.6872144893260063,0.01212233985331642,0.999854330950744,0.9980931199189546,0.9837481328310289,0.995500824812625,0.8340976530887511,0.8282770463651975,0.8929889298892989,0.7451494493969586,0.48201438848920863,0.8430540827147401,0.8238636363636364,0.8925233644859814,0.7538247566063978,0.5347593582887701,0.8386147880732718,0.8270093839249286,0.8927835051546392,0.7475247524752475,0.5122699386503068
GSE250136,mast,celltype_single_cell,Psmc5,0.2603921643782541,-0.03238323680953892,-0.10475981039140692,0.003076107386488225,-0.47736620783868045,0.0074053578210137045,0.9566954410681675,0.8019058142287043,0.8949924419788835,0.19710598194241985,0.013960652492595373,0.999854330950744,0.9980931199189546,0.9986810248541517,0.995500824812625,0.8570272457512813,0.862621637092158,0.9630996309963099,0.8206607236497115,0.5467625899280576,0.851272534464475,0.8579545454545454,0.9485981308411215,0.8136300417246175,0.5347593582887701,0.8541248830057494,0.861281109751122,0.9567010309278351,0.8187357197258187,0.5398773006134969
GSE250136,mast,celltype_single_cell,Psmc6,0.31831813523373587,-0.05727103175870063,-0.06405155405192842,0.0864132931612045,-0.5433393456965643,0.006406059673556731,0.44876319577022733,0.7844220620341973,0.6373423021400078,0.1526335492285488,0.01313062155296998,0.9568423640428352,0.9977448358812655,0.9879344995215968,0.995500824812625,0.913946587537092,0.9107040641099027,0.9372693726937269,0.8668065023597273,0.5971223021582733,0.9175503711558854,0.8920454545454546,0.9158878504672897,0.8609179415855355,0.5668449197860963,0.9157641395908543,0.9053447572419421,0.9278350515463918,0.8651942117288652,0.5797546012269938
GSE250136,mast,celltype_single_cell,Psmd1,0.4047902899960212,0.1507098861891123,-0.18188643581793462,0.11318481279223125,-0.08415476706410185,9.601612893308345e-4,0.47985451130271406,0.016324546160618243,0.5002210326469538,0.9215346248408345,0.0075770406500522336,0.9575894196216405,0.3539261911340969,0.9837481328310289,0.9967258111793633,0.9023469112489884,0.9004006868918145,0.955719557195572,0.8626114315679078,0.5899280575539568,0.9064156945917285,0.9076704545454546,0.8878504672897196,0.8567454798331016,0.5935828877005348,0.9043989838213665,0.9024887800897593,0.9257731958762887,0.861005331302361,0.5920245398773006
GSE250136,mast,celltype_single_cell,Psmd11,0.3288297435363594,0.10991330213679884,-0.19298316887451294,0.1627864499363092,-0.5557234509257392,0.01677018739178779,0.7291368115331687,0.706215007960056,0.1455600811535942,0.033769277921853705,0.023949398047803966,0.9832753433879675,0.9882506518174107,0.9837481328310289,0.8653719484329542,0.8683571621257081,0.8431597023468803,0.940959409594096,0.8148925013109596,0.48201438848920863,0.8639978791092259,0.8465909090909091,0.9252336448598131,0.8442280945757997,0.39572192513368987,0.8661585773499131,0.8441452468380253,0.934020618556701,0.8229246001523229,0.4325153374233129
GSE250136,mast,celltype_single_cell,Psmd12,0.12417768746759128,-0.054324908773109915,-0.2921204522228884,0.02753775421862459,-0.05896766079892046,0.021088742441734087,0.7224577673839937,0.3360435495132407,0.2134563801937775,0.9567995372518472,0.028678003256753043,0.9832753433879675,0.900870965141245,0.9837481328310289,0.9967258111793633,0.8554086862692204,0.8420148826559817,0.959409594095941,0.7624541164132145,0.5467625899280576,0.8433191940615058,0.84375,0.9392523364485982,0.7927677329624478,0.5561497326203209,0.849311405268084,0.8425132598939209,0.9505154639175257,0.7707539984767707,0.5521472392638037
GSE250136,mast,celltype_single_cell,Psmd2,0.30419401242907673,0.11733204141318998,-0.1865577765279105,0.09436956226593507,-0.15327262289943988,0.004134838017734098,0.4779141349286754,0.19464204611226738,0.5895345150925533,0.8608144374802333,0.011281634719312844,0.9575894196216405,0.7693061183527152,0.9879344995215968,0.995500824812625,0.8740221203129215,0.8540354894104178,0.955719557195572,0.8201363398007341,0.5251798561151079,0.8711558854718982,0.8693181818181818,0.9112149532710281,0.8372739916550765,0.5347593582887701,0.8725765476668004,0.8584251325989392,0.9360824742268041,0.8248286367098249,0.5306748466257669
GSE250136,mast,celltype_single_cell,Psmd4,0.36875228866236,-0.08760559498725629,-0.6742093325029299,-0.054469792535433825,0.139016860214217,1.1872105573715715e-4,0.5526695926437145,0.0067097140555754204,0.0981090869932394,0.8181543155291494,0.005913277083199511,0.9832753433879675,0.2604589001573368,0.9837481328310289,0.995500824812625,0.9436201780415431,0.9192902117916428,0.974169741697417,0.9176717357105402,0.6474820143884892,0.9286850477200425,0.9048295454545454,0.9766355140186916,0.8929068150208623,0.6898395721925134,0.9360877122609974,0.9151366789065688,0.9752577319587629,0.9108910891089109,0.6717791411042945
GSE250136,mast,celltype_single_cell,Psmd6,0.1994379219667226,-0.008391333985930949,-0.09192948590707783,0.15495236334899376,4.015524560614381e-4,0.013052269873097277,0.3691467968020585,0.4631734476657795,0.2709456467536897,0.8983827106729863,0.01986713134229394,0.9568423640428352,0.9355206543413022,0.9837481328310289,0.9967258111793633,0.8316698138656595,0.8500286204922725,0.8745387453874539,0.7897220765600419,0.48201438848920863,0.8385471898197243,0.828125,0.8878504672897196,0.8066759388038943,0.48128342245989303,0.8351383874849578,0.8437372501019992,0.8804123711340206,0.7943640517897944,0.4815950920245399
GSE250136,mast,celltype_single_cell,Psmd7,0.5318582611265645,0.05238264993221131,-0.02728636697551634,0.1885458233566073,-0.41582214040661425,0.008193419129963856,0.8973062258837072,0.8180614569933478,0.3093654172897421,0.4856217719025721,0.014804052370730576,0.9901382823531624,0.9989153187003222,0.9837481328310289,0.995500824812625,0.9498246560561101,0.9479107040641099,0.966789667896679,0.934976402726796,0.6834532374100719,0.9514846235418876,0.9431818181818182,0.9719626168224299,0.9262865090403338,0.6684491978609626,0.950661853188929,0.9465524275805793,0.9690721649484536,0.9325971058644326,0.6748466257668712
GSE250136,mast,celltype_single_cell,Psmd8,0.26560604936823085,-0.03650226431410797,0.11035360383138393,0.08692988362954601,-0.1571663513416981,0.016355475547727108,0.9263386557005492,0.7730501729771846,0.46979304503415387,0.7856577058731674,0.023474917844973027,0.9925887226703501,0.9977448358812655,0.9837481328310289,0.995500824812625,0.8586458052333423,0.8597595878649112,0.940959409594096,0.8316727844782381,0.4748201438848921,0.8597560975609756,0.8579545454545454,0.9532710280373832,0.8511821974965229,0.47058823529411764,0.8592057761732852,0.8592411260709915,0.9463917525773196,0.837014470677837,0.4723926380368098
GSE250136,mast,celltype_single_cell,Psmg4,0.15577533363297213,0.04672225119425466,-0.21828531515704053,-0.04598897418553283,-0.24859936864151533,0.06353529268520236,0.7881729476571959,0.29698110350473705,0.5018093133323112,0.4080481114012039,0.07120622041097482,0.9898524960283019,0.8825175240592783,0.9837481328310289,0.995500824812625,0.8384138117075802,0.8019461934745278,0.8597785977859779,0.7556371263765076,0.5611510791366906,0.8451749734888653,0.8110795454545454,0.8084112149532711,0.7705146036161336,0.5240641711229946,0.8418237732317154,0.8045695634434924,0.8371134020618557,0.7597105864432597,0.5398773006134969
GSE250136,mast,celltype_single_cell,Ptbp1,0.37024160376413073,0.16728237158667003,-0.09308231297783331,0.2130977849211999,0.036501202259072496,0.019139730880061715,0.32763029444872926,0.7285133227410294,0.3902261845858945,0.9910388003668014,0.026621058911356195,0.9568423640428352,0.9964021960522161,0.9837481328310289,0.9967258111793633,0.907742109522525,0.8981110475100171,0.948339483394834,0.8867330886208705,0.539568345323741,0.9045599151643691,0.8849431818181818,0.9532710280373832,0.8929068150208623,0.5668449197860963,0.9061371841155235,0.8943288453692371,0.9505154639175257,0.8884234577303884,0.5552147239263804
GSE250136,mast,celltype_single_cell,Ptbp2,0.17530349229076903,0.16232926513931245,0.18893843296783297,-0.032406649233541085,-0.3891897233474728,0.026263466437724915,0.17662490966036204,0.5843718415712472,0.906425048540602,0.30137157384037727,0.0338295631037965,0.9568423640428352,0.9500980645074812,0.9986810248541517,0.995500824812625,0.8392230914486107,0.8202633085289067,0.6125461254612546,0.8201363398007341,0.4460431654676259,0.8433191940615058,0.8409090909090909,0.6355140186915887,0.8150208623087621,0.42245989304812837,0.8412889423719748,0.8261933904528764,0.622680412371134,0.8187357197258187,0.4325153374233129
GSE250136,mast,celltype_single_cell,Ptges3,1.0197677691289826,0.24245089136420006,0.37675799399368337,0.08172746644415341,-0.5625230830812544,0.0015245735890183907,0.7601724635059047,0.8113657789044724,0.6181077929817007,0.541921482634869,0.008240416740643706,0.9832753433879675,0.998774741045704,0.9879344995215968,0.995500824812625,0.9927164823307256,0.9937034917000572,1,0.9795490298898794,0.8633093525179856,0.9946977730646872,0.9928977272727273,1,0.9763560500695411,0.8502673796791443,0.9937157373980479,0.9934720522235823,1,0.9786747905559787,0.8558282208588958
GSE250136,mast,celltype_single_cell,Ptma,NA,NA,NA,NA,NA,NA,NA,NA,NA,NA,NA,NA,NA,NA,NA,1,1,1,1,1,1,1,1,1,1,1,1,1,1,1
GSE250136,mast,celltype_single_cell,Ptms,0.2509452885023773,-0.09401155116426585,-0.4354989804754221,-0.12081959088529404,-0.2901001483456951,0.1374407100919306,0.049832145375467284,0.15501192903371216,0.6866131049906022,0.40066843966058624,0.14454971233806493,0.9568423640428352,0.7510143057753815,0.9879344995215968,0.995500824812625,0.9527920151065552,0.9725243274184316,0.9520295202952029,0.9538542212899843,0.6690647482014388,0.954931071049841,0.9517045454545454,0.9112149532710281,0.9582753824756607,0.732620320855615,0.9538708383473726,0.9665442676458589,0.934020618556701,0.955064737242955,0.7055214723926381
GSE250136,mast,celltype_single_cell,Ptn,1.0645121745323163,0.42774600678617425,-0.35471068775283676,1.1768245128344628,-0.9963388635634391,0.043776748306612615,0.03864114088304465,0.03953711898394035,0.12065311702719687,0.5029934183823258,0.051003196526394505,0.9568423640428352,0.522621900946991,0.9837481328310289,0.995500824812625,0.982735365524683,0.9845449341728678,0.45387453874538747,0.9381227058206607,0.7769784172661871,0.9862142099681867,0.9957386363636364,0.5794392523364486,0.9485396383866481,0.7647058823529411,0.9844899050675224,0.9877600979192166,0.5092783505154639,0.940974866717441,0.7699386503067485
GSE250136,mast,celltype_single_cell,Ptov1,0.26095764850751246,0.15422494856799762,0.4799530843796438,0.07660564231371225,-0.4442971204282302,0.04217757670296977,0.5553365682017606,0.08573055673357055,0.82979729007079,0.2551826254642926,0.04954559904310341,0.9832753433879675,0.6655808677315387,0.9986810248541517,0.995500824812625,0.9196115457243054,0.9204350314825415,0.9114391143911439,0.9181961195595175,0.539568345323741,0.9270943796394485,0.9204545454545454,0.9439252336448598,0.9248956884561892,0.5989304812834224,0.9233854793421581,0.9204406364749081,0.9257731958762887,0.92003046458492,0.5736196319018405
GSE250136,mast,celltype_single_cell,Ptp4a2,0.6023683266323365,0.12028540251223507,0.18429337939432688,-0.025670179993114495,-0.220650404295478,6.283498725286079e-4,0.7120894060795384,0.15653459769088748,0.8056901587269076,0.3364581822244886,0.006933194569982071,0.9832753433879675,0.7510143057753815,0.9986090403715784,0.995500824812625,0.9471270569193417,0.9444762449914138,0.8819188191881919,0.9449396958573676,0.5251798561151079,0.9575821845174973,0.9488636363636364,0.9252336448598131,0.9401947148817803,0.6096256684491979,0.952400053483086,0.9457364341085271,0.9010309278350516,0.9436405178979437,0.5736196319018405
GSE250136,mast,celltype_single_cell,Pum1,0.20921923288203947,0.03602518934556587,-0.15470778055588652,0.09372769881942133,-0.23079529905817586,0.02820363843150777,0.017658899527431965,0.0466383059691476,0.3477543365325252,0.755542464031723,0.03563004026702313,0.9568423640428352,0.5401158698063615,0.9837481328310289,0.995500824812625,0.8179120582681414,0.815684029765312,0.8819188191881919,0.7933927635028841,0.3381294964028777,0.824761399787911,0.7727272727272727,0.9205607476635514,0.8178025034770514,0.3582887700534759,0.8213664928466372,0.8033455732354141,0.8989690721649485,0.8000761614623001,0.3496932515337423
GSE250136,mast,celltype_single_cell,Qk,0.41008826954149225,0.2694812423522088,-0.2875262267159773,0.03307238189511308,-1.0102121062510232,0.006972815768682623,0.1933769547188943,0.30027246644966027,0.6738894497040495,0.0028694847428944762,0.013472363498766878,0.9568423640428352,0.8825175240592783,0.9879344995215968,0.4346975487962242,0.9241974642568115,0.8849456210646823,0.8265682656826568,0.875721027792344,0.60431654676259,0.929745493107105,0.8977272727272727,0.8504672897196262,0.866481223922114,0.49732620320855614,0.9269955876454071,0.8886168910648715,0.8371134020618557,0.8731911652703732,0.5429447852760736
GSE250136,mast,celltype_single_cell,Rab2a,0.1336538653396726,0.20743555648673695,0.044787688605823384,-0.019784720896135255,0.27230724428060826,0.08630751669799469,0.07661317967412398,0.961753023323666,0.9547651993697962,0.016014656996554716,0.09425398882364126,0.9568423640428352,1,0.9986810248541517,0.6547036535613597,0.8602643647154032,0.8294218660560961,0.8782287822878229,0.8054535920293655,0.45323741007194246,0.8525980911983033,0.8551136363636364,0.8738317757009346,0.8094575799721836,0.6149732620320856,0.8563979141596471,0.8368013055895552,0.8762886597938144,0.8065498857578065,0.5460122699386503
GSE250136,mast,celltype_single_cell,Rab5if,0.25038706903270325,-0.041932045912139504,-0.06115640238972353,0.028999730330285356,-0.07403665027795125,0.0017544300929011722,0.4438698346785893,0.3686446536560033,0.47521289216389384,0.8210919617004423,0.008720936070797415,0.9568423640428352,0.9094028565069193,0.9837481328310289,0.995500824812625,0.8230374966280011,0.8219805380652547,0.8745387453874539,0.7739905610907184,0.3237410071942446,0.8213149522799575,0.7982954545454546,0.897196261682243,0.7955493741307371,0.3689839572192513,0.8221687391362482,0.8151774785801713,0.8845360824742268,0.7798933739527799,0.3496932515337423
GSE250136,mast,celltype_single_cell,Rac1,0.3252728767535418,0.010119101482435333,0.01622808221193628,-4.0956192018271054e-4,-0.6118525802888835,0.0014654338866428413,0.21763619483950694,0.5247622486822427,0.5410580360957333,0.08703855490270926,0.008240416740643706,0.9568423640428352,0.9355206543413022,0.9879344995215968,0.995500824812625,0.9096304289182627,0.9107040641099027,0.9188191881918819,0.8830624016780283,0.5539568345323741,0.8958112407211029,0.8863636363636364,0.9392523364485982,0.8984700973574409,0.5026737967914439,0.9026607835272095,0.9037127702978376,0.9278350515463918,0.8872810357958872,0.5245398773006135
GSE250136,mast,celltype_single_cell,Rack1,NA,NA,NA,NA,NA,NA,NA,NA,NA,NA,NA,NA,NA,NA,NA,1,1,1,1,1,1,1,1,1,1,1,1,1,1,1
GSE250136,mast,celltype_single_cell,Ralgps2,0.34688755271959937,0.13553751882041243,0.21880626117411128,0.10320836913606413,-0.26777520816922507,9.010762876498306e-5,0.08890545982141226,0.516297446137871,0.5264319633533726,0.5494582387851956,0.005913277083199511,0.9568423640428352,0.9355206543413022,0.9837481328310289,0.995500824812625,0.8284326949015376,0.7641671436748713,0.7564575645756457,0.8683796539066597,0.539568345323741,0.8504772004241782,0.7215909090909091,0.7616822429906542,0.8650904033379694,0.5561497326203209,0.8395507420778179,0.751937984496124,0.7587628865979381,0.8674790555978675,0.549079754601227
GSE250136,mast,celltype_single_cell,Raly,0.4043439355931655,-0.01971028083108939,0.14650999251965668,0.21099095480735075,-0.10105797846010045,0.005794720615697658,0.8353528250207489,0.8515987870791655,0.08113643803577708,0.852948367762731,0.012742016677286961,0.9901382823531624,0.9989153187003222,0.9837481328310289,0.995500824812625,0.9487456164014028,0.9370349170005724,0.933579335793358,0.9202936549554274,0.6474820143884892,0.9501590668080594,0.9289772727272727,0.9299065420560748,0.9054242002781642,0.6417112299465241,0.9494584837545126,0.9347205222358221,0.931958762886598,0.9162223914699162,0.6441717791411042
GSE250136,mast,celltype_single_cell,Ran,2.90010391867931,-22.40037441099289,-1.9778221919294552,0.30113082231386556,-0.8020159237865201,0.0020302593454343733,0.25936526010645256,0.32462521768152164,0.38768135193758874,0.8345881157417977,0.008849126187123925,0.9568423640428352,0.900870965141245,0.9837481328310289,0.995500824812625,0.9997302400863232,1,1,0.9989512323020451,0.9856115107913669,1,0.9985795454545454,1,0.9972183588317107,0.983957219251337,0.9998662922850649,0.9995920032639739,1,0.9984767707539984,0.9846625766871165
GSE250136,mast,celltype_single_cell,Ranbp1,2.0290311750719106,0.2838562361015171,-1.629282742429723,0.06849002518774938,-0.8856177770213343,0.002633831769008648,0.7293906786940242,0.2467667539096898,0.7021206173584037,0.46743399517571993,0.00933316319806384,0.9832753433879675,0.8501219979651673,0.9879344995215968,0.995500824812625,0.9978419206905854,0.9994275901545506,1,0.9989512323020451,0.9712230215827338,0.9986744432661718,0.9985795454545454,1,0.9986091794158554,0.9893048128342246,0.9982617997058431,0.9991840065279478,1,0.9988575780654989,0.9815950920245399
GSE250136,mast,celltype_single_cell,Rbbp4,0.3395462372601119,0.17989079167129152,0.0714505746521743,0.15625699877287813,-0.3431302178727691,0.012214609197708849,0.42170295063892443,0.9627112069052864,0.35973461544346347,0.5861583312449888,0.019104901565647175,0.9568423640428352,1,0.9837481328310289,0.995500824812625,0.9374157000269759,0.9307384087006296,0.974169741697417,0.9381227058206607,0.6258992805755396,0.9424708377518558,0.9247159090909091,0.9719626168224299,0.933240611961057,0.6524064171122995,0.9399652359941169,0.9290085679314566,0.9731958762886598,0.9367859862909368,0.6411042944785276
GSE250136,mast,celltype_single_cell,Rbbp6,0.238349507925534,-0.07356216002426885,-0.43124245283308893,0.187225154026466,-0.4006742807188841,0.030405611204329715,0.12496184131706506,0.060091250296794047,0.3129266544505269,0.2821281651569369,0.03768707107183974,0.9568423640428352,0.6063201478430317,0.9837481328310289,0.995500824812625,0.8667386026436471,0.8603319977103606,0.9188191881918819,0.8264289459884635,0.37410071942446044,0.8626723223753977,0.8267045454545454,0.8504672897196262,0.8414464534075105,0.3315508021390374,0.8646877924856264,0.8506731946144431,0.8886597938144329,0.8305407463823306,0.3496932515337423
GSE250136,mast,celltype_single_cell,Rbbp7,0.32581159298499474,0.0681950939294853,-0.46503595361493044,0.08041691696864461,-0.24057450404286795,0.0013184001031720106,0.4214770109114181,0.12739995587661104,0.7615797767433955,0.4182967086783503,0.00809257869303529,0.9568423640428352,0.697433091786063,0.9913457141686123,0.995500824812625,0.8807661181548422,0.8838008013737836,0.9630996309963099,0.8542212899842685,0.6115107913669064,0.8910392364793213,0.8693181818181818,0.9392523364485982,0.8553546592489569,0.5721925133689839,0.8859473191603155,0.879640962872297,0.9525773195876288,0.8545316070068545,0.588957055214724
GSE250136,mast,celltype_single_cell,Rbm17,0.17904129668380397,0.015321783530331423,0.22046126389019438,-0.08940211139972076,-0.41318391890405626,0.08257174286716724,0.7455079903006716,0.5232355867060211,0.3978018554305918,0.07859892700460187,0.09040547231866773,0.9832753433879675,0.9355206543413022,0.9837481328310289,0.9589069094561428,0.8643107634205557,0.8563251287922152,0.9040590405904059,0.8358678552700577,0.5971223021582733,0.8626723223753977,0.8409090909090909,0.9158878504672897,0.8108484005563282,0.5133689839572193,0.8634844230512101,0.8518971848225214,0.9092783505154639,0.829017517136329,0.549079754601227
GSE250136,mast,celltype_single_cell,Rbm25,0.3007372164747961,-0.09381620482542541,0.6658024739241739,0.007720906252137283,-0.3012762674412386,0.06286220703417428,0.5319644134127279,0.13600690731621973,0.3166243218379277,0.7950773975563916,0.07067110189420481,0.972800019388586,0.7125760665524641,0.9837481328310289,0.995500824812625,0.9676288103587807,0.9673726388093875,0.988929889298893,0.9470372312532774,0.6115107913669064,0.967391304347826,0.9573863636363636,0.9953271028037384,0.9624478442280946,0.6417112299465241,0.9675090252707581,0.9645042839657283,0.9917525773195877,0.9512566641279513,0.6288343558282209
GSE250136,mast,celltype_single_cell,Rbm3,1.4378160043952768,0.5107392143023297,-0.8762429940198562,0.32036920850447714,-1.0140833078572697,0.006411556425747636,0.5821116617238138,0.5038967925383719,0.7996093407009386,0.1588510111647362,0.01313062155296998,0.9832753433879675,0.9355206543413022,0.9986090403715784,0.995500824812625,0.9954140814674939,0.996565540927304,1,0.995280545359203,0.920863309352518,0.9968186638388123,0.9971590909090909,1,0.9958275382475661,0.8770053475935828,0.9961224762668806,0.9967360261117911,1,0.9954303122619954,0.8957055214723927
GSE250136,mast,celltype_single_cell,Rbm39,0.7757026150648922,0.1450409287070098,-8.778272939837708,-0.047731703666505254,0.06828670631169764,0.012855184076084153,0.8798681284616491,0.4833185883914163,0.014261883019696414,0.7812998077821312,0.019745192807510553,0.9901382823531624,0.9355206543413022,0.9837481328310289,0.995500824812625,0.9929862422444025,0.9925586720091586,1,0.9900367068694285,0.8776978417266187,0.9939024390243902,0.9914772727272727,0.9953271028037384,0.9763560500695411,0.9090909090909091,0.9934483219681776,0.9922480620155039,0.9979381443298969,0.9862909367859863,0.8957055214723927
GSE250136,mast,celltype_single_cell,Rbm8a,0.32827588280339715,0.0930018482984476,-0.7140740952396314,0.00428578787246181,-0.48349228731583427,0.039502886546532424,0.8345345086102354,0.14787921284457076,0.9987844068351142,0.3788535760811474,0.046854812653803736,0.9901382823531624,0.7472712885755232,0.9999362214546985,0.995500824812625,0.967089290531427,0.9668002289639381,0.996309963099631,0.9480859989512324,0.7913669064748201,0.9636797454931071,0.9644886363636364,0.9813084112149533,0.9499304589707928,0.7807486631016043,0.9653697018317957,0.9661362709098327,0.9896907216494846,0.9485910129474486,0.7852760736196319
GSE250136,mast,celltype_single_cell,Rbx1,0.7764010437731077,0.42544360561352157,-0.2650089480035911,0.17049529858637058,-0.3701222939764328,0.007681869003301978,0.36944539770943674,0.4109476459635393,0.8440973709344959,0.7738000749000242,0.014207569689856621,0.9568423640428352,0.9206871144167472,0.9986810248541517,0.995500824812625,0.9967628810358781,0.9942759015455066,0.996309963099631,0.9968536969061353,0.9136690647482014,0.9952279957582184,0.9943181818181818,1,0.9972183588317107,0.9144385026737968,0.9959887685519454,0.9942880456956344,0.9979381443298969,0.996953541507997,0.9141104294478528
GSE250136,mast,celltype_single_cell,Rcc2,0.36772508933921166,0.025467487736873018,-0.057654611894460306,0.061965844478522936,-0.534608947180558,0.0037913579617827506,0.9260292485219964,0.9726366399231066,0.7095913800664769,0.11660737292071581,0.0107012923896292,0.9925887226703501,1,0.9879344995215968,0.995500824812625,0.9080118694362018,0.8746422438465942,0.996309963099631,0.8631358154168851,0.5899280575539568,0.9095970307529162,0.8693181818181818,0.9953271028037384,0.8553546592489569,0.5294117647058824,0.9088113384142265,0.8731130150958792,0.9958762886597938,0.861005331302361,0.5552147239263804
GSE250136,mast,celltype_single_cell,Rdx,0.41826429632738105,0.08250607468423077,-0.1742730576392475,-0.04897316723410938,-0.6035801157952747,3.4951292741284304e-4,0.9173476593179577,0.6273381249535791,0.1406126505649853,0.07319084198126649,0.006488783478490608,0.9917690380429758,0.966440990871839,0.9837481328310289,0.9589069094561428,0.978149446992177,0.9719519175729823,0.959409594095941,0.9580492920818039,0.7913669064748201,0.9679215270413574,0.9715909090909091,0.9672897196261683,0.9749652294853964,0.7272727272727273,0.9729910415830993,0.9718482252141983,0.9628865979381444,0.9626808834729627,0.754601226993865
GSE250136,mast,celltype_single_cell,Rfc1,0.2882736272344584,0.18870020899213014,0.01813459194848699,0.03690921468241504,-0.05097998741437859,0.011895967605206288,0.12307107058788588,0.2339216184465361,0.12958562537538706,0.8536167216446662,0.01876744122879946,0.9568423640428352,0.8220949059808307,0.9837481328310289,0.995500824812625,0.8883193957377934,0.8528906697195192,0.9261992619926199,0.8668065023597273,0.539568345323741,0.8928950159066809,0.8366477272727273,0.883177570093458,0.8428372739916551,0.5347593582887701,0.8906270891830459,0.8482252141982864,0.9072164948453608,0.8602437166793603,0.5368098159509203
GSE250136,mast,celltype_single_cell,Rfc3,0.15504721267132293,0.09913269850699713,0.3135442906298591,0.029133011439976375,-0.2238259875447095,0.03733261945404507,0.5182763013049793,0.17353687706521584,0.12146908443208664,0.524224129429806,0.04490430565317534,0.9716165828680945,0.7693061183527152,0.9837481328310289,0.995500824812625,0.8400323711896412,0.8059530623926732,0.7601476014760148,0.7482957524908233,0.48201438848920863,0.8427889713679746,0.8053977272727273,0.7990654205607477,0.7844228094575799,0.5187165775401069,0.84142265008691,0.8057935536515708,0.777319587628866,0.7581873571972582,0.5030674846625767
GSE250136,mast,celltype_single_cell,Rhoa,0.5317805613841666,0.013440478126188538,-0.0017900501631036292,0.04025382620304763,-0.12869378778570129,8.665796016423921e-4,0.6131319212166286,0.9756894773680014,0.3746671174065888,0.7045143298692516,0.007156386446969428,0.9832753433879675,1,0.9837481328310289,0.995500824812625,0.9344483409765308,0.9221522610188895,0.977859778597786,0.9234399580492921,0.6115107913669064,0.9355779427359491,0.9090909090909091,0.9719626168224299,0.9109874826147427,0.5935828877005348,0.9350180505415162,0.9184006527947777,0.9752577319587629,0.92003046458492,0.6012269938650306
GSE250136,mast,celltype_single_cell,Rnaseh2c,0.17596719821506834,0.06962534844563795,-0.01297222083374061,0.13945576633865686,0.2888180346521385,0.011835850783169297,0.10794499461956235,0.62112410518881,0.14508720027041644,0.09354423990408384,0.018752906435670836,0.9568423640428352,0.966440990871839,0.9837481328310289,0.995500824812625,0.8888589155651471,0.8523182598740698,0.8413284132841329,0.8332459360251704,0.5107913669064749,0.8822905620360552,0.8252840909090909,0.8644859813084113,0.8609179415855355,0.6310160427807486,0.8855461960155101,0.8445532435740514,0.8515463917525773,0.8408225437928408,0.5797546012269938
GSE250136,mast,celltype_single_cell,Rnf7,0.4994245390328764,0.19875058887458907,-0.3767651410389976,0.07411435397028976,-0.29676396800354743,0.0015057032887665065,0.4533184278455867,0.3662215425808024,0.8977907321149217,0.5480080823307484,0.008240416740643706,0.9568423640428352,0.9094028565069193,0.9986810248541517,0.995500824812625,0.9463177771783113,0.9404693760732684,0.959409594095941,0.9281594126900892,0.6546762589928058,0.9435312831389183,0.9375,0.9485981308411215,0.933240611961057,0.7005347593582888,0.9449124214467175,0.9396164830681355,0.954639175257732,0.9295506473724295,0.6809815950920245
GSE250136,mast,celltype_single_cell,Rnps1,0.6236355945180998,0.2608761187048003,0.25592618028405845,0.1767657382069574,-0.46230088789370694,0.0024942370094162155,0.18037475975987502,0.7317329968968169,0.6168246469855585,0.33986907265217114,0.00911377984966159,0.9568423640428352,0.9964021960522161,0.9879344995215968,0.995500824812625,0.973293768545994,0.9599313108185461,0.977859778597786,0.9365495542737283,0.7553956834532374,0.9695121951219512,0.9701704545454546,0.9719626168224299,0.9429763560500696,0.7272727272727273,0.9713865490038776,0.9628722970216238,0.9752577319587629,0.9383092155369384,0.7392638036809815
GSE250136,mast,celltype_single_cell,Romo1,0.40818088007223974,0.11728107220864414,-0.1895241505865073,0.07485548713550116,-0.05159529210520031,7.526966981866068e-4,0.16993202687839173,0.49037343340975625,0.8322874148065489,0.9858688472846473,0.007156386446969428,0.9568423640428352,0.9355206543413022,0.9986810248541517,0.9967258111793633,0.9509036957108173,0.9702346880366343,0.8929889298892989,0.9459884635553225,0.7122302158273381,0.9477730646871686,0.9588068181818182,0.9065420560747663,0.9513212795549374,0.7272727272727273,0.9493247760395774,0.966952264381885,0.8989690721649485,0.9474485910129474,0.7208588957055214
GSE250136,mast,celltype_single_cell,Rpl10,NA,NA,NA,NA,NA,NA,NA,NA,NA,NA,NA,NA,NA,NA,NA,1,1,1,1,1,1,1,1,1,1,1,1,1,1,1
GSE250136,mast,celltype_single_cell,Rpl10a,NA,NA,NA,NA,NA,NA,NA,NA,NA,NA,NA,NA,NA,NA,NA,1,1,1,1,1,1,1,1,1,1,1,1,1,1,1
GSE250136,mast,celltype_single_cell,Rpl11,NA,NA,NA,NA,NA,NA,NA,NA,NA,NA,NA,NA,NA,NA,NA,1,1,1,1,1,1,1,1,1,1,1,1,1,1,1
GSE250136,mast,celltype_single_cell,Rpl12,NA,NA,NA,NA,NA,NA,NA,NA,NA,NA,NA,NA,NA,NA,NA,1,1,1,1,1,1,1,1,1,1,1,1,1,1,1
GSE250136,mast,celltype_single_cell,Rpl13,NA,NA,NA,NA,NA,NA,NA,NA,NA,NA,NA,NA,NA,NA,NA,1,1,1,1,1,1,1,1,1,1,1,1,1,1,1
GSE250136,mast,celltype_single_cell,Rpl13a,NA,NA,NA,NA,NA,NA,NA,NA,NA,NA,NA,NA,NA,NA,NA,1,1,1,1,1,1,1,1,1,1,1,1,1,1,1
GSE250136,mast,celltype_single_cell,Rpl14,NA,NA,NA,-44.03030035175728,NA,0.005409923149126666,0.5034424604971514,0.16820615857445817,0.5001839696739794,0.2877481873267056,0.012190975472250998,0.9672341034930508,0.7612231985360307,0.9837481328310289,0.995500824812625,1,1,1,1,0.9928057553956835,1,1,1,1,1,1,1,1,1,0.9969325153374233
GSE250136,mast,celltype_single_cell,Rpl15,NA,NA,NA,NA,NA,NA,NA,NA,NA,NA,NA,NA,NA,NA,NA,1,1,1,1,1,1,1,1,1,1,1,1,1,1,1
GSE250136,mast,celltype_single_cell,Rpl17,NA,NA,NA,NA,NA,NA,NA,NA,NA,NA,NA,NA,NA,NA,NA,1,1,1,1,1,1,1,1,1,1,1,1,1,1,1
GSE250136,mast,celltype_single_cell,Rpl18,NA,NA,NA,NA,NA,NA,NA,NA,NA,NA,NA,NA,NA,NA,NA,1,1,1,1,1,1,1,1,1,1,1,1,1,1,1
GSE250136,mast,celltype_single_cell,Rpl18a,NA,NA,NA,NA,NA,NA,NA,NA,NA,NA,NA,NA,NA,NA,NA,1,1,1,1,1,1,1,1,1,1,1,1,1,1,1
GSE250136,mast,celltype_single_cell,Rpl19,NA,NA,NA,NA,NA,NA,NA,NA,NA,NA,NA,NA,NA,NA,NA,1,1,1,1,1,1,1,1,1,1,1,1,1,1,1
GSE250136,mast,celltype_single_cell,Rpl21,NA,NA,NA,NA,NA,NA,NA,NA,NA,NA,NA,NA,NA,NA,NA,1,1,1,1,1,1,1,1,1,1,1,1,1,1,1
GSE250136,mast,celltype_single_cell,Rpl22,NA,NA,NA,NA,NA,NA,NA,NA,NA,NA,NA,NA,NA,NA,NA,1,1,1,1,1,1,1,1,1,1,1,1,1,1,1
GSE250136,mast,celltype_single_cell,Rpl22l1,0.9196263448492505,0.42468431828494424,-0.5264230427737733,0.5666136916960127,-0.8426834570414012,0.07479355310557814,0.4719403020944039,0.3666055662694875,0.47457289334207925,0.23311380826283284,0.08284525856311768,0.9568423640428352,0.9094028565069193,0.9837481328310289,0.995500824812625,0.9994604801726463,0.9994275901545506,0.996309963099631,0.9984268484530676,0.9712230215827338,0.999204665959703,1,1,0.9986091794158554,0.946524064171123,0.9993314614253243,0.9995920032639739,0.9979381443298969,0.9984767707539984,0.9570552147239264
GSE250136,mast,celltype_single_cell,Rpl23,NA,NA,NA,NA,NA,NA,NA,NA,NA,NA,NA,NA,NA,NA,NA,1,1,1,1,1,1,1,1,1,1,1,1,1,1,1
GSE250136,mast,celltype_single_cell,Rpl23a,NA,NA,NA,-30.001130810342406,-1.6166479857583305,0.13519337175904986,0.3469162250851365,3.142789214576286e-4,0.4844294280600612,0.38673314421275073,0.14253720923731922,0.9568423640428352,0.041014879206789256,0.9837481328310289,0.995500824812625,1,1,1,1,1,1,1,1,1,0.9946524064171123,1,1,1,1,0.9969325153374233
GSE250136,mast,celltype_single_cell,Rpl24,NA,NA,NA,NA,NA,NA,NA,NA,NA,NA,NA,NA,NA,NA,NA,1,1,1,1,1,1,1,1,1,1,1,1,1,1,1
GSE250136,mast,celltype_single_cell,Rpl26,NA,NA,NA,NA,NA,NA,NA,NA,NA,NA,NA,NA,NA,NA,NA,1,1,1,1,1,1,1,1,1,1,1,1,1,1,1
GSE250136,mast,celltype_single_cell,Rpl27,NA,NA,NA,NA,NA,NA,NA,NA,NA,NA,NA,NA,NA,NA,NA,1,1,1,1,1,1,1,1,1,1,1,1,1,1,1
GSE250136,mast,celltype_single_cell,Rpl27a,NA,NA,NA,NA,NA,NA,NA,NA,NA,NA,NA,NA,NA,NA,NA,1,1,1,1,1,1,1,1,1,1,1,1,1,1,1
GSE250136,mast,celltype_single_cell,Rpl28,NA,NA,NA,NA,NA,NA,NA,NA,NA,NA,NA,NA,NA,NA,NA,1,1,1,1,1,1,1,1,1,1,1,1,1,1,1
GSE250136,mast,celltype_single_cell,Rpl29,1.8381447789152858,0.7440146981635287,2.281935443354989,0.06390703383350882,-0.31489242788599725,0.0012018864760082548,0.5259401993452737,0.05798819967302682,0.4972351692293414,0.2279297287864866,0.007839316981245252,0.9716165828680945,0.6063201478430317,0.9837481328310289,0.995500824812625,0.9989209603452927,1,1,1,0.9856115107913669,1,1,1,1,1,0.9994651691402594,1,1,1,0.9938650306748467
GSE250136,mast,celltype_single_cell,Rpl3,NA,NA,NA,-40.6165899833901,NA,0.007370017651275798,0.4484396528716207,0.49177585727536594,0.1793826500537372,0.30148503332442833,0.01393977082053113,0.9568423640428352,0.9355206543413022,0.9837481328310289,0.995500824812625,1,1,1,1,0.9928057553956835,1,1,1,1,1,1,1,1,1,0.9969325153374233
GSE250136,mast,celltype_single_cell,Rpl30,NA,NA,NA,NA,NA,NA,NA,NA,NA,NA,NA,NA,NA,NA,NA,1,1,1,1,1,1,1,1,1,1,1,1,1,1,1
GSE250136,mast,celltype_single_cell,Rpl31,1.9232264840698043,-23.34421029851714,-23.34421029851714,-23.34421029851714,-0.30988044735497766,0.0089261964735694,0.211620270950105,0.41017953604691354,0.5528413635641439,0.9713324218598123,0.015431116980624023,0.9568423640428352,0.9206871144167472,0.9879344995215968,0.9967258111793633,1,1,1,1,0.9928057553956835,0.9997348886532343,1,1,1,0.9946524064171123,0.9998662922850649,1,1,1,0.9938650306748467
GSE250136,mast,celltype_single_cell,Rpl32,NA,NA,NA,NA,NA,NA,NA,NA,NA,NA,NA,NA,NA,NA,NA,1,1,1,1,1,1,1,1,1,1,1,1,1,1,1
GSE250136,mast,celltype_single_cell,Rpl34,NA,NA,NA,NA,NA,NA,NA,NA,NA,NA,NA,NA,NA,NA,NA,1,1,1,1,1,1,1,1,1,1,1,1,1,1,1
GSE250136,mast,celltype_single_cell,Rpl35,1.9187428675808071,0.8172005797267943,0.760127755053638,0.4581921454220641,-0.968360394823339,0.004501261676404934,0.35588557232768714,0.7905996937842542,0.7268977896708959,0.3646471109560201,0.011512118983186825,0.9568423640428352,0.9977448358812655,0.9879344995215968,0.995500824812625,1,0.9988551803091014,1,1,0.9928057553956835,0.9997348886532343,1,1,1,1,0.9998662922850649,0.9991840065279478,1,1,0.9969325153374233
GSE250136,mast,celltype_single_cell,Rpl35a,NA,NA,NA,NA,NA,NA,NA,NA,NA,NA,NA,NA,NA,NA,NA,1,1,1,1,1,1,1,1,1,1,1,1,1,1,1
GSE250136,mast,celltype_single_cell,Rpl36,NA,NA,NA,NA,NA,NA,NA,NA,NA,NA,NA,NA,NA,NA,NA,1,1,1,1,1,1,1,1,1,1,1,1,1,1,1
GSE250136,mast,celltype_single_cell,Rpl36a,NA,NA,NA,NA,NA,NA,NA,NA,NA,NA,NA,NA,NA,NA,NA,1,1,1,1,1,1,1,1,1,1,1,1,1,1,1
GSE250136,mast,celltype_single_cell,Rpl36al,1.2304894731808655,0.3709134493048456,-0.20824168534095477,0.3716646022731407,-0.7532220444435325,0.004778307903267413,0.6943905049858473,0.9508894738517637,0.20392945968776827,0.4493194025217368,0.011692478365015389,0.9832753433879675,1,0.9837481328310289,0.995500824812625,0.9997302400863232,0.998282770463652,1,0.9984268484530676,0.9568345323741008,0.999204665959703,0.9985795454545454,1,0.9958275382475661,0.9411764705882353,0.9994651691402594,0.9983680130558955,1,0.9977151561309977,0.9478527607361963
GSE250136,mast,celltype_single_cell,Rpl37,NA,NA,NA,NA,NA,NA,NA,NA,NA,NA,NA,NA,NA,NA,NA,1,1,1,1,1,1,1,1,1,1,1,1,1,1,1
GSE250136,mast,celltype_single_cell,Rpl37a,NA,NA,NA,NA,NA,NA,NA,NA,NA,NA,NA,NA,NA,NA,NA,1,1,1,1,1,1,1,1,1,1,1,1,1,1,1
GSE250136,mast,celltype_single_cell,Rpl38,NA,NA,NA,NA,NA,NA,NA,NA,NA,NA,NA,NA,NA,NA,NA,1,1,1,1,1,1,1,1,1,1,1,1,1,1,1
GSE250136,mast,celltype_single_cell,Rpl39,NA,NA,NA,NA,NA,NA,NA,NA,NA,NA,NA,NA,NA,NA,NA,1,1,1,1,1,1,1,1,1,1,1,1,1,1,1
GSE250136,mast,celltype_single_cell,Rpl4,2.2684079403076858,1.0062357429577347,-22.853177381356975,1.0178619968146023,-1.1979253745882161,0.011132532481033984,0.5267663675268475,0.40229696029638157,0.5204634781479438,0.3500729978327906,0.018046357169486493,0.9716165828680945,0.917237134408955,0.9837481328310289,0.995500824812625,0.9997302400863232,1,1,1,0.9928057553956835,1,1,1,1,1,0.9998662922850649,1,1,1,0.9969325153374233
GSE250136,mast,celltype_single_cell,Rpl41,NA,NA,NA,NA,NA,NA,NA,NA,NA,NA,NA,NA,NA,NA,NA,1,1,1,1,1,1,1,1,1,1,1,1,1,1,1
GSE250136,mast,celltype_single_cell,Rpl5,NA,NA,NA,NA,NA,NA,NA,NA,NA,NA,NA,NA,NA,NA,NA,1,1,1,1,1,1,1,1,1,1,1,1,1,1,1
GSE250136,mast,celltype_single_cell,Rpl6,NA,NA,NA,NA,NA,NA,NA,NA,NA,NA,NA,NA,NA,NA,NA,1,1,1,1,1,1,1,1,1,1,1,1,1,1,1
GSE250136,mast,celltype_single_cell,Rpl7,NA,NA,NA,NA,NA,NA,NA,NA,NA,NA,NA,NA,NA,NA,NA,1,1,1,1,1,1,1,1,1,1,1,1,1,1,1
GSE250136,mast,celltype_single_cell,Rpl7a,2.9150915962950172,1.0135030175506294,0.7242947704888039,0.9399883342740125,-1.2166339707002898,0.004809208532104859,0.5752307413288162,0.8771446447218689,0.045066948447797364,0.18772797011338233,0.011701037283240881,0.9832753433879675,0.9989153187003222,0.9837481328310289,0.995500824812625,1,1,1,1,0.9856115107913669,1,1,1,0.9986091794158554,1,1,1,1,0.9996191926884996,0.9938650306748467
GSE250136,mast,celltype_single_cell,Rpl8,NA,NA,NA,NA,NA,NA,NA,NA,NA,NA,NA,NA,NA,NA,NA,1,1,1,1,1,1,1,1,1,1,1,1,1,1,1
GSE250136,mast,celltype_single_cell,Rpl9,NA,NA,NA,NA,NA,NA,NA,NA,NA,NA,NA,NA,NA,NA,NA,1,1,1,1,1,1,1,1,1,1,1,1,1,1,1
GSE250136,mast,celltype_single_cell,Rplp0,NA,NA,NA,NA,NA,NA,NA,NA,NA,NA,NA,NA,NA,NA,NA,1,1,1,1,1,1,1,1,1,1,1,1,1,1,1
GSE250136,mast,celltype_single_cell,Rplp1,NA,NA,NA,NA,NA,NA,NA,NA,NA,NA,NA,NA,NA,NA,NA,1,1,1,1,1,1,1,1,1,1,1,1,1,1,1
GSE250136,mast,celltype_single_cell,Rplp2,NA,NA,NA,NA,NA,NA,NA,NA,NA,NA,NA,NA,NA,NA,NA,1,1,1,1,1,1,1,1,1,1,1,1,1,1,1
GSE250136,mast,celltype_single_cell,Rps10,NA,NA,NA,NA,NA,NA,NA,NA,NA,NA,NA,NA,NA,NA,NA,1,1,1,1,1,1,1,1,1,1,1,1,1,1,1
GSE250136,mast,celltype_single_cell,Rps11,NA,NA,NA,NA,NA,NA,NA,NA,NA,NA,NA,NA,NA,NA,NA,1,1,1,1,1,1,1,1,1,1,1,1,1,1,1
GSE250136,mast,celltype_single_cell,Rps12,NA,NA,NA,NA,NA,NA,NA,NA,NA,NA,NA,NA,NA,NA,NA,1,1,1,1,1,1,1,1,1,1,1,1,1,1,1
GSE250136,mast,celltype_single_cell,Rps13,NA,NA,NA,NA,NA,NA,NA,NA,NA,NA,NA,NA,NA,NA,NA,1,1,1,1,1,1,1,1,1,1,1,1,1,1,1
GSE250136,mast,celltype_single_cell,Rps14,NA,NA,NA,NA,NA,NA,NA,NA,NA,NA,NA,NA,NA,NA,NA,1,1,1,1,1,1,1,1,1,1,1,1,1,1,1
GSE250136,mast,celltype_single_cell,Rps15,NA,NA,NA,NA,NA,NA,NA,NA,NA,NA,NA,NA,NA,NA,NA,1,1,1,1,1,1,1,1,1,1,1,1,1,1,1
GSE250136,mast,celltype_single_cell,Rps15a,NA,NA,NA,NA,NA,NA,NA,NA,NA,NA,NA,NA,NA,NA,NA,1,1,1,1,1,1,1,1,1,1,1,1,1,1,1
GSE250136,mast,celltype_single_cell,Rps16,NA,NA,NA,NA,NA,NA,NA,NA,NA,NA,NA,NA,NA,NA,NA,1,1,1,1,1,1,1,1,1,1,1,1,1,1,1
GSE250136,mast,celltype_single_cell,Rps17,NA,NA,NA,NA,NA,NA,NA,NA,NA,NA,NA,NA,NA,NA,NA,1,1,1,1,1,1,1,1,1,1,1,1,1,1,1
GSE250136,mast,celltype_single_cell,Rps18,NA,NA,NA,NA,NA,NA,NA,NA,NA,NA,NA,NA,NA,NA,NA,1,1,1,1,1,1,1,1,1,1,1,1,1,1,1
GSE250136,mast,celltype_single_cell,Rps19,NA,NA,NA,NA,NA,NA,NA,NA,NA,NA,NA,NA,NA,NA,NA,1,1,1,1,1,1,1,1,1,1,1,1,1,1,1
GSE250136,mast,celltype_single_cell,Rps2,NA,NA,NA,NA,NA,NA,NA,NA,NA,NA,NA,NA,NA,NA,NA,1,1,1,1,1,1,1,1,1,1,1,1,1,1,1
GSE250136,mast,celltype_single_cell,Rps20,NA,NA,NA,NA,NA,NA,NA,NA,NA,NA,NA,NA,NA,NA,NA,1,1,1,1,1,1,1,1,1,1,1,1,1,1,1
GSE250136,mast,celltype_single_cell,Rps21,NA,NA,NA,NA,NA,NA,NA,NA,NA,NA,NA,NA,NA,NA,NA,1,1,1,1,1,1,1,1,1,1,1,1,1,1,1
GSE250136,mast,celltype_single_cell,Rps23,NA,NA,NA,NA,NA,NA,NA,NA,NA,NA,NA,NA,NA,NA,NA,1,1,1,1,1,1,1,1,1,1,1,1,1,1,1
GSE250136,mast,celltype_single_cell,Rps24,NA,NA,NA,NA,NA,NA,NA,NA,NA,NA,NA,NA,NA,NA,NA,1,1,1,1,1,1,1,1,1,1,1,1,1,1,1
GSE250136,mast,celltype_single_cell,Rps25,NA,NA,NA,NA,NA,NA,NA,NA,NA,NA,NA,NA,NA,NA,NA,1,1,1,1,1,1,1,1,1,1,1,1,1,1,1
GSE250136,mast,celltype_single_cell,Rps26,NA,NA,NA,NA,NA,NA,NA,NA,NA,NA,NA,NA,NA,NA,NA,1,1,1,1,1,1,1,1,1,1,1,1,1,1,1
GSE250136,mast,celltype_single_cell,Rps27,NA,NA,NA,NA,NA,NA,NA,NA,NA,NA,NA,NA,NA,NA,NA,1,1,1,1,1,1,1,1,1,1,1,1,1,1,1
GSE250136,mast,celltype_single_cell,Rps27a,NA,NA,NA,NA,NA,NA,NA,NA,NA,NA,NA,NA,NA,NA,NA,1,1,1,1,1,1,1,1,1,1,1,1,1,1,1
GSE250136,mast,celltype_single_cell,Rps27l,1.4564801435899923,0.1996902980905748,-0.509913904424316,0.4171753367225719,-1.0038897447138506,0.003913297743383073,0.14860523592323646,0.781261303621097,0.46860563060081206,0.4131145946024062,0.010850507379380338,0.9568423640428352,0.9977448358812655,0.9837481328310289,0.995500824812625,0.9994604801726463,0.9994275901545506,1,0.9958049292081804,0.9568345323741008,0.9986744432661718,0.9957386363636364,1,0.9986091794158554,0.9732620320855615,0.999064045995454,0.9983680130558955,1,0.9965727341964966,0.9662576687116564
GSE250136,mast,celltype_single_cell,Rps28,NA,NA,NA,NA,NA,NA,NA,NA,NA,NA,NA,NA,NA,NA,NA,1,1,1,1,1,1,1,1,1,1,1,1,1,1,1
GSE250136,mast,celltype_single_cell,Rps29,NA,NA,NA,NA,NA,NA,NA,NA,NA,NA,NA,NA,NA,NA,NA,1,1,1,1,1,1,1,1,1,1,1,1,1,1,1
GSE250136,mast,celltype_single_cell,Rps3,NA,NA,NA,NA,NA,NA,NA,NA,NA,NA,NA,NA,NA,NA,NA,1,1,1,1,1,1,1,1,1,1,1,1,1,1,1
GSE250136,mast,celltype_single_cell,Rps3a1,NA,NA,NA,NA,NA,NA,NA,NA,NA,NA,NA,NA,NA,NA,NA,1,1,1,1,1,1,1,1,1,1,1,1,1,1,1
GSE250136,mast,celltype_single_cell,Rps4x,NA,NA,NA,NA,NA,NA,NA,NA,NA,NA,NA,NA,NA,NA,NA,1,1,1,1,1,1,1,1,1,1,1,1,1,1,1
GSE250136,mast,celltype_single_cell,Rps5,NA,NA,NA,NA,NA,NA,NA,NA,NA,NA,NA,NA,NA,NA,NA,1,1,1,1,1,1,1,1,1,1,1,1,1,1,1
GSE250136,mast,celltype_single_cell,Rps6,NA,NA,NA,NA,NA,NA,NA,NA,NA,NA,NA,NA,NA,NA,NA,1,1,1,1,1,1,1,1,1,1,1,1,1,1,1
GSE250136,mast,celltype_single_cell,Rps7,NA,NA,NA,NA,NA,NA,NA,NA,NA,NA,NA,NA,NA,NA,NA,1,1,1,1,1,1,1,1,1,1,1,1,1,1,1
GSE250136,mast,celltype_single_cell,Rps8,NA,NA,NA,NA,NA,NA,NA,NA,NA,NA,NA,NA,NA,NA,NA,1,1,1,1,1,1,1,1,1,1,1,1,1,1,1
GSE250136,mast,celltype_single_cell,Rps9,NA,NA,NA,NA,NA,NA,NA,NA,NA,NA,NA,NA,NA,NA,NA,1,1,1,1,1,1,1,1,1,1,1,1,1,1,1
GSE250136,mast,celltype_single_cell,Rpsa,NA,NA,NA,NA,NA,NA,NA,NA,NA,NA,NA,NA,NA,NA,NA,1,1,1,1,1,1,1,1,1,1,1,1,1,1,1
GSE250136,mast,celltype_single_cell,Rrm2,0.49491043850639116,0.053177947862306674,0.10779780927266458,0.09803249945557635,-0.21426236982081592,8.409474549811906e-4,0.21854565333724266,0.5133856831095394,0.8055240046226844,0.8546936806644667,0.007156386446969428,0.9568423640428352,0.9355206543413022,0.9986090403715784,0.995500824812625,0.9384947396816833,0.8672009158557528,0.9188191881918819,0.8458311484006292,0.5827338129496403,0.9358430540827147,0.8863636363636364,0.8878504672897196,0.8484005563282336,0.6149732620320856,0.9371573739804787,0.8727050183598531,0.9051546391752577,0.8465346534653465,0.6012269938650306
GSE250136,mast,celltype_single_cell,Rrp1,0.23413916562972714,0.12653749734236497,-0.062367693506242716,-0.1003215860197586,-0.3302771031098568,0.033081406606258454,0.6018968274814015,0.7651653391843327,0.5865257311659574,0.43946851909674084,0.04064967085143125,0.9832753433879675,0.9964021960522161,0.9879344995215968,0.995500824812625,0.8964121931480982,0.887807670291929,0.8782287822878229,0.8720503408495018,0.5755395683453237,0.8923647932131495,0.8877840909090909,0.8878504672897196,0.8789986091794159,0.5508021390374331,0.8943709052012301,0.8878008975928192,0.8824742268041237,0.8739527798933739,0.5613496932515337
GSE250136,mast,celltype_single_cell,Rsl1d1,0.32711660812066956,0.009537268945917887,-0.47428084911536406,-0.014516306251050715,-0.35337081572218043,0.005854213723453122,0.6221662943215756,0.1263316905519041,0.44210776563788906,0.17758093900772393,0.012771473316923068,0.9832753433879675,0.697433091786063,0.9837481328310289,0.995500824812625,0.9633126517399514,0.9645105895821409,0.977859778597786,0.9323544834819087,0.7050359712230215,0.954135737009544,0.953125,0.985981308411215,0.9193324061196105,0.6417112299465241,0.9586843160850381,0.9612403100775194,0.9814432989690721,0.9287890327494288,0.6687116564417178
GSE250136,mast,celltype_single_cell,Rsrc2,0.2021525977549974,0.061324685165282666,0.021341481357636916,0.10608859652846814,-0.23569229788203194,0.021001070073363486,0.42131144085524036,0.42323027707823296,0.5235454426958467,0.534129875615614,0.028604328297691255,0.9568423640428352,0.9252697612929077,0.9837481328310289,0.995500824812625,0.8254653358510925,0.8019461934745278,0.8892988929889298,0.8091242789722076,0.48201438848920863,0.8303287380699894,0.7869318181818182,0.9158878504672897,0.8150208623087621,0.45989304812834225,0.8279181708784596,0.7976336189310486,0.9010309278350516,0.8107387661843107,0.46932515337423314
GSE250136,mast,celltype_single_cell,Rtf1,0.1437252915204752,-0.014776612996421079,0.3370983916738335,-0.03100485773099315,-0.13555140413654065,0.11385835273830289,0.7196467866492019,0.19862360814127428,0.9094429218041453,0.8831469665098425,0.1213920514837836,0.9832753433879675,0.7693061183527152,0.9986810248541517,0.996634504104157,0.8691664418667386,0.8746422438465942,0.8856088560885609,0.8772941793392763,0.5467625899280576,0.8753976670201484,0.8806818181818182,0.9158878504672897,0.8720445062586927,0.5614973262032086,0.8723091322369301,0.8763769889840881,0.8989690721649485,0.8758568164508759,0.5552147239263804
GSE250136,mast,celltype_single_cell,Rtn3,0.36408860960444356,0.06157553596885812,0.1980274537982023,0.0388396071289514,0.1644120220319305,6.314517855603646e-4,0.5318250856129518,0.6513747244119106,0.8399310153210607,0.06872539891801008,0.006933194569982071,0.972800019388586,0.9697776811869792,0.9986810248541517,0.9589069094561428,0.9099001888319396,0.8832283915283343,0.8339483394833949,0.7629785002621919,0.33093525179856115,0.9053552492046659,0.8963068181818182,0.8317757009345794,0.7746870653685675,0.46524064171123,0.9076079689798101,0.886984904120767,0.8329896907216495,0.7661843107387661,0.40797546012269936
GSE250136,mast,celltype_single_cell,Rtn4,0.18291451404419723,-0.03625131332031595,-0.18347962187371625,0.09754084786859263,0.0634835182008282,0.0013699271129905756,0.739465448433495,0.6393901169116968,0.62467572734088,0.5858315758975632,0.008225010715896245,0.9832753433879675,0.966440990871839,0.9879344995215968,0.995500824812625,0.8804963582411653,0.8672009158557528,0.9298892988929889,0.8264289459884635,0.3669064748201439,0.8647932131495228,0.8536931818181818,0.9205607476635514,0.8372739916550765,0.4385026737967914,0.8725765476668004,0.8633210934312525,0.9257731958762887,0.8293983244478293,0.40797546012269936
GSE250136,mast,celltype_single_cell,Rtraf,0.41175230475602476,0.05316252480629213,0.039129562200431955,0.052076563373242735,-0.6228289706953665,0.028743047086936938,0.9607398421024318,0.8746258375404373,0.6655015100409435,0.2971118877744204,0.03615104891346708,0.999854330950744,0.9989153187003222,0.9879344995215968,0.995500824812625,0.9649312112220124,0.9519175729822553,0.992619926199262,0.9433665443104352,0.6762589928057554,0.9623541887592789,0.9517045454545454,0.9953271028037384,0.9374130737134909,0.6631016042780749,0.9636315015376388,0.9518563851489188,0.9938144329896907,0.9417364813404417,0.6687116564417178
GSE250136,mast,celltype_single_cell,Rwdd1,0.23095298426727284,-0.08793902237976514,-0.041700194234692844,0.07385480945502332,-0.2032145705774826,0.07048782321465161,0.6186630189391501,0.9461448657273778,0.8849737141504693,0.8148947249903762,0.07838099091837562,0.9832753433879675,1,0.9986810248541517,0.995500824812625,0.9522524952792015,0.9439038351459645,0.9446494464944649,0.9218668065023597,0.6834532374100719,0.9456521739130435,0.9488636363636364,0.9439252336448598,0.9235048678720446,0.7058823529411765,0.948923652894772,0.945328437372501,0.9443298969072165,0.9223153084539223,0.696319018404908
GSE250136,mast,celltype_single_cell,Sae1,0.32340710868990774,0.11193040871997306,0.1344094375716849,0.0016232092610879434,-0.34327539959211073,0.0011683978772958417,0.5244389591336192,0.6840157272028493,0.10527981397494644,0.1508386766166185,0.007839316981245252,0.9716165828680945,0.9801164950188479,0.9837481328310289,0.995500824812625,0.8508227677367143,0.86949055523755,0.9446494464944649,0.8038804404824331,0.5251798561151079,0.8708907741251326,0.8607954545454546,0.9579439252336449,0.7677329624478443,0.45989304812834225,0.8609439764674421,0.8669930640554876,0.9505154639175257,0.7939832444782939,0.48773006134969327
GSE250136,mast,celltype_single_cell,Sarnp,0.32567334103847845,0.051662797313944075,-0.2652543188773544,0.06584577062107266,-0.47792240314966117,0.02001851293877733,0.3263470249719362,0.4510808236253292,0.3021576750798278,0.07317079547969461,0.027707957941192605,0.9568423640428352,0.9338764996524848,0.9837481328310289,0.9589069094561428,0.9422713784731589,0.934745277618775,0.977859778597786,0.9239643418982695,0.7553956834532374,0.940084835630965,0.9488636363636364,0.9579439252336449,0.9415855354659249,0.6844919786096256,0.9411686054285332,0.9388004895960832,0.9690721649484536,0.9287890327494288,0.7147239263803681
GSE250136,mast,celltype_single_cell,Sars,0.11734260611023206,-0.005308941474376105,0.1414492001492471,0.06768871173310886,0.05441282446916551,0.24000792621298608,0.45649866404160877,0.33319761190946773,0.6586950754864997,0.6999610449495098,0.24724580094799775,0.9568423640428352,0.900870965141245,0.9879344995215968,0.995500824812625,0.8618829241974643,0.7996565540927304,0.9188191881918819,0.7409543786051389,0.5035971223021583,0.8616118769883351,0.8196022727272727,0.9485981308411215,0.7566063977746871,0.5668449197860963,0.861746222757053,0.8053855569155447,0.931958762886598,0.7452399086062452,0.5398773006134969
GSE250136,mast,celltype_single_cell,Scaf11,0.21550685392984015,-0.0033511109213173462,0.3154847995725736,0.05300556083279462,-0.13833592604444922,0.0850460115716309,0.9993955999956651,0.4296567829249092,0.6775860899662165,0.4214510335578995,0.09299525465066938,0.999854330950744,0.9252697612929077,0.9879344995215968,0.995500824812625,0.9161046668465066,0.8969662278191185,0.9446494464944649,0.9124278972207656,0.5107913669064749,0.9215270413573701,0.8948863636363636,0.9579439252336449,0.9068150208623088,0.5882352941176471,0.9188394170343629,0.8963688290493677,0.9505154639175257,0.9108910891089109,0.5552147239263804
GSE250136,mast,celltype_single_cell,Scand1,0.2726812896457318,0.13487270672609197,0.47537320938510996,0.04286281149454174,-0.11318623390756244,2.0449999926957366e-4,0.2989640613792747,0.0030554243714929243,0.43110407393381145,0.8683559649151754,0.006204622690599899,0.9568423640428352,0.16308327582843482,0.9837481328310289,0.995500824812625,0.8519018073914216,0.8299942759015455,0.7859778597785978,0.85736759307813315,0.4748201438848921,0.8494167550371156,0.8465909090909091,0.8785046728971962,0.8456189151599444,0.49732620320855614,0.8506484824174355,0.8347613219094248,0.8268041237113402,0.8541507996953541,0.48773006134969327
GSE250136,mast,celltype_single_cell,Scd2,0.5502958528591009,0.10179881754822873,-0.20457691410067191,0.08543179247328236,-0.3762408801044943,0.004616012599790211,0.34526259410836874,0.7653862302227796,0.940615513406529,0.7952315452225994,0.011526985429223802,0.9568423640428352,0.9964021960522161,0.9986810248541517,0.995500824812625,0.9743728082007014,0.9690898683457355,0.9188191881918819,0.9632931305715784,0.6330935251798561,0.9650053022269353,0.9786931818181818,0.897196261682243,0.9638386648122392,0.6684491978609626,0.9696483487097205,0.9718482252141983,0.9092783505154639,0.9634424980959635,0.6533742331288344
GSE250136,mast,celltype_single_cell,Sec11a,0.26832671222923166,0.06117056800134968,-0.012655435391144554,-0.0011468319305776298,0.25426140056578506,6.001124116041631e-4,0.15884208244829362,0.9643430858230971,0.798127687821254,0.2881460453624456,0.006933194569982071,0.9568423640428352,1,0.9986090403715784,0.995500824812625,0.835716212570812,0.8145392100744133,0.8118081180811808,0.7834294703723126,0.3381294964028777,0.8430540827147401,0.8465909090909091,0.7990654205607477,0.7760778859527121,0.43315508021390375,0.8394170343628827,0.8237454100367197,0.8061855670103093,0.7814166031987814,0.39263803680981596
GSE250136,mast,celltype_single_cell,Sec61b,0.56172021124463,0.205200320220003,-0.33349360888713075,-0.030574755581403323,-0.1185346912327363,8.493213462265215e-4,0.5538900294987608,0.3626308531252634,0.3042951125014922,0.9628816436934209,0.007156386446969428,0.9832753433879675,0.9094028565069193,0.9837481328310289,0.9967258111793633,0.9848934448340977,0.9868345735546652,0.977859778597786,0.9858416360776088,0.7985611510791367,0.9790562036055143,0.984375,0.985981308411215,0.9791376912378303,0.8128342245989305,0.9819494584837545,0.9861281109751122,0.9814432989690721,0.984006092916984,0.8067484662576687
GSE250136,mast,celltype_single_cell,Sec61g,1.0598013429515607,0.3398538914951885,-1.2234672364180454,0.36403350596840234,-0.670200567921782,0.003244792674711259,0.21683797511864888,0.08190468334221057,0.1055209984781726,0.4965032999493031,0.009910978212566608,0.9568423640428352,0.6537065380770825,0.9837481328310289,0.995500824812625,0.9983814405179391,0.998282770463652,1,0.9968536969061353,0.9424460431654677,0.9978791092258749,1,1,1,0.93048128342246,0.9981280919909079,0.9987760097919217,1,0.9977151561309977,0.9355828220858896
GSE250136,mast,celltype_single_cell,Selenof,0.19531478197397512,0.05672285803652777,0.08418665926939761,-0.005852972217016195,-0.050814927790752584,0.02380575170261199,0.8338468135571162,0.8551297879711186,0.7775356980356994,0.0650695322809512,0.031470761538747116,0.9901382823531624,0.9989153187003222,0.9955254664505058,0.9589069094561428,0.8672781224710008,0.8523182598740698,0.8708487084870848,0.8353434714210802,0.3237410071942446,0.8777836691410392,0.8508522727272727,0.8644859813084113,0.8247566063977747,0.45989304812834225,0.8725765476668004,0.8518971848225214,0.8680412371134021,0.8324447829398325,0.401840490797546
GSE250136,mast,celltype_single_cell,Selenoh,0.6709598781109758,0.17860959528437004,-0.7579821862582721,0.35781689111155845,-0.7794265675901579,0.001990485076524119,0.7282155136232085,0.1111480009607412,0.2767395330886451,0.24753564039797035,0.008849126187123925,0.9832753433879675,0.6780028058605213,0.9837481328310289,0.995500824812625,0.9886700836255733,0.9834001144819691,0.988929889298893,0.9795490298898794,0.8057553956834532,0.9856839872746553,0.9815340909090909,0.9906542056074766,0.9847009735744089,0.8342245989304813,0.9871640593662254,0.9828641370869033,0.9896907216494846,0.9809596344249809,0.8220858895705522
GSE250136,mast,celltype_single_cell,Selenow,0.5195017076043511,0.16654624296552978,-0.02398991574994591,0.12859593588405716,-0.35658422520341126,0.002304830963035832,0.2606568754928978,0.3892332024843162,0.717096494768581,0.49055416980222055,0.008987788321610048,0.9568423640428352,0.9094028565069193,0.9879344995215968,0.995500824812625,0.9568384138117075,0.976531196336577,0.981549815498155,0.9853172522286313,0.7338129496402878,0.9610286320254506,0.96875,0.9579439252336449,0.9847009735744089,0.7058823529411765,0.9589517315149084,0.9742962056303549,0.9711340206185567,0.9851485148514851,0.7177914110429447
GSE250136,mast,celltype_single_cell,Sem1,0.75111218077814,0.2518893188575131,-0.24956166750741104,0.434383310142735,-0.48119026878130455,0.02964541634689644,0.38244729552338486,0.8877894204388924,0.06576381007601353,0.7325130132254878,0.0370134291816514,0.9568423640428352,0.9994489710258044,0.9837481328310289,0.995500824812625,0.9983814405179391,0.9988551803091014,1,0.9958049292081804,0.9496402877697842,0.9976139978791092,1,1,1,0.9572192513368984,0.9979943842759728,0.9991840065279478,1,0.996953541507997,0.9539877300613497
GSE250136,mast,celltype_single_cell,Sept11,0.18304181030783573,0.044452568604488985,-0.021927914167056084,0.15093998230226502,-0.23422804144635556,0.07950699582831577,0.46995547522594894,0.6770277757445317,0.3230194090299999,0.010289569676802638,0.08745067454089042,0.9568423640428352,0.9785166997544211,0.9837481328310289,0.6547036535613597,0.8527110871324521,0.8391528334287349,0.7970479704797048,0.8909281594126901,0.38848920863309355,0.8536585365853658,0.8551136363636364,0.8177570093457944,0.9082058414464534,0.5401069518716578,0.8531889290012034,0.8437372501019992,0.8061855670103093,0.8956587966488957,0.4754601226993865
GSE250136,mast,celltype_single_cell,Sept7,0.19493800299690633,0.08374862758529655,-0.16227078436297582,-0.027694046467675815,0.07269908159517335,0.014213236262186162,0.6865607425405419,0.532144227508146,0.8744024308263076,0.5708781652359125,0.02107138395498984,0.9832753433879675,0.9355206543413022,0.9986810248541517,0.995500824812625,0.8608038845427569,0.8603319977103606,0.9077490774907749,0.8159412690089145,0.539568345323741,0.8552492046659597,0.859375,0.9065420560747663,0.8219749652294854,0.5187165775401069,0.8580024067388689,0.8600571195430436,0.9072164948453608,0.8175932977913176,0.5276073619631901
GSE250136,mast,celltype_single_cell,Serbp1,2.200424492408807,0.6402703502846734,-25.404998150887756,-10.404697981760751,-25.404950039721204,0.008250870747849996,0.7568124946164454,0.9998643375644595,0.9999199939478585,0.1455791723022381,0.014804052370730576,0.9832753433879675,1,0.9999362214546985,0.995500824812625,0.9997302400863232,1,1,1,1,1,1,1,1,0.9893048128342246,0.9998662922850649,1,1,1,0.9938650306748467
GSE250136,mast,celltype_single_cell,Serf2,1.1937096984178677,0.6098403352315671,0.037146912010667776,0.5299157633994387,-0.4349619363035213,9.808668844272742e-4,0.2543065755350517,0.9967307786951449,0.3033327028042743,0.44925447069657354,0.007615093811826293,0.9568423640428352,1,0.9837481328310289,0.995500824812625,0.9994604801726463,0.9994275901545506,1,0.9989512323020451,0.9568345323741008,0.9981442205726405,1,1,1,0.983957219251337,0.9987966305655837,0.9995920032639739,1,0.9992383853769993,0.9723926380368099
GSE250136,mast,celltype_single_cell,Set,3.172136055053816,1.1774702407398898,-1.6525602336207754,0.1063626269940876,-1.3889008824049682,3.731294458484325e-4,0.5030129743911952,0.5428958290853738,0.9710050844368852,0.5879355512637083,0.0067798414203098165,0.9672341034930508,0.937763152223663,0.9986810248541517,0.995500824812625,0.9997302400863232,1,1,1,0.9856115107913669,0.9986744432661718,1,1,1,0.9946524064171123,0.9991977537103891,1,1,1,0.99079754601227
GSE250136,mast,celltype_single_cell,Sf1,0.2330554215640439,0.0907929315908067,0.12504566851105947,-0.058429568624876804,-0.05016908463071812,0.002843377593092326,0.6280405733222791,0.5435512416284698,0.7116348398363362,0.9704816721163614,0.009517440360535066,0.9832753433879675,0.937763152223663,0.9879344995215968,0.9967258111793633,0.8289722147288913,0.7979393245563824,0.8892988929889298,0.7823807026743577,0.4244604316546763,0.8268822905620361,0.7954545454545454,0.8738317757009346,0.7677329624478443,0.4385026737967914,0.8279181708784596,0.7972256221950225,0.8824742268041237,0.7783701447067783,0.4325153374233129
GSE250136,mast,celltype_single_cell,Sf3a3,0.2705432286556646,-0.019955293474041902,0.01827080642259027,0.02475932805048542,-0.12734677199546285,8.814604044792492e-4,0.8764196559395092,0.9132575967181219,0.8443190079461943,0.657356792559794,0.007156386446969428,0.9901382823531624,1,0.9986810248541517,0.995500824812625,0.8392230914486107,0.8151116199198626,0.8634686346863468,0.7656004195070791,0.4748201438848921,0.8518027571580064,0.8181818181818182,0.8691588785046729,0.7760778859527121,0.5240641711229946,0.8455675892498997,0.8159934720522236,0.865979381443299,0.7684691546077684,0.5030674846625767
GSE250136,mast,celltype_single_cell,Sf3b1,0.41595301717836985,-0.11888047767635168,0.13320789762931629,0.28124870977077077,-0.5019980139703373,0.03050616711471098,0.7942128941704646,0.43825317160107374,0.327885816132242,0.1978977950598962,0.0377569082840046,0.9901382823531624,0.9334148883755017,0.9837481328310289,0.995500824812625,0.9536012948475856,0.9301659988551803,0.988929889298893,0.9323544834819087,0.6906474820143885,0.9528101802757158,0.9303977272727273,0.9766355140186916,0.9388038942976356,0.6417112299465241,0.9532022997726969,0.9302325581395349,0.9835051546391752,0.9341203351104341,0.6625766871165644
GSE250136,mast,celltype_single_cell,Sf3b2,0.846857454386484,0.20853880311633421,0.5159732487870121,0.22980425108169378,-0.32161240542455616,0.001659531364080961,0.7480629777348667,0.06637678675346635,0.6856126575125686,0.4659639324211463,0.0085375890658141,0.9832753433879675,0.6063201478430317,0.9879344995215968,0.995500824812625,0.98893984353925,0.9788208357183743,0.988929889298893,0.9695857367593078,0.8201438848920863,0.9864793213149523,0.9786931818181818,1,0.9707927677329624,0.7914438502673797,0.987698890225966,0.9787841697266422,0.9938144329896907,0.9699162223914699,0.803680981595092
GSE250136,mast,celltype_single_cell,Sf3b3,0.36811869846333645,0.060479864234194824,0.20128954613856997,0.002190602718374013,-0.020918641966959584,1.519693128007654e-4,0.8499330966490323,0.5709800434607541,0.8661697697046512,0.9277907292457015,0.006204622690599899,0.9901382823531624,0.9462019179003764,0.9986810248541517,0.9967258111793633,0.8470461289452388,0.8036634230108758,0.933579335793358,0.8054535920293655,0.2589928057553957,0.8602863202545069,0.8053977272727273,0.9485981308411215,0.8122392211404729,0.2994652406417112,0.853723759860944,0.8041615667074663,0.9402061855670103,0.8073115003808073,0.2822085889570552
GSE250136,mast,celltype_single_cell,Sf3b5,0.35572629060283933,-0.14302045471637337,-0.37715895153271717,0.0030301436315269825,-0.06448719807474168,0.008670757740126827,0.5875522455138165,0.29656277826878324,0.04908679117396994,0.2256647731498438,0.015236269773803109,0.9832753433879675,0.8825175240592783,0.9837481328310289,0.995500824812625,0.9430806582141894,0.933028048082427,0.966789667896679,0.918720503408495,0.6187050359712231,0.9432661717921527,0.9289772727272727,0.9532710280373832,0.8901251738525731,0.7165775401069518,0.9431742211525606,0.9318645450836394,0.9608247422680413,0.9108910891089109,0.6748466257668712
GSE250136,mast,celltype_single_cell,Sf3b6,0.38616559623082214,0.10169503521953738,-0.116299035633467,0.25077692744139535,-0.10384814895946182,0.00360896063887803,0.6223051116841323,0.680607634255417,0.134442256937903,0.9125765536922062,0.010422910605824126,0.9832753433879675,0.9785166997544211,0.9837481328310289,0.9967258111793633,0.9387644995953601,0.9170005724098454,0.948339483394834,0.8909281594126901,0.6690647482014388,0.9350477200424178,0.9247159090909091,0.9252336448598131,0.9082058414464534,0.6951871657754011,0.9368899585506084,0.9192166462668299,0.9381443298969072,0.8956587966488957,0.6840490797546013
GSE250136,mast,celltype_single_cell,Sfpq,1.066264545776212,0.4142499541281275,-0.4780703838952398,0.2104442063611156,-1.2928590004291287,0.00768606229123391,0.46701684079906214,0.5646772241441771,0.5940185302440295,0.2689548588218027,0.014207569689856621,0.9568423640428352,0.9450466938251723,0.9879344995215968,0.995500824812625,0.9870515241435123,0.9891242129364625,0.992619926199262,0.9868904037755637,0.7913669064748201,0.9886002120890774,0.9857954545454546,0.9813084112149533,0.9847009735744089,0.8181818181818182,0.9878325979409012,0.9881680946552428,0.9876288659793815,0.9862909367859863,0.8067484662576687
GSE250136,mast,celltype_single_cell,Sfr1,0.5081722177432786,-0.22412836545266623,-0.44224262108539136,-0.27072165655414393,-0.08954977436169909,4.5967762652124246e-4,0.19541624208042477,0.2913205377352931,0.23285830486653555,0.8183095798981059,0.006933194569982071,0.9568423640428352,0.8825175240592783,0.9837481328310289,0.995500824812625,0.9409225789047747,0.9610761305094447,0.977859778597786,0.9250131095962244,0.7050359712230215,0.9493637327677624,0.9460227272727273,0.9672897196261683,0.9262865090403338,0.6951871657754011,0.9451798368765878,0.9567523459812322,0.9731958762886598,0.9253617669459253,0.6993865030674846
GSE250136,mast,celltype_single_cell,Sh3bgrl,0.31920582274716525,0.16081394984540154,0.18198518625599513,0.1094329790385844,0.08639792067870422,1.2463581674191008e-4,0.2237441441453407,0.3373813059351838,0.1952711411418309,0.752338070361813,0.005913277083199511,0.9568423640428352,0.900870965141245,0.9837481328310289,0.995500824812625,0.873212840571891,0.8614768174012593,0.47232472324723246,0.8253801782905087,0.48201438848920863,0.8963414634146342,0.8522727272727273,0.4252336448598131,0.8094575799721836,0.47593582887700536,0.8848776574408344,0.8588331293349654,0.4515463917525773,0.821020563594821,0.4785276073619632
GSE250136,mast,celltype_single_cell,Sinhcaf,0.2713033746839679,0.2854852579430185,-0.42387221894076577,0.008424196796030348,0.17526620673834747,0.022129271078105132,0.011938575898178014,0.13877279752917238,0.8861244471917152,0.63757037620028,0.029708068034456313,0.9568423640428352,0.7226339578653244,0.9986810248541517,0.995500824812625,0.9072025896951713,0.8952489982827705,0.977859778597786,0.8348190875721028,0.5755395683453237,0.9040296924708378,0.9261363636363636,0.9392523364485982,0.8289290681502086,0.6363636363636364,0.9056023532557829,0.9041207670338637,0.9608247422680413,0.8332063975628332,0.6104294478527608
GSE250136,mast,celltype_single_cell,Siva1,0.6552484748640754,0.13800195035226714,0.014110767268831204,0.30482081515166737,-0.08674545439892078,0.001128002529048631,0.7699245213945167,0.6309494555278108,0.29214824909239684,0.8432786628845516,0.00779843759966462,0.9850299795379734,0.966440990871839,0.9837481328310289,0.995500824812625,0.9784192069058538,0.9668002289639381,0.988929889298893,0.940744625065548,0.7266187050359713,0.9769353128313892,0.9644886363636364,0.9953271028037384,0.9401947148817803,0.7647058823529411,0.9776708116058297,0.9661362709098327,0.9917525773195877,0.9405940594059405,0.7484662576687117
GSE250136,mast,celltype_single_cell,Skp1a,0.41003243299702996,0.23087634151019953,-1.3298298306027738,0.18816738647642817,-0.5458362322425958,0.010608622474121043,0.3344150214332081,8.367766564216384e-4,0.5068593234424181,0.3217931894583121,0.017355868951914502,0.9568423640428352,0.0794008071760088,0.9837481328310289,0.995500824812625,0.956298893984354,0.954779622209502,0.996309963099631,0.9486103828002097,0.7050359712230215,0.953340402969247,0.9502840909090909,0.9766355140186916,0.9554937413073713,0.7272727272727273,0.9548067923519187,0.9534883720930233,0.9876288659793815,0.9504950495049505,0.7177914110429447
GSE250136,mast,celltype_single_cell,Slbp,0.4752648972827984,0.20668663512677643,-0.09858673757630365,0.20206977901088674,-0.20757224444938105,3.3920734822707045e-4,0.35139560849868207,0.8831917955906279,0.3392481591554325,0.47059848139654775,0.006437401675242626,0.9568423640428352,0.9994489710258044,0.9837481328310289,0.995500824812625,0.9241974642568115,0.8586147681740126,0.8892988929889298,0.7829050865233351,0.5755395683453237,0.9270943796394485,0.8607954545454546,0.8878504672897196,0.7816411682892906,0.5401069518716578,0.9256585104960556,0.8592411260709915,0.8886597938144329,0.7825590251332826,0.5552147239263804
GSE250136,mast,celltype_single_cell,Slc25a3,0.8353060283409217,0.321038026832027,-0.7403591275906605,0.46960462054396146,-0.5991409844833413,0.0020299662032878737,0.5137905276482904,0.23209155707189094,0.044292218501021996,0.49215216704772263,0.008849126187123925,0.9704799819659599,0.8220949059808307,0.9837481328310289,0.995500824812625,0.9913676827623416,0.9856897538637664,0.996309963099631,0.9900367068694285,0.7913669064748201,0.9888653234358431,0.9857954545454546,0.9953271028037384,0.9819193324061196,0.786096256684492,0.9901056290947988,0.9857201142390861,0.9958762886597938,0.9878141660319878,0.7883435582822086
GSE250136,mast,celltype_single_cell,Slc25a4,0.7304339964114783,-0.046624312104629695,-0.08331283578148785,-0.005997460613229144,-0.6515785012278839,0.001482445380848976,0.9021778172846475,0.5160239088906543,0.9916645305343333,0.2993555538569811,0.008240416740643706,0.9901382823531624,0.9355206543413022,0.9986810248541517,0.995500824812625,0.9919072025896952,0.9902690326273612,0.985239852398524,0.9847928683796539,0.8848920863309353,0.986744432661718,0.9914772727272727,0.9672897196261683,0.9860917941585535,0.8609625668449198,0.9893033828051878,0.9906160750713995,0.977319587628866,0.9851485148514851,0.8711656441717791
GSE250136,mast,celltype_single_cell,Slc25a5,0.583124593951736,0.05791578099006989,-0.37536925233020657,-0.1795687185209589,-0.23851375724949708,0.00631384123560922,0.9662027858485817,0.5361898148123374,0.03998277865834706,0.8622022558181307,0.013109755845154216,0.999854330950744,0.9355206543413022,0.9837481328310289,0.995500824812625,0.9446992176962503,0.9450486548368632,0.996309963099631,0.9098059779758784,0.6546762589928058,0.9490986214209968,0.9446022727272727,0.9953271028037384,0.8803894297635605,0.679144385026738,0.9469180371707447,0.944920440636475,0.9958762886597938,0.9017517136329017,0.6687116564417178
GSE250136,mast,celltype_single_cell,Sltm,0.12612785059372822,0.01881503737223067,-0.20444154616346344,-0.009225943579547646,-0.27860369981740885,0.2075378693930441,0.14783517218355727,0.03316008316428357,0.9768261479984806,0.23363286498261912,0.21457305140636762,0.9568423640428352,0.5056912682553245,0.9986810248541517,0.995500824812625,0.8384138117075802,0.8568975386376646,0.8856088560885609,0.8007341373885685,0.5035971223021583,0.8411983032873807,0.8295454545454546,0.7990654205607477,0.7983310152990264,0.44385026737967914,0.8398181575076882,0.8490412076703386,0.8474226804123711,0.8000761614623001,0.46932515337423314
GSE250136,mast,celltype_single_cell,Smap1,0.17697223672525397,0.2015206457929668,0.43207022661055494,0.10559598735262177,-0.05229715370886989,0.01681084859165745,0.04850870813696886,0.014177120539611263,0.3438883161596701,0.9423505990797852,0.023967386806803777,0.9568423640428352,0.34670254902591957,0.9837481328310289,0.9967258111793633,0.8176422983544646,0.8059530623926732,0.7380073800738007,0.7729417933927635,0.48201438848920863,0.8282078472958643,0.8082386363636364,0.8130841121495327,0.7955493741307371,0.48663101604278075,0.8229709854258591,0.806609547123623,0.7711340206185567,0.7791317593297792,0.48466257668711654
GSE250136,mast,celltype_single_cell,Smarca4,0.4001834174041261,0.11954964757216757,0.2944877695236525,0.1722333195011685,-0.17852478234334201,0.0020417401530108317,0.5623271492305044,0.42691692796042485,0.45054756171013155,0.7473064698809043,0.008849126187123925,0.9832753433879675,0.9252697612929077,0.9837481328310289,0.995500824812625,0.8559482060965741,0.86090440755581,0.8892988929889298,0.8515993707393812,0.3381294964028777,0.8586956521739131,0.8536931818181818,0.9065420560747663,0.8595271210013908,0.3850267379679144,0.8573338681641931,0.8588331293349654,0.8969072164948454,0.8537699923838538,0.36503067484662577
GSE250136,mast,celltype_single_cell,Smarca5,0.46785756038536075,0.3745566356794994,-5.238696306288954,0.23224099978780455,-0.023582120707214216,0.020985602263595297,0.1755330125703364,0.22452509554397976,0.5148963557945352,0.9886001837690243,0.028604328297691255,0.9568423640428352,0.8100556513485475,0.9837481328310289,0.9967258111793633,0.9705961694092258,0.9639381797366915,1,0.9334032511798637,0.7266187050359713,0.971898197242842,0.9602272727272727,0.9906542056074766,0.9346314325452016,0.7486631016042781,0.9712528412889424,0.9628722970216238,0.9958762886597938,0.9337395277989338,0.7392638036809815
GSE250136,mast,celltype_single_cell,Smarcc1,0.6874077838387738,0.31762344020220734,0.04713119279107758,0.2003940529806023,-0.5177334790833665,0.0026216161156540456,0.4022415546617128,0.9812760413441235,0.6272364244850527,0.5375344075173769,0.009328584011535645,0.9568423640428352,1,0.9879344995215968,0.995500824812625,0.9595360129484759,0.9553520320549513,0.948339483394834,0.9491347666491872,0.6618705035971223,0.961558854718982,0.953125,0.9392523364485982,0.9554937413073713,0.7005347593582888,0.9605562240941302,0.9547123623011016,0.9443298969072165,0.9508758568164509,0.6840490797546013
GSE250136,mast,celltype_single_cell,Smarcd1,0.27301241735695436,-0.049166299455110085,0.04143152486027013,0.0029708000146411173,-0.37994933232461525,0.003173914841549833,0.8730615947430469,0.9724034877948581,0.6344593710749669,0.29594144356977803,0.009859177048496056,0.9901382823531624,1,0.9879344995215968,0.995500824812625,0.8867008362557324,0.866056096164854,0.8413284132841329,0.86418458311484,0.6258992805755396,0.8886532343584306,0.8579545454545454,0.8411214953271028,0.8539638386648123,0.5935828877005348,0.8876855194544725,0.8637290901672786,0.8412371134020619,0.8613861386138614,0.6073619631901841
GSE250136,mast,celltype_single_cell,Smarce1,0.4385258771416729,-0.00801903197959497,-0.07919323435574999,0.02841774011876863,-0.43206995569544393,0.0013009444668923632,0.5667790807369365,0.033786864215963976,0.3737902413252511,0.4540103644001639,0.00809257869303529,0.9832753433879675,0.5062102112356708,0.9837481328310289,0.995500824812625,0.9301321823577017,0.9381797366914711,0.9114391143911439,0.9396958573675931,0.6618705035971223,0.9337221633085896,0.9232954545454546,0.8317757009345794,0.9276773296244785,0.6577540106951871,0.9319427730980078,0.9339045287637698,0.8762886597938144,0.9364051789794364,0.6595092024539877
GSE250136,mast,celltype_single_cell,Smc1a,0.3257211702888343,0.07203113585440235,-0.007312484289070831,0.06222628849771983,-0.34849493309081003,0.054262646778659655,0.8801431694554349,0.7440631579487086,0.5405763080951257,0.728438267577144,0.062201745434866236,0.9901382823531624,0.9964021960522161,0.9879344995215968,0.995500824812625,0.9417318586458052,0.9267315397824842,0.9446494464944649,0.9260618772941793,0.6834532374100719,0.9443266171792153,0.921875,0.9532710280373832,0.9179415855354659,0.6898395721925134,0.9430405134376254,0.9253365973072215,0.9484536082474226,0.9238385376999239,0.6871165644171779
GSE250136,mast,celltype_single_cell,Smc2,0.22896281126536921,0.0611669222243445,0.18121549014027316,0.01960711555457051,-0.46332464208395097,0.025537656629896408,0.6451107824417825,0.6664597507808563,0.6922809068953719,0.12118152562236564,0.033105173775849935,0.9832753433879675,0.9785166997544211,0.9879344995215968,0.995500824812625,0.8737523603992446,0.7853463079564968,0.9188191881918819,0.7876245411641322,0.5971223021582733,0.8825556733828208,0.796875,0.9112149532710281,0.8011126564673157,0.5347593582887701,0.8781922716940768,0.7886576907384741,0.9154639175257732,0.7913175932977913,0.5613496932515337
GSE250136,mast,celltype_single_cell,Smc3,0.34185798497086717,0.07189133551529503,0.5927233887027326,0.1699877795262088,-0.2459695742949446,0.023444270688490757,0.8044476756815054,0.027599965819426565,0.19018171313534277,0.5519289220219444,0.03123464456781764,0.9901382823531624,0.4621641335252998,0.9837481328310289,0.995500824812625,0.9333693013218236,0.9215798511734402,0.988929889298893,0.8961719979024646,0.6258992805755396,0.9292152704135737,0.9147727272727273,0.9813084112149533,0.9179415855354659,0.679144385026738,0.931274234523332,0.919624643002856,0.9855670103092784,0.9021325209444021,0.656441717791411
GSE250136,mast,celltype_single_cell,Smdt1,0.2396891504672065,0.16970957242501594,-0.1931771156577189,0.11731892686156264,-0.002805517349862452,0.042905775843478246,0.208297120988934,0.6518177857158385,0.6223048750819744,0.9858016484123808,0.050331775508695636,0.9568423640428352,0.9697776811869792,0.9879344995215968,0.9967258111793633,0.9155651470191529,0.9107040641099027,0.955719557195572,0.9087572102779234,0.6330935251798561,0.9154294803817603,0.9261363636363636,0.9392523364485982,0.9151599443671766,0.6577540106951871,0.915496724160984,0.9151366789065688,0.9484536082474226,0.9105102817974106,0.647239263803681
GSE250136,mast,celltype_single_cell,Sms,0.2991257129897771,0.05689739989754905,-0.7847625118271235,-0.14499799610735176,-0.48224396463607855,0.04172580179714641,0.6510641536904239,0.0054704820452634835,0.3938821613937002,0.34392852110271316,0.04908241699003173,0.9832753433879675,0.23740692495964352,0.9837481328310289,0.995500824812625,0.9382249797680065,0.9387521465369204,0.9704797047970479,0.9092815941269009,0.6402877697841727,0.9411452810180275,0.9303977272727273,0.9719626168224299,0.8970792767732962,0.6737967914438503,0.9396978205642466,0.9363525091799265,0.9711340206185567,0.905940594059406,0.6595092024539877
GSE250136,mast,celltype_single_cell,Snhg1,0.45171096862245186,0.1642119930153605,0.21058601380312458,0.06894460366178112,-0.4840478538443338,0.004926400022013616,0.09431519556657396,0.7489195914272894,0.9097202136290937,0.4259297056671616,0.011809580437081699,0.9568423640428352,0.9964021960522161,0.9986810248541517,0.995500824812625,0.9455084974372808,0.9210074413279908,0.974169741697417,0.9386470896696382,0.5827338129496403,0.9496288441145281,0.9446022727272727,0.9766355140186916,0.9429763560500696,0.6096256684491979,0.9475865757454205,0.9277845777233782,0.9752577319587629,0.9398324447829398,0.598159509202454
GSE250136,mast,celltype_single_cell,Snhg8,0.24270991166564881,0.14871817643783158,0.17580283135917396,0.07236640939272565,-0.027432749133347034,0.0012908453232931244,0.22451051810429573,0.1213966348771592,0.7078676253072206,0.6944411879458888,0.00809257869303529,0.9568423640428352,0.697433091786063,0.9879344995215968,0.995500824812625,0.8594550849743728,0.8506010303377218,0.7490774907749077,0.8159412690089145,0.4316546762589928,0.8674443266171792,0.8522727272727273,0.822429906542056,0.8261474269819193,0.4919786096256685,0.8634844230512101,0.8510811913504692,0.7814432989690722,0.8187357197258187,0.4662576687116564
GSE250136,mast,celltype_single_cell,Snrnp70,0.2864132253105458,-0.1448328179247249,-0.13843044063533627,0.1342231740242723,-0.3595395821436149,0.002706790553330192,0.5139204796785569,0.804163891644993,0.1674794147147438,0.5724451748568229,0.009430034720161925,0.9704799819659599,0.9980931199189546,0.9837481328310289,0.995500824812625,0.9136768276234152,0.9026903262736119,0.955719557195572,0.8710015731515469,0.5755395683453237,0.9130434782608695,0.8977272727272727,0.9392523364485982,0.8970792767732962,0.5775401069518716,0.9133574007220217,0.9012647898816809,0.9484536082474226,0.8781416603198782,0.5766871165644172
GSE250136,mast,celltype_single_cell,Snrpa,0.32692508819745747,0.014580945648941857,-0.1423902835850539,0.004782758437109624,-0.41437107482209834,0.0010600279761619126,0.46910742530439176,0.33693039089013427,0.9973204694136507,0.05225529565400295,0.007731863558109168,0.9568423640428352,0.900870965141245,0.9999362214546985,0.949991934657543,0.8683571621257081,0.862621637092158,0.948339483394834,0.8185631882538018,0.5827338129496403,0.8746023329798516,0.8778409090909091,0.9112149532710281,0.8191933240611962,0.4919786096256685,0.8715068859473192,0.8669930640554876,0.931958762886598,0.8187357197258187,0.5306748466257669
GSE250136,mast,celltype_single_cell,Snrpa1,0.261818133496019,0.05919655178600225,-0.75798114651373,0.029578303809789652,-0.154303239377668,0.0045856300575151925,0.8850468788654018,0.0035342758842618885,0.07928693625444555,0.6174019737319801,0.011526985429223802,0.9901382823531624,0.1775453885388031,0.9837481328310289,0.995500824812625,0.9128675478823847,0.9015455065827133,0.9704797047970479,0.875721027792344,0.6762589928057554,0.9072110286320254,0.9005681818181818,0.9392523364485982,0.847009735744089,0.6524064171122995,0.9100147078486429,0.9012647898816809,0.9567010309278351,0.8678598629093679,0.6625766871165644
GSE250136,mast,celltype_single_cell,Snrpb,0.8043877235258954,0.06272362797567776,0.04635116791448812,-0.0783129054856504,-0.0946501310247756,7.637645098155771e-4,0.9205003934857664,0.878437241620541,0.04901071949763966,0.9448261638316426,0.007156386446969428,0.9917690380429758,0.9989153187003222,0.9837481328310289,0.9967258111793633,0.9846236849204208,0.9839725243274184,0.977859778597786,0.9758783429470372,0.8057553956834532,0.9846235418875928,0.9815340909090909,0.9813084112149533,0.9596662030598053,0.8288770053475936,0.9846236127824576,0.9832721338229294,0.979381443298969,0.9714394516374715,0.8190184049079755
GSE250136,mast,celltype_single_cell,Snrpb2,0.311725720603929,0.0025696450427861173,-0.43191604699098507,0.06941902773203523,-0.4751721302009426,0.004065190095446441,0.43929083448626577,0.08993179298753029,0.4057931665677811,0.2329821694275488,0.01117469534174212,0.9568423640428352,0.6727049015887341,0.9837481328310289,0.995500824812625,0.8899379552198543,0.8815111619919863,0.8634686346863468,0.8453067645516518,0.5467625899280576,0.8905090137857901,0.8636363636363636,0.8411214953271028,0.866481223922114,0.5508021390374331,0.8902259660382404,0.8763769889840881,0.8536082474226804,0.8511043412033511,0.549079754601227
GSE250136,mast,celltype_single_cell,Snrpc,0.37383600346607304,0.09833833718170615,0.18116757459015043,0.08290915868252524,-0.28945096987941676,0.0038111675211580666,0.1404748749100262,0.40955253072366354,0.45118393422388786,0.518372724800852,0.010706371917990095,0.9568423640428352,0.9206871144167472,0.9837481328310289,0.995500824812625,0.934178581062854,0.9341728677733258,0.948339483394834,0.9166229680125852,0.6834532374100719,0.9262990455991517,0.9161931818181818,0.9672897196261683,0.9068150208623088,0.6631016042780749,0.9302045728038508,0.9290085679314566,0.9567010309278351,0.913937547600914,0.6717791411042945
GSE250136,mast,celltype_single_cell,Snrpd1,1.0626816465821403,0.26994398257678753,-0.8150549217027372,0.1682753034167348,-1.0888381891723231,0.006277771905691696,0.6673367866985058,0.34529680006911023,0.2255083838779426,0.11449487735613342,0.013108110531688774,0.9832753433879675,0.9094028565069193,0.9837481328310289,0.995500824812625,0.9964931211222012,0.9971379507727532,0.996309963099631,0.9916098584163607,0.9568345323741008,0.996288441145281,0.9957386363636364,0.9953271028037384,0.9860917941585535,0.93048128342246,0.9963898916967509,0.9967360261117911,0.9958762886597938,0.9900990099009901,0.941717791411043
GSE250136,mast,celltype_single_cell,Snrpd2,1.1662136306708195,0.5346865982978155,0.5650853103284614,0.05453380561517562,-0.38580081635994823,0.005735497773014892,0.15491448107447237,0.2688798102027555,0.04245756059041267,0.822255030098128,0.012731594971636541,0.9568423640428352,0.8797829805101655,0.9837481328310289,0.995500824812625,0.9983814405179391,0.9994275901545506,0.996309963099631,0.9989512323020451,0.9640287769784173,0.9978791092258749,0.9971590909090909,1,0.9944367176634215,0.9625668449197861,0.9981280919909079,0.9987760097919217,0.9979381443298969,0.9977151561309977,0.9631901840490797
GSE250136,mast,celltype_single_cell,Snrpd3,0.5367607044497875,-0.0747052514759945,-0.4286126112616655,0.02662894010324557,-0.4796619522474588,0.002603839257293539,0.8565286932828402,0.3368782693815998,0.9657598240964225,0.2542942510997657,0.009328584011535645,0.9901382823531624,0.900870965141245,0.9986810248541517,0.995500824812625,0.984353925006744,0.9845449341728678,0.977859778597786,0.9743051914001049,0.8273381294964028,0.9838282078472959,0.9857954545454546,0.9626168224299065,0.9777468706536857,0.8770053475935828,0.984088781922717,0.9849041207670338,0.9711340206185567,0.9752475247524752,0.8558282208588958
GSE250136,mast,celltype_single_cell,Snrpe,1.460607363987469,0.24616683960851482,-0.6997728036338486,0.47707117409866306,-0.5380398377382765,0.005738970308321461,0.6371199391708879,0.6368765471459741,0.443523320250962,0.781082638143348,0.012731594971636541,0.9832753433879675,0.966440990871839,0.9837481328310289,0.995500824812625,0.9991907202589695,0.9994275901545506,1,0.9989512323020451,0.9856115107913669,0.9997348886532343,1,1,1,0.983957219251337,0.9994651691402594,0.9995920032639739,1,0.9992383853769993,0.9846625766871165
GSE250136,mast,celltype_single_cell,Snrpf,0.8147618432991308,-0.21613664332268456,0.0904275704015074,-0.08172419307286205,-0.44277927594390754,0.003319491510989222,0.5731915203727017,0.9611188012433282,0.519955854147983,0.5419622518552675,0.010017122792879135,0.9832753433879675,1,0.9837481328310289,0.995500824812625,0.9970326409495549,0.9971379507727532,0.996309963099631,0.9921342422653382,0.9424460431654677,0.9957582184517497,0.9985795454545454,0.9953271028037384,0.9972183588317107,0.93048128342246,0.9963898916967509,0.9975520195838433,0.9958762886597938,0.9935262757044935,0.9355828220858896
GSE250136,mast,celltype_single_cell,Snrpg,2.036095526157066,-20.2272920546158,0.6355577703765611,-19.665042211678973,-0.010093369075409697,0.0023967650121338325,0.3220718170568843,0.7899250196075035,0.8595446439424588,0.7661886663351416,0.009080404934023211,0.9568423640428352,0.9977448358812655,0.9986810248541517,0.995500824812625,0.9997302400863232,1,1,1,0.9856115107913669,0.9997348886532343,1,1,1,0.9946524064171123,0.9997325845701297,1,1,1,0.99079754601227
GSE250136,mast,celltype_single_cell,Snu13,0.6278111451825934,0.07364086930162372,-0.4375653796329635,-0.008639890949679874,-0.11248658569336367,0.027262878533367025,0.7174508677627252,0.241049950923306,0.08082358480569513,0.7472840254771966,0.03480194060911127,0.9832753433879675,0.8402312575040952,0.9837481328310289,0.995500824812625,0.987591043970866,0.9896966227819118,0.996309963099631,0.9785002621919245,0.8345323741007195,0.9883351007423118,0.9857954545454546,1,0.9652294853963839,0.8716577540106952,0.9879663056558363,0.9885760913912689,0.9979381443298969,0.9748667174409749,0.8558282208588958
GSE250136,mast,celltype_single_cell,Snw1,0.43168432120001254,0.1581902349209825,-0.0023140685482103684,0.16843686717400175,-0.3974980571691962,0.0013699396447039585,0.3715283753200827,0.9591026193792432,0.241152220908183,0.44767115111833056,0.008225010715896245,0.9568423640428352,1,0.9837481328310289,0.995500824812625,0.90747234960884815,0.8912421293646251,0.9446494464944649,0.8820136339800734,0.5251798561151079,0.9146341463414634,0.8821022727272727,0.9345794392523364,0.9026425591098748,0.5561497326203209,0.9110843695681241,0.8886168910648715,0.9402061855670103,0.8876618431073877,0.5429447852760736
GSE250136,mast,celltype_single_cell,Snx6,0.10741921024122147,-0.0954190831511581,0.021939177078995176,0.13763617435072417,-4.7276490963943374e-4,0.08127324884650056,0.5710240855002362,0.10741545858799846,0.2909352119995161,0.49202595902053897,0.08921253793690422,0.9832753433879675,0.6743716767311836,0.9837481328310289,0.995500824812625,0.8707850013487995,0.8729250143102462,0.9077490774907749,0.8295752490823283,0.5107913669064749,0.8602863202545069,0.8579545454545454,0.8551401869158879,0.8289290681502086,0.5882352941176471,0.8654900387752373,0.868625050999592,0.8845360824742268,0.8293983244478293,0.5552147239263804
GSE250136,mast,celltype_single_cell,Sod1,0.05784886623221608,0.041048017268057624,-0.013964966150331382,0.04515982243204908,-0.2601829671427247,0.6706497731799165,0.7516102375242545,0.6742060254144399,0.644854222775492,0.6430791185617701,0.6745994184872187,0.9832753433879675,0.9785166997544211,0.9879344995215968,0.995500824812625,0.8098192608578365,0.81740125930166,0.966789667896679,0.7949659150498165,0.4676258992805755,0.8128313891834571,0.8267045454545454,0.9719626168224299,0.8108484005563282,0.47593582887700536,0.8113384142265009,0.8200734394124847,0.9690721649484536,0.7993145468392994,0.4723926380368098
GSE250136,mast,celltype_single_cell,Son,0.37876703818268087,0.13232456584357344,0.033799794534273175,0.13158777932022225,-1.0589263494137784,0.008100611520682819,0.5827746824447531,0.27331233414777656,0.7641594439249977,0.008935702538241474,0.014718983486517293,0.9832753433879675,0.8813021403261327,0.9917814059452097,0.6547036535613597,0.9830051254383598,0.979965655409273,0.974169741697417,0.9769271106449922,0.8705035971223022,0.9782608695652174,0.984375,0.9906542056074766,0.980528511821975,0.8074866310160428,0.980612381334403,0.9812321501427989,0.9814432989690721,0.9779131759329779,0.8343558282208589
GSE250136,mast,celltype_single_cell,Sox11,1.4359540683929968,0.579029218344111,0.20686584405249242,0.9235078351666441,-1.3656586767016954,0.0010876244186947004,0.4454467695426732,0.7318101575027463,0.13678520174091413,0.395519070964009,0.00779843759966462,0.9568423640428352,0.9964021960522161,0.9837481328310289,0.995500824812625,0.9884003237118965,0.9925586720091586,0.5830258302583026,0.9937073938122706,0.6618705035971223,0.9915164369034994,0.9914772727272727,0.6121495327102804,0.9958275382475661,0.6898395721925134,0.9899719213798637,0.9922480620155039,0.5958762886597938,0.9942878903274943,0.6779141104294478
GSE250136,mast,celltype_single_cell,Sox4,0.49154906951022337,0.2823225707731165,-0.1111451708654565,0.6096635906615919,-0.18471615482277803,0.12330748727172483,0.4719013524856487,0.8758658818160123,0.07653369967706909,0.8468135214418372,0.1304889642255923,0.9568423640428352,0.9989153187003222,0.9837481328310289,0.995500824812625,0.9109792284866469,0.8637664567830566,0.3837638376383764,0.9344520188778186,0.43884892086330934,0.9074761399787911,0.875,0.40654205607476634,0.9471488178025035,0.48128342245989303,0.9092124615590319,0.8669930640554876,0.3938144329896907,0.9379284082254379,0.46319018404907975
GSE250136,mast,celltype_single_cell,Spcs2,0.3959477906666158,-0.023451824020777945,0.2457542594037294,0.03393434957181807,-0.414023322825142,0.0032633810503609156,0.6378150023119065,0.10812950249418869,0.6785718972758047,0.33556781897888055,0.009917891163730328,0.9832753433879675,0.6743716767311836,0.9879344995215968,0.995500824812625,0.9336390612355004,0.9307384087006296,0.9003690036900369,0.8998426848453067,0.5035971223021583,0.936373276776246,0.9176136363636364,0.9439252336448598,0.8915159944367177,0.5614973262032086,0.9350180505415162,0.926968584251326,0.9195876288659793,0.8975628332063975,0.5368098159509203
GSE250136,mast,celltype_single_cell,Srp14,0.14673312069550848,0.13726143366112575,-0.11373410240556003,0.13461341031867624,-0.2626133116358951,0.010040634184658446,0.24289475857277987,0.8325379485276592,0.2378261814626567,0.268512460873238,0.01661763874747735,0.9568423640428352,0.9989153187003222,0.9837481328310289,0.995500824812625,0.8632317237658484,0.8563251287922152,0.9261992619926199,0.7939171473518616,0.5035971223021583,0.8478260869565217,0.8465909090909091,0.9112149532710281,0.8191933240611962,0.44919786096256686,0.8554619601551009,0.8535291717666259,0.9195876288659793,0.8008377760853008,0.4723926380368098
GSE250136,mast,celltype_single_cell,Srp19,0.13388392520907466,-0.08671510577567343,-0.13965637078764903,0.09949797960216156,0.22784522366498594,0.14696720104215888,0.3617124780709399,0.7380787813179115,0.36203498916581556,0.6958990155050374,0.15377260393267278,0.9568423640428352,0.9964021960522161,0.9837481328310289,0.995500824812625,0.9204208254653359,0.9004006868918145,0.8819188191881919,0.8720503408495018,0.6474820143884892,0.9130434782608695,0.9105113636363636,0.8598130841121495,0.8609179415855355,0.679144385026738,0.9167000935954005,0.9033047735618115,0.8721649484536083,0.869002284843869,0.6656441717791411
GSE250136,mast,celltype_single_cell,Srp9,0.3144105066075191,0.105842741340199,-0.1780074543985446,0.06963259162202196,-0.21692134179272582,0.002170638624962821,0.13705820855268513,0.5315704103679039,0.7751652711823614,0.43261350672839244,0.008912141277491582,0.9568423640428352,0.9355206543413022,0.9955254664505058,0.995500824812625,0.9055840302131103,0.8820835718374356,0.9446494464944649,0.8877818563188253,0.5179856115107914,0.9074761399787911,0.90625,0.9158878504672897,0.8873435326842837,0.5828877005347594,0.9065383072603289,0.8890248878008976,0.931958762886598,0.8876618431073877,0.5552147239263804
GSE250136,mast,celltype_single_cell,Srpk1,0.22173986472310103,0.09256673327415665,0.12387020720279862,-0.14720575425255378,0.05543822815138322,0.01169221333629124,0.6091946209791183,0.3808289508969438,0.05439351961539969,0.6353276921878818,0.018559758715971594,0.9832753433879675,0.9094028565069193,0.9837481328310289,0.995500824812625,0.835716212570812,0.8133943903835146,0.922509225092251,0.7414787624541164,0.4460431654676259,0.8385471898197243,0.8096590909090909,0.9018691588785047,0.6995827538247567,0.5133689839572193,0.8371440032089852,0.8123215014279885,0.9134020618556701,0.73000761614623,0.48466257668711654
GSE250136,mast,celltype_single_cell,Srrm1,0.5778230300604843,0.17596809829693605,0.021753830904290616,0.31410654201816435,-0.015970200432167125,0.004379689506812448,0.7221247900722367,0.996378707909382,0.363912107197298,0.5444563951810445,0.011458839612597436,0.9832753433879675,1,0.9837481328310289,0.995500824812625,0.9811168060426221,0.9748139668002289,0.996309963099631,0.967488201363398,0.8201438848920863,0.9772004241781548,0.9758522727272727,0.9953271028037384,0.9694019471488178,0.8716577540106952,0.9791415964701163,0.9751121991024072,0.9958762886597938,0.968012185833968,0.8496932515337423
GSE250136,mast,celltype_single_cell,Srrm2,0.9029571772121052,-0.03294035787128102,0.43569042712189976,0.06679775445731195,-0.7832582106303487,0.003441351491624375,0.9948066303936391,0.7054695235398676,0.977931987350663,0.487346424334972,0.010243281525566998,0.999854330950744,0.9882506518174107,0.9986810248541517,0.995500824812625,0.9964931211222012,0.9937034917000572,1,0.9916098584163607,0.8992805755395683,0.9968186638388123,0.9928977272727273,1,0.9930458970792768,0.893048128342246,0.9966573071266213,0.9934720522235823,1,0.992003046458492,0.8957055214723927
GSE250136,mast,celltype_single_cell,Srsf1,0.4764612536298727,0.08425750054582615,0.0447469776101439,0.0337853399942909,0.19437042679655736,6.297868478275827e-5,0.7849742769535251,0.5067847551887501,0.14168793598803242,0.7876187747752283,0.005907296612793457,0.9887434107939682,0.9355206543413022,0.9837481328310289,0.995500824812625,0.9088211491772322,0.8912421293646251,0.8708487084870848,0.8610382800209754,0.5323741007194245,0.922322375397667,0.8863636363636364,0.897196261682243,0.8358831710709318,0.5401069518716578,0.9156304318759192,0.8898408812729498,0.8824742268041237,0.8541507996953541,0.5368098159509203
GSE250136,mast,celltype_single_cell,Srsf10,0.3332006761587598,0.16259505457767442,0.2750600753960226,-0.05900973226393713,0.04058420225082848,0.03166700609588924,0.053240712100405235,0.6032144571470928,0.8755499798421369,0.4321509772518558,0.039023987310085724,0.9568423640428352,0.9636030410824716,0.9986810248541517,0.995500824812625,0.9560291340706771,0.9456210646823126,0.974169741697417,0.9313057157839538,0.6187050359712231,0.9557264050901378,0.9232954545454546,0.9719626168224299,0.9290681502086231,0.6951871657754011,0.9558764540713999,0.9392084863321093,0.9731958762886598,0.9306930693069307,0.6625766871165644
GSE250136,mast,celltype_single_cell,Srsf11,0.4081734248758302,0.01641507876349646,-0.1938810135939164,-0.02791631467458533,0.13719188423495332,0.029333634366655262,0.4703650092738443,0.523996010509956,0.9898930179402071,0.7528488549664238,0.03673554891543021,0.9568423640428352,0.9355206543413022,0.9986810248541517,0.995500824812625,0.9735635284596709,0.976531196336577,0.977859778597786,0.945464079706345,0.6906474820143885,0.971102863202545,0.9673295454545454,0.985981308411215,0.9471488178025035,0.7379679144385026,0.9723225030084236,0.9738882088943288,0.9814432989690721,0.945925361766946,0.7177914110429447
GSE250136,mast,celltype_single_cell,Srsf2,0.8934709525799285,0.26377603419573337,-0.15874695977645814,0.05701468777206031,-0.12548012288276666,0.007589053032509075,0.0459485056739817,0.9426795998266535,0.9450045645886362,0.6439560121883255,0.014122795737924833,0.9568423640428352,1,0.9986810248541517,0.995500824812625,0.9894793633666037,0.9851173440183171,0.992619926199262,0.9690613529103304,0.7338129496402878,0.98966065747614,0.9701704545454546,0.9906542056074766,0.9735744089012517,0.786096256684492,0.9895707982350581,0.9808241534067728,0.9917525773195877,0.9702970297029703,0.7638036809815951
GSE250136,mast,celltype_single_cell,Srsf3,1.90644641254862,0.0734693610639674,-2.855315127708346,0.2396446974219586,-0.6638441645489941,0.001568118682465462,0.9793541272950317,0.40276806253320624,0.907335348838088,0.6945507723825629,0.008318099080287902,0.999854330950744,0.917237134408955,0.9986810248541517,0.995500824812625,0.9975721607769086,0.9988551803091014,1,0.9958049292081804,0.9784172661870504,0.9978791092258749,0.9985795454545454,1,0.9972183588317107,0.9732620320855615,0.9977269688461025,0.9987760097919217,1,0.9961919268849961,0.9754601226993865
GSE250136,mast,celltype_single_cell,Srsf5,0.5163735820471604,0.3174715827170882,0.05373132280099746,0.20026344612618274,-0.2432188818614085,0.0019247417092556232,0.20403920889429727,0.8141232014659908,0.5235541099502578,0.49159292566043644,0.008849126187123925,0.9568423640428352,0.9989153187003222,0.9837481328310289,0.995500824812625,0.9649312112220124,0.9645105895821409,0.988929889298893,0.9501835343471421,0.7122302158273381,0.9652704135737009,0.9630681818181818,0.9813084112149533,0.9554937413073713,0.7700534759358288,0.9651022864019254,0.9640962872297022,0.9855670103092784,0.9516374714394517,0.745398773006135
GSE250136,mast,celltype_single_cell,Srsf6,0.5198106955517128,0.007983933255754305,0.08682714809087111,0.11483531354424947,-0.26243565833941584,8.370711131958166e-6,0.18612869790438225,0.6239356081998622,0.3912853992309779,0.7105351002330498,0.00519821067832161,0.9568423640428352,0.966440990871839,0.9837481328310289,0.995500824812625,0.9034259509036957,0.9261591299370349,0.955719557195572,0.9229155742003147,0.5107913669064749,0.9225874867444327,0.9048295454545454,0.9392523364485982,0.9165507649513213,0.5454545454545454,0.9130899852921514,0.920032639738882,0.9484536082474226,0.9211728865194212,0.5306748466257669
GSE250136,mast,celltype_single_cell,Srsf7,0.9363279758072505,0.38833808107325396,-6.64082906544615,0.1685494424310905,-0.008861981674779251,8.853938664545782e-4,0.32418361384274147,0.16034592373575846,0.47736001265042827,0.6287312621820693,0.007156386446969428,0.9568423640428352,0.7607523270574318,0.9837481328310289,0.995500824812625,0.9873212840571891,0.9793932455638237,1,0.9743051914001049,0.7769784172661871,0.9840933191940615,0.9829545454545454,0.9906542056074766,0.9694019471488178,0.8288770053475936,0.9856932745019388,0.9804161566707467,0.9958762886597938,0.9729626808834729,0.8067484662576687
GSE250136,mast,celltype_single_cell,Srsf9,0.29081979614764153,0.0658923734135497,-0.021874503529109912,-0.04379217537325264,-0.4077763584044729,0.007950919333466297,0.4876331516403736,0.9258360521291992,0.9322655314761596,0.22133601766105673,0.014539796811092543,0.9659271527507931,1,0.9986810248541517,0.995500824812625,0.8956029134070677,0.8889524899828277,0.9077490774907749,0.8657577346617724,0.5539568345323741,0.9005832449628844,0.9034090909090909,0.9112149532710281,0.8650904033379694,0.5080213903743316,0.8981147212194144,0.8931048551611587,0.9092783505154639,0.8655750190403656,0.5276073619631901
GSE250136,mast,celltype_single_cell,Ssb,0.7014556224159989,0.09491202501639506,0.13869240326151822,-0.04693729227254373,-0.36893553999104967,0.004471258423836061,0.634278991480261,0.6539396768932857,0.4808565341062649,0.6420458953052597,0.011501369560108422,0.9832753433879675,0.9712425809858539,0.9837481328310289,0.995500824812625,0.9913676827623416,0.9902690326273612,0.985239852398524,0.9847928683796539,0.9280575539568345,0.9931071049840933,0.9857954545454546,0.9906542056074766,0.980528511821975,0.9197860962566845,0.9922449525337612,0.988984088127295,0.9876288659793815,0.9836252856054837,0.9233128834355828
GSE250136,mast,celltype_single_cell,Ssbp1,0.3473413351257508,-0.00676510139569908,-0.1776864400414886,0.051339496396637596,0.01623842589313229,0.0053714698801460075,0.3550333910785601,0.18622069312585285,0.7770827491312109,0.2689692314542432,0.012190975472250998,0.9568423640428352,0.7693061183527152,0.9955254664505058,0.995500824812625,0.9101699487456164,0.9204350314825415,0.8966789667896679,0.869952805453592,0.5971223021582733,0.9130434782608695,0.9019886363636364,0.9252336448598131,0.8650904033379694,0.6898395721925134,0.9116192004278647,0.9151366789065688,0.9092783505154639,0.8686214775323686,0.6503067484662577
GSE250136,mast,celltype_single_cell,Ssr2,0.20202487209585285,0.030847685865613927,-0.4022611952096431,0.07791958030899337,0.05191866857687377,0.009591977207662748,0.9466162885019481,0.14636268152325443,0.6897282240287987,0.8325924131648257,0.016182596682938283,0.999854330950744,0.7459526657875278,0.9879344995215968,0.995500824812625,0.8254653358510925,0.8111047510017172,0.959409594095941,0.8321971683272156,0.3237410071942446,0.8303287380699894,0.8125,0.9205607476635514,0.8358831710709318,0.32085561497326204,0.8279181708784596,0.8115055079559363,0.9422680412371134,0.8332063975628332,0.3220858895705521
GSE250136,mast,celltype_single_cell,Ssr3,0.1590240418637583,0.1871167949117032,-0.2546834852760196,0.0517664892344627,-0.23157445804620647,0.04334673942090586,0.09967585458539667,0.2944756754196155,0.8094922989523524,0.7063273735897416,0.05070974721295014,0.9568423640428352,0.8825175240592783,0.9986810248541517,0.995500824812625,0.8227677367143242,0.819118488838008,0.7380073800738007,0.8133193497640273,0.35251798561151076,0.8237009544008483,0.84375,0.6869158878504673,0.8136300417246175,0.35294117647058826,0.8232384008557294,0.8261933904528764,0.7154639175257732,0.8134044173648134,0.35276073619631904
GSE250136,mast,celltype_single_cell,Ssrp1,0.5651834856722378,0.10170697940561713,0.30252737474138414,0.2276619282507193,-0.48550067590350476,0.0029688300256661996,0.8275036389916582,0.6759810021102026,0.17536056555012589,0.32210511263023534,0.009691412050635213,0.9901382823531624,0.9785166997544211,0.9837481328310289,0.995500824812625,0.9554896142433235,0.9404693760732684,0.959409594095941,0.912952281069743,0.539568345323741,0.961558854718982,0.9431818181818182,0.9579439252336449,0.933240611961057,0.6096256684491979,0.958550608370103,0.9412484700122399,0.9587628865979382,0.9185072353389185,0.5797546012269938
GSE250136,mast,celltype_single_cell,St13,0.44449881309871664,-0.05622177618900004,0.11619942965617014,0.14600556477937143,0.05383752328818847,0.0039004153818574167,0.9383722925364721,0.9666272638688013,0.7247598372325581,0.3383027579635105,0.010850015427056136,0.9992785980696307,1,0.9879344995215968,0.995500824812625,0.9794982465605611,0.9759587864911277,1,0.9748295752490823,0.7985611510791367,0.9732237539766702,0.9730113636363636,1,0.9749652294853964,0.8663101604278075,0.9763337344564781,0.9751121991024072,1,0.9748667174409749,0.8374233128834356
GSE250136,mast,celltype_single_cell,Stip1,0.32380913708937653,0.06102160127717049,-0.24454274372830298,0.01457618548893791,0.007111616668403542,6.575980798226554e-4,0.5571789093874139,0.33967265898768256,0.45721713280726006,0.6477988148623871,0.006933194569982071,0.9832753433879675,0.900870965141245,0.9837481328310289,0.995500824812625,0.8804963582411653,0.8723526044647968,0.9704797047970479,0.8023072889355007,0.4748201438848921,0.8907741251325557,0.8849431818181818,0.9392523364485982,0.7844228094575799,0.5401069518716578,0.8856799037304453,0.875968992248062,0.9567010309278351,0.7974105102817974,0.5122699386503068
GSE250136,mast,celltype_single_cell,Stmn1,0.916462173461686,0.3344223426462385,0.13739255913954018,0.0724362109413379,-0.8141433965667133,0.010421282386705654,0.4728193177925878,0.9668741740463511,0.9776055262988984,0.4035756152814323,0.017147929013962677,0.9568423640428352,1,0.9986810248541517,0.995500824812625,0.9913676827623416,0.9885518030910132,0.985239852398524,0.9916098584163607,0.8992805755395683,0.9907211028632026,0.9914772727272727,0.9813084112149533,0.9930458970792768,0.893048128342246,0.9910415830993449,0.9893920848633211,0.9835051546391752,0.992003046458492,0.8957055214723927
GSE250136,mast,celltype_single_cell,Strap,0.17332933820519392,-0.1509755409822846,-0.20184765141275918,-0.12800636973837776,-0.06499263892634444,0.08983692449966911,0.4181784192300746,0.4637159854635179,0.019059760471168096,0.5137373373572416,0.09773341850027696,0.9568423640428352,0.9355206543413022,0.9837481328310289,0.995500824812625,0.8813056379821959,0.884373211219233,0.8450184501845018,0.8474042999475616,0.4676258992805755,0.8756627783669141,0.8707386363636364,0.8504672897196262,0.8052851182197497,0.5401069518716578,0.8784596871239471,0.8804569563443493,0.8474226804123711,0.8358720487433359,0.50920245398773
GSE250136,mast,celltype_single_cell,Stub1,0.20182389730942818,0.08011333076201099,0.04219650928073504,0.03501111233998033,-0.03713787324829809,0.023057129840394826,0.7090527092072586,0.7612118576992,0.9021279923881877,0.8215760482956634,0.030815006077773367,0.9832753433879675,0.9964021960522161,0.9986810248541517,0.995500824812625,0.8751011599676288,0.8506010303377218,0.948339483394834,0.8290508652333508,0.5251798561151079,0.8655885471898197,0.8579545454545454,0.9345794392523364,0.8358831710709318,0.5721925133689839,0.8703035165129028,0.8527131782945736,0.9422680412371134,0.8309215536938309,0.5521472392638037
GSE250136,mast,celltype_single_cell,Sub1,0.8113669030694233,-8.22376828282114,NA,-0.13878564611567867,-0.34846554218244385,0.008718783614367983,0.05292937019200301,0.7232174159294193,0.5580939938685143,0.7458284383129447,0.015237455462015687,0.9568423640428352,0.9964021960522161,0.9879344995215968,0.995500824812625,0.9956838413811707,1,1,0.9958049292081804,0.935251798561151,0.9965535524920467,0.9971590909090909,1,0.9986091794158554,0.93048128342246,0.9961224762668806,0.9991840065279478,1,0.9965727341964966,0.9325153374233128
GSE250136,mast,celltype_single_cell,Sumo1,0.4904982760844838,0.2481444547469378,-0.482065141770029,0.24743845708516155,-0.29292087609315587,0.01768340950663648,0.4376214588305609,0.15188416157521245,0.3956280044434396,0.7043497338923795,0.02500270152097277,0.9568423640428352,0.7510143057753815,0.9837481328310289,0.995500824812625,0.9665497707040733,0.9668002289639381,0.981549815498155,0.9533298374410069,0.7338129496402878,0.9655355249204666,0.9644886363636364,0.9532710280373832,0.96105702364395,0.7272727272727273,0.9660382404064715,0.9661362709098327,0.9690721649484536,0.9554455445544554,0.7300613496932515
GSE250136,mast,celltype_single_cell,Sumo2,2.0698938302368948,0.6845892597826353,-14.476048596776531,-0.004411592407752352,-1.5806651027658134,7.052223622197746e-4,0.29809199302286793,0.9379703905253627,0.5384990001644749,0.1033264098765469,0.007156386446969428,0.9568423640428352,1,0.9879344995215968,0.995500824812625,0.9983814405179391,0.9988551803091014,1,0.9984268484530676,0.9928057553956835,0.9997348886532343,1,1,1,0.9732620320855615,0.999064045995454,0.9991840065279478,1,0.9988575780654989,0.9815950920245399
GSE250136,mast,celltype_single_cell,Sumo3,0.29000435045270745,0.10498672922127383,0.21607636484914217,0.1902673648450719,-0.23206633831128354,0.0029810838945529593,0.27373206768777514,0.08915661321262351,0.21697427368724223,0.6422643352054372,0.009691412050635213,0.9568423640428352,0.6727049015887341,0.9837481328310289,0.995500824812625,0.8608038845427569,0.8511734401831712,0.8487084870848709,0.7991609858416361,0.5035971223021583,0.86983032873807,0.8721590909090909,0.9065420560747663,0.8122392211404729,0.5294117647058824,0.8653563310603022,0.8572011423908609,0.8742268041237113,0.8027418126428028,0.5184049079754601
GSE250136,mast,celltype_single_cell,Supt16,0.555887336282197,0.18573786489123112,0.3301514300506492,0.31176192192361807,-0.40105208991847885,0.09000995652065519,0.2522914400006892,0.877883829974833,0.583856427139927,0.5704939604303713,0.09779707744101722,0.9568423640428352,0.9989153187003222,0.9879344995215968,0.995500824812625,0.9838144051793903,0.9811104751001717,1,0.9722076560041951,0.841726618705036,0.9838282078472959,0.9886363636363636,1,0.9763560500695411,0.8235294117647058,0.9838213664928467,0.9832721338229294,1,0.9733434881949733,0.8312883435582822
GSE250136,mast,celltype_single_cell,Swi5,0.5655799341239867,0.42115920257907646,-0.4774405277322744,0.33026873877806295,-0.6649425490941754,7.355621459281691e-4,0.09211149612245707,0.31131863683787103,0.219523594117328,0.011004734394595197,0.007156386446969428,0.9568423640428352,0.8951721072711847,0.9837481328310289,0.6547036535613597,0.9789587267332075,0.976531196336577,0.992619926199262,0.9648662821185108,0.841726618705036,0.9742841993637328,0.9758522727272727,0.9906542056074766,0.9694019471488178,0.7486631016042781,0.9766011498863485,0.9763361893104855,0.9917525773195877,0.9661081492764662,0.7883435582822086
GSE250136,mast,celltype_single_cell,Syncrip,0.2859419177614213,-0.06931446423117826,-0.37708042277874076,0.10470745079341492,-0.9267042909674537,0.005191813432052337,0.7996316117837712,0.07312710444979452,0.7073240062734591,2.899044532146649e-4,0.011950966768120472,0.9901382823531624,0.6183222495061834,0.9879344995215968,0.12378920152266192,0.8926355543566226,0.8786491127647396,0.9188191881918819,0.8730991085474568,0.5539568345323741,0.9040296924708378,0.8678977272727273,0.8504672897196262,0.8817802503477051,0.40641711229946526,0.8983821366492847,0.8755609955120359,0.8886597938144329,0.8754760091393755,0.46932515337423314
GSE250136,mast,celltype_single_cell,Taf10,0.2490293548863871,0.1082774456398754,-0.3774822810495788,0.2095842415200293,-0.32325890519966727,0.06158294033144321,0.6319080281637023,0.26634652909022916,0.25206657150642475,0.5966719236093784,0.06947401722992404,0.9832753433879675,0.8797829805101655,0.9837481328310289,0.995500824812625,0.9403830590774211,0.9175729822552948,0.959409594095941,0.891976927110645,0.5971223021582733,0.9361081654294804,0.9119318181818182,0.9485981308411215,0.8887343532684284,0.5989304812834224,0.9382270356999599,0.915952672378621,0.954639175257732,0.8910891089108911,0.598159509202454
GSE250136,mast,celltype_single_cell,Taf1d,0.3712670684736863,-0.08103495855721832,-0.06566734801523788,0.023354527191834507,-0.273289877421683,0.0019307904094536814,0.578487456587605,0.20111109650365971,0.5873540409218245,0.5706564791340529,0.008849126187123925,0.9832753433879675,0.7701743336956296,0.9879344995215968,0.995500824812625,0.9374157000269759,0.9261591299370349,0.985239852398524,0.9150498164656529,0.6906474820143885,0.9448568398727466,0.9119318181818182,0.9626168224299065,0.9276773296244785,0.6737967914438503,0.9411686054285332,0.9220726234190126,0.9752577319587629,0.9185072353389185,0.6809815950920245
GSE250136,mast,celltype_single_cell,Tardbp,0.3909759831708519,0.04605659273361251,-0.280900850441828,0.15210972057221728,-0.3807538628907632,0.002487401891138975,0.9123226958364519,0.5314880606924981,0.26599793020738455,0.5765193569807393,0.00911377984966159,0.9917690380429758,0.9355206543413022,0.9837481328310289,0.995500824812625,0.8969517129754518,0.8883800801373783,0.915129151291513,0.86418458311484,0.4460431654676259,0.897136797454931,0.890625,0.8925233644859814,0.8525730180806675,0.48128342245989303,0.8970450594999332,0.8890248878008976,0.9051546391752577,0.861005331302361,0.4662576687116564
GSE250136,mast,celltype_single_cell,Tax1bp1,0.08317528315969813,-0.16649943425307767,0.11829822386344224,-0.006465046805925079,-0.45130988970378505,0.4720577557706823,0.24455920952898813,0.7302609725783448,0.6026611337794637,0.1474465109250447,0.4782174655138348,0.9568423640428352,0.9964021960522161,0.9879344995215968,0.995500824812625,0.8092797410304828,0.8471665712650257,0.9114391143911439,0.8285264813843733,0.4676258992805755,0.8144220572640509,0.8309659090909091,0.9065420560747663,0.8150208623087621,0.49732620320855614,0.8118732450862415,0.8425132598939209,0.9092783505154639,0.8248286367098249,0.48466257668711654
GSE250136,mast,celltype_single_cell,Tbca,0.30003742783886667,-0.008414047199627905,-0.28433076139671876,-0.03707011075795297,0.171414139220333,0.10489562781205054,0.9829289212199381,0.548643869608137,0.9248785812074216,0.7727968072630022,0.11239757359032769,0.999854330950744,0.9408021633683613,0.9986810248541517,0.995500824812625,0.9552198543296466,0.9788208357183743,0.915129151291513,0.9601468274777137,0.6834532374100719,0.954931071049841,0.9772727272727273,0.897196261682243,0.9638386648122392,0.7272727272727273,0.955074207781789,0.9783761729906161,0.9072164948453608,0.9611576542269612,0.7085889570552147
GSE250136,mast,celltype_single_cell,Tbl1x,0.21272507785097172,0.02801322478556978,0.03599810703625206,-0.01751285180338069,-0.12179881995931963,0.012253924944395232,0.8684539834467193,0.9414580486436664,0.9599060410522933,0.862320340387342,0.019131356311724915,0.9901382823531624,1,0.9986810248541517,0.995500824812625,0.8392230914486107,0.8385804235832857,0.7785977859778598,0.8101730466701625,0.3669064748201439,0.8351007423117709,0.8309659090909091,0.7850467289719626,0.8136300417246175,0.3689839572192513,0.8371440032089852,0.8363933088535291,0.7814432989690722,0.8111195734958111,0.36809815950920244
GSE250136,mast,celltype_single_cell,Tcea1,0.1817358232975117,0.06366992300860952,0.2296753207170501,0.08936500249260648,0.01458551365148697,0.002502777981369094,0.7582833482853784,0.5095165202527862,0.525907916487089,0.9289545908808373,0.00911377984966159,0.9832753433879675,0.9355206543413022,0.9837481328310289,0.9967258111793633,0.854329646614513,0.8471665712650257,0.959409594095941,0.8075511274252754,0.5899280575539568,0.8716861081654295,0.8465909090909091,0.9719626168224299,0.808066759388039,0.5935828877005348,0.8630832999064046,0.847001223990208,0.9649484536082474,0.8076923076923077,0.5920245398773006
GSE250136,mast,celltype_single_cell,Tceal8,0.23268530568979306,-0.021223020868082365,-0.4053027139942249,-0.002225420120331556,0.02758198649970156,0.059118442244492156,0.6855727164384912,0.04381903218838155,0.9909610044497827,0.4482604010174617,0.06687039692290901,0.9832753433879675,0.5286593506879735,0.9986810248541517,0.995500824812625,0.8724035608308606,0.8763594733829422,0.8154981549815498,0.7949659150498165,0.5107913669064749,0.8647932131495228,0.8636363636363636,0.7289719626168224,0.7969401947148818,0.5935828877005348,0.8685653162187458,0.8727050183598531,0.777319587628866,0.7955064737242955,0.558282208588957
GSE250136,mast,celltype_single_cell,Tceal9,0.5450384896625442,0.30029400129787653,0.06670619272813738,0.26549861838371935,-0.33286143759079767,0.009979225913746502,0.366802861106197,0.761267710459016,0.21082609290183205,0.6283893491019187,0.016564482677908998,0.9568423640428352,0.9964021960522161,0.9837481328310289,0.995500824812625,0.9638521715673051,0.9690898683457355,0.966789667896679,0.9496591504981646,0.7769784172661871,0.9623541887592789,0.9659090909090909,0.9766355140186916,0.96105702364395,0.7647058823529411,0.9630966706778982,0.9681762545899633,0.9711340206185567,0.9527798933739527,0.7699386503067485
GSE250136,mast,celltype_single_cell,Tcerg1,0.35636749520366306,-0.0021601239911284154,-0.23631138610211888,0.12821227088961962,0.007781143559646431,5.2142677854919e-4,0.6936137514855722,0.2985547397676541,0.4100600962062335,0.8056428385982719,0.006933194569982071,0.9832753433879675,0.8825175240592783,0.9837481328310289,0.995500824812625,0.9018073914216348,0.9021179164281625,0.9114391143911439,0.86418458311484,0.48201438848920863,0.9167550371155886,0.8892045454545454,0.9252336448598131,0.8817802503477051,0.5347593582887701,0.909346169273967,0.8984088127294981,0.9175257731958762,0.869002284843869,0.5122699386503068
GSE250136,mast,celltype_single_cell,Tcf25,0.180612324612496,0.11573059985345635,0.11542222089139464,0.09672663781087576,-0.03167160869984187,0.008612665151843259,0.41653381679390405,0.5359918796022055,0.5413727325924821,0.7495878792463483,0.015165393896235346,0.9568423640428352,0.9355206543413022,0.9879344995215968,0.995500824812625,0.813865659562989,0.7830566685746995,0.8966789667896679,0.8028316727844782,0.460431654676259,0.8141569459172853,0.7855113636363636,0.9205607476635514,0.8094575799721836,0.5133689839572193,0.8140125685252039,0.7837617299061608,0.9072164948453608,0.8046458492003047,0.49079754601226994
GSE250136,mast,celltype_single_cell,Tcf4,0.23394496353912952,0.043953359916080625,0.17281775315195524,0.1049847780572537,-0.5566633268710062,0.03473838445499183,0.962656981432309,0.6779646045999145,0.742428479072178,0.16813606457542143,0.04238082903509004,0.999854330950744,0.9785166997544211,0.9883062072638981,0.995500824812625,0.9104397086592932,0.9307384087006296,0.7158671586715867,0.9423177766124803,0.5467625899280576,0.9029692470837752,0.9289772727272727,0.6869158878504673,0.9429763560500696,0.4919786096256685,0.9066720149752641,0.9302325581395349,0.7030927835051546,0.9424980959634425,0.5153374233128835
GSE250136,mast,celltype_single_cell,Tcp1,0.550227778166164,0.269394755560576,-0.11554424512319095,0.260613354221336,-0.4474715871511963,0.028638904920255646,0.31623765844782253,0.5702009403256101,0.5111012980713876,0.6783029179781388,0.03607319292315387,0.9568423640428352,0.9462019179003764,0.9837481328310289,0.995500824812625,0.9803075263015916,0.9776760160274757,0.996309963099631,0.9811221814368117,0.7913669064748201,0.9795864262990456,0.9701704545454546,0.985981308411215,0.9860917941585535,0.8074866310160428,0.9799438427597272,0.9755201958384333,0.9917525773195877,0.9824828636709825,0.8006134969325154
GSE250136,mast,celltype_single_cell,Tead2,0.40622284299757583,-0.07726420812166745,-0.1252454169875712,-0.07156500298449986,-0.48116196264407907,6.431198777686574e-4,0.37858818812385314,0.7914537587051865,0.8187879408991701,0.04496123461430174,0.006933194569982071,0.9568423640428352,0.9977448358812655,0.9986810248541517,0.9105107534514731,0.8815753978958727,0.9089868345735547,0.7416974169741697,0.8862087047718931,0.5827338129496403,0.8886532343584306,0.8892045454545454,0.7149532710280374,0.8817802503477051,0.4919786096256685,0.8851450728707047,0.9033047735618115,0.7298969072164948,0.884996191926885,0.5306748466257669
GSE250136,mast,celltype_single_cell,Tecr,0.3213964986796829,0.24242247582695464,0.016676260406783605,0.20762267689628144,-0.2853737195386459,0.027442103428491394,0.2787848060135062,0.38974408136010824,0.13082708835098553,0.6102338324377605,0.034926313454443594,0.9568423640428352,0.9094028565069193,0.9837481328310289,0.995500824812625,0.9193417858106285,0.9135661133371494,0.974169741697417,0.8930256948086,0.539568345323741,0.9241781548250265,0.9204545454545454,0.9532710280373832,0.8803894297635605,0.5240641711229946,0.9217809867629362,0.9155446756425949,0.9649484536082474,0.8895658796648895,0.5306748466257669
GSE250136,mast,celltype_single_cell,Thoc7,0.3430610379808354,-0.09703698133727956,-0.22907852810816598,0.09942017169222561,-0.30458752710142534,0.006860603345888355,0.7910592124733214,0.6467016957018151,0.36556079139319925,0.6208058067190149,0.013404664019394321,0.9901382823531624,0.9697776811869792,0.9837481328310289,0.995500824812625,0.9509036957108173,0.9662278191184889,0.915129151291513,0.9496591504981646,0.7122302158273381,0.9581124072110286,0.9616477272727273,0.897196261682243,0.9415855354659249,0.7058823529411765,0.9545393769220484,0.9649122807017544,0.9072164948453608,0.9474485910129474,0.7085889570552147
GSE250136,mast,celltype_single_cell,Thrap3,0.25543526833677266,0.05649340443413031,0.04478156777613096,0.026316308836553226,0.031305887121215736,0.03776205498812539,0.7426530837199761,0.9620381992956366,0.9692559018108013,0.8687863846966557,0.04510320973406865,0.9832753433879675,1,0.9986810248541517,0.995500824812625,0.9063933099541408,0.884373211219233,0.9446494464944649,0.8872574724698479,0.5035971223021583,0.901643690349947,0.890625,0.9439252336448598,0.885952712100139,0.5508021390374331,0.9039978606765611,0.8861689106487148,0.9443298969072165,0.8869002284843869,0.5306748466257669
GSE250136,mast,celltype_single_cell,Timm13,0.40682890598150845,0.10656214285986998,-0.15942699592414167,0.0013820080361242049,-0.3291003385437179,0.003193303747843769,0.7840822646378072,0.7520792157895455,0.8559580711652863,0.28354983005518986,0.009859177048496056,0.9887434107939682,0.9964021960522161,0.9986810248541517,0.995500824812625,0.9581872133800917,0.9627933600457927,0.985239852398524,0.9328788673308862,0.7050359712230215,0.9546659597030753,0.9644886363636364,0.985981308411215,0.9290681502086231,0.6577540106951871,0.9564112849311406,0.9632802937576499,0.9855670103092784,0.9318354912414318,0.6779141104294478
GSE250136,mast,celltype_single_cell,Timm23,0.3204371439771916,-0.10366424532621377,-0.15973511414790176,-0.024209036289326136,0.1349593240599969,0.005841988655731817,0.7220009028543493,0.6645965160748526,0.4394494106641763,0.14358934014191232,0.012771473316923068,0.9832753433879675,0.9785166997544211,0.9837481328310289,0.995500824812625,0.9306717021850553,0.9129937034917001,0.988929889298893,0.8620870477189303,0.5251798561151079,0.9215270413573701,0.9133522727272727,0.9766355140186916,0.8428372739916551,0.6417112299465241,0.9260596336408611,0.9130966952264382,0.9835051546391752,0.8568164508758568,0.5920245398773006
GSE250136,mast,celltype_single_cell,Timm8b,0.18206041183743915,0.10080825007402128,0.2329289118164115,-0.09106377534690635,-0.028003841595687362,0.014764680412383446,0.4267544772356112,0.4403623758545512,0.353163692926367,0.2311650328063552,0.021627850895669747,0.9568423640428352,0.9334148883755017,0.9837481328310289,0.995500824812625,0.9080118694362018,0.9244419004006869,0.940959409594096,0.8867330886208705,0.6834532374100719,0.8989925768822906,0.9161931818181818,0.9579439252336449,0.8998609179415855,0.6203208556149733,0.9034630298168205,0.9220726234190126,0.9484536082474226,0.8903274942878904,0.647239263803681
GSE250136,mast,celltype_single_cell,Tipin,0.2662576160724077,0.10519239064574837,-0.06152452546096754,0.1336750261475914,-0.18153513675183008,0.004069473362156674,0.37497133698430757,0.03176839319026718,0.13690797084122083,0.672805134674893,0.01117469534174212,0.9568423640428352,0.5056912682553245,0.9837481328310289,0.995500824812625,0.8869705961694092,0.8219805380652547,0.9114391143911439,0.800209753539591,0.5611510791366906,0.8783138918345705,0.8409090909090909,0.9579439252336449,0.780250347705146,0.5454545454545454,0.8826046262869368,0.8274173806609547,0.931958762886598,0.7947448591012948,0.5521472392638037
GSE250136,mast,celltype_single_cell,Tkt,0.6339560962357753,0.20133153113250124,-0.5921797547010819,0.014891828285882092,-0.5171905146499736,0.001249808035302212,0.5892729327631545,0.23133202697976993,0.6134898639093086,0.5254342481761662,0.008062112175779148,0.9832753433879675,0.8220949059808307,0.9879344995215968,0.995500824812625,0.9692473698408417,0.9639381797366915,0.977859778597786,0.9528054535920294,0.7050359712230215,0.9602332979851538,0.96875,0.9719626168224299,0.9457579972183588,0.7219251336898396,0.96470116325712,0.9653202774377805,0.9752577319587629,0.9508758568164509,0.7147239263803681
GSE250136,mast,celltype_single_cell,Tma7,0.6359814190312019,0.18014108974528575,-0.639202074266616,-0.1572880253052018,-0.2983860771032454,0.006625274318926839,0.709384179172486,0.12043609929367682,0.714439594541711,0.6687662525992556,0.013344302519725284,0.9832753433879675,0.697433091786063,0.9879344995215968,0.995500824812625,0.9932560021580793,0.996565540927304,0.981549815498155,0.9926586261143157,0.8992805755395683,0.9925768822905621,0.9957386363636364,0.9579439252336449,0.9916550764951322,0.8877005347593583,0.992913491108437,0.996328029375765,0.9711340206185567,0.9923838537699924,0.8926380368098159
GSE250136,mast,celltype_single_cell,Tmed10,0.22334959826448664,0.009040983210886644,0.17627117029301598,-0.08567380571147387,0.07528040082065512,0.005004454688458824,0.980754389283872,0.03872697851095794,0.02259594235986803,0.85933551146022,0.011903649924449772,0.999854330950744,0.522621900946991,0.9837481328310289,0.995500824812625,0.8745616401402752,0.8528906697195192,0.9077490774907749,0.8552700576822234,0.4172661870503597,0.8740721102863203,0.8536931818181818,0.8598130841121495,0.8150208623087621,0.46524064171123,0.8743147479609573,0.8531211750305998,0.8865979381443299,0.8442498095963442,0.4447852760736196
GSE250136,mast,celltype_single_cell,Tmed2,0.2789565321872809,-0.01832659488649746,-0.061634960088102986,0.07578221362024928,-0.030473236536145087,0.008453643453545052,0.8629923701473449,0.6366458815364295,0.2290664945291455,0.9803686287825512,0.015009171537063357,0.9901382823531624,0.966440990871839,0.9837481328310289,0.9967258111793633,0.8688966819530618,0.8551803091013166,0.8302583025830258,0.8300996329313057,0.4172661870503597,0.8711558854718982,0.859375,0.8504672897196262,0.8108484005563282,0.43315508021390375,0.8700361010830325,0.8563851489188087,0.8391752577319588,0.8248286367098249,0.4263803680981595
GSE250136,mast,celltype_single_cell,Tmem167,0.34123092804137034,0.2129795517798132,0.0976782479084406,-0.031155849960556647,-0.2446878292832495,0.005138889393511787,0.3108919375228168,0.8736366858918804,0.8749066016437883,0.609323200683136,0.011918463976325192,0.9568423640428352,0.9989153187003222,0.9986810248541517,0.995500824812625,0.9401132991637443,0.9255867200915856,0.9298892988929889,0.9197692711064499,0.5971223021582733,0.9358430540827147,0.9275568181818182,0.9205607476635514,0.9262865090403338,0.6417112299465241,0.9379596202700896,0.9261525907792738,0.9257731958762887,0.9215536938309216,0.6226993865030674
GSE250136,mast,celltype_single_cell,Tmem234,0.38366265497003305,0.16284157456210435,0.11156897329848503,0.07138511953809523,-0.25860783916180274,0.001123422864942862,0.2885731068733382,0.8894393653157041,0.5878431480956494,0.19301275997443298,0.00779843759966462,0.9568423640428352,0.9994489710258044,0.9879344995215968,0.995500824812625,0.9150256271917993,0.8975386376645679,0.8745387453874539,0.8935500786575773,0.5971223021582733,0.9045599151643691,0.8849431818181818,0.8691588785046729,0.885952712100139,0.5347593582887701,0.9097472924187726,0.893920848633211,0.8721649484536083,0.8914699162223915,0.5613496932515337
GSE250136,mast,celltype_single_cell,Tmem258,0.209437014401618,0.06322387363156734,-0.3606088192514063,0.1084207055278954,-0.25767715875251973,0.0018381364083647949,0.522754871763394,0.08097881655652188,0.382165988444085,0.5951208509079912,0.008720936070797415,0.9716165828680945,0.6537065380770825,0.9837481328310289,0.995500824812625,0.9023469112489884,0.9026903262736119,0.955719557195572,0.902464604090194,0.5755395683453237,0.8902439024390244,0.8920454545454546,0.9532710280373832,0.8984700973574409,0.5828877005347594,0.8962428132103223,0.8996328029375765,0.954639175257732,0.9013709063214014,0.5797546012269938
GSE250136,mast,celltype_single_cell,Tmpo,0.6381513455162429,0.08802773984207501,-0.051365730070504156,0.15525032317396015,-0.550241917155434,0.0018296492323395428,0.8885190832804652,0.886199270015299,0.39674041106671015,0.4120584563568325,0.008720936070797415,0.9901382823531624,0.9994489710258044,0.9837481328310289,0.995500824812625,0.9622336120852442,0.936462507155123,0.940959409594096,0.9313057157839538,0.6906474820143885,0.9604984093319194,0.9375,0.9439252336448598,0.9457579972183588,0.679144385026738,0.9613584703837411,0.9367605059159527,0.9422680412371134,0.9352627570449352,0.6840490797546013
GSE250136,mast,celltype_single_cell,Tmsb10,0.7225942787036974,0.6347727545111894,-2.3016668057058496,0.08985785168929183,-1.3592239983034258,0.21904062390261836,0.4711637327248826,0.014696919794750104,0.9775448920670046,0.055514450176315316,0.2259187111266136,0.9568423640428352,0.34670254902591957,0.9986810248541517,0.9589069094561428,0.9975721607769086,0.9988551803091014,0.996309963099631,1,0.9640287769784173,0.9981442205726405,0.9985795454545454,0.985981308411215,1,0.9946524064171123,0.9978606765610376,0.9987760097919217,0.9917525773195877,1,0.9815950920245399
GSE250136,mast,celltype_single_cell,Tmsb4x,0.9864824700374868,0.5250870993999595,-0.2330628269259183,0.7877246763115924,0.5700514827908911,0.4093508026316639,0.7317877293354644,0.7803629436242328,0.646981656359476,0.016099270169541633,0.41666935095046603,0.9832753433879675,0.9977448358812655,0.9879344995215968,0.6547036535613597,0.9784192069058538,0.9376073268460218,0.9114391143911439,0.9124278972207656,0.7194244604316546,0.9785259809119831,0.9431818181818182,0.8878504672897196,0.9179415855354659,0.8556149732620321,0.9784730578954406,0.9392084863321093,0.9010309278350516,0.913937547600914,0.7975460122699386
GSE250136,mast,celltype_single_cell,Tomm20,0.6204030627108876,-0.0050632310437848105,0.24906679424198241,0.1912156139393062,-0.4676285426990656,0.030764333624456557,0.7618711064503503,0.8224071358771713,0.7592609493888828,0.6248236457213329,0.03796638860590448,0.9832753433879675,0.9989153187003222,0.9913457141686123,0.995500824812625,0.9870515241435123,0.9879793932455638,1,0.9790246460409019,0.762589928057554,0.9880699893955461,0.9914772727272727,1,0.980528511821975,0.7593582887700535,0.9875651825110309,0.988984088127295,1,0.9794364051789795,0.7607361963190185
GSE250136,mast,celltype_single_cell,Tomm22,0.26231005739995306,-0.05623179108840226,-0.41279923132728946,0.16121142812541933,-0.16045522610260576,0.006033457204355423,0.8469532506096267,0.10459589144463138,0.2516375681828766,0.8133158104868503,0.01289616752162155,0.9901382823531624,0.6743716767311836,0.9837481328310289,0.995500824812625,0.8626922039384948,0.8557527189467659,0.9298892988929889,0.8348190875721028,0.49640287769784175,0.8613467656415694,0.8465909090909091,0.883177570093458,0.8331015299026425,0.5240641711229946,0.8620136381869233,0.8531211750305998,0.9092783505154639,0.8343488194973343,0.5122699386503068
GSE250136,mast,celltype_single_cell,Tomm5,0.1923459429309875,0.014907337330293924,-0.48252206656536023,0.1330294788475337,0.12519441932135056,0.0012025181786219298,0.8975192502392847,0.06728573280599935,0.5227685396313457,0.328963057844435,0.007839316981245252,0.9901382823531624,0.6063201478430317,0.9837481328310289,0.995500824812625,0.9177232263285676,0.9061247853463079,0.974169741697417,0.8657577346617724,0.5971223021582733,0.9000530222693531,0.8991477272727273,0.9719626168224299,0.8776077885952712,0.6844919786096256,0.9088113384142265,0.9041207670338637,0.9731958762886598,0.869002284843869,0.647239263803681
GSE250136,mast,celltype_single_cell,Tomm6,0.38905354511707824,0.010549806435744102,-0.2781700798447444,0.11091955851172575,-0.1700366777262361,0.0030385170196075115,0.9825284169119998,0.041001952416215924,0.16744247897218295,0.8556646886611771,0.009760419475235928,0.999854330950744,0.522621900946991,0.9837481328310289,0.995500824812625,0.9635824116536282,0.9748139668002289,0.966789667896679,0.9522810697430519,0.8057553956834532,0.9695121951219512,0.9730113636363636,0.9906542056074766,0.9694019471488178,0.8235294117647058,0.9665730712662121,0.9742962056303549,0.977319587628866,0.956968773800457,0.8159509202453987
GSE250136,mast,celltype_single_cell,Tomm7,0.536149978743417,0.05765210368530482,-5.1681543856344385,0.1497921977656338,-0.19425536920470776,0.0026575860280614798,0.9507797809596216,0.09420388397230912,0.4596700943780579,0.7580113080853723,0.009378423421340924,0.999854330950744,0.6743716767311836,0.9837481328310289,0.995500824812625,0.9830051254383598,0.9811104751001717,1,0.9743051914001049,0.7697841726618705,0.9785259809119831,0.9815340909090909,0.9953271028037384,0.9694019471488178,0.7593582887700535,0.9807460890493381,0.9812321501427989,0.9979381443298969,0.9729626808834729,0.7638036809815951
GSE250136,mast,celltype_single_cell,Top1,0.22903540434436476,0.06151981334978451,-0.23203502934267117,0.33039238769672785,-0.7660777320085792,0.09136796697166191,0.9528437816589344,0.510000653626296,0.2727713072788736,0.2520711255580369,0.09914643429961788,0.999854330950744,0.9355206543413022,0.9837481328310289,0.995500824812625,0.9851632047477745,0.9856897538637664,0.9446494464944649,0.994231777661248,0.8489208633093526,0.9809119830328739,0.9857954545454546,0.9158878504672897,0.9958275382475661,0.8502673796791443,0.9830191202032357,0.9857201142390861,0.931958762886598,0.9946686976389947,0.8496932515337423
GSE250136,mast,celltype_single_cell,Top2a,0.16188008883206972,0.3068372387029372,-1.2399435491333337,-0.10992499793384525,-1.4021606397472128,0.6073761092662183,0.6906442762862177,0.04070936864962892,0.9092725411752607,0.07706924350419908,0.6131196185737003,0.9832753433879675,0.522621900946991,0.9986810248541517,0.9589069094561428,0.9250067439978419,0.81740125930166,0.959409594095941,0.8421604614577871,0.8273381294964028,0.9241781548250265,0.8125,0.9719626168224299,0.8386648122392212,0.7754010695187166,0.9245888487765744,0.8159934720522236,0.9649484536082474,0.8412033511043412,0.7975460122699386
GSE250136,mast,celltype_single_cell,Tpi1,0.5560209371896487,0.6890134690484171,-0.2564917549265813,0.6314956239232092,-0.692068810624022,0.15088483043630305,0.2963892586454082,0.9225450828974264,0.26737246067983467,0.5955533322354887,0.15752523862176382,0.9568423640428352,1,0.9837481328310289,0.995500824812625,0.990558403021311,0.9822552947910704,0.988929889298893,0.989512323020451,0.8633093525179856,0.9872746553552492,0.9857954545454546,0.9906542056074766,0.9944367176634215,0.8556149732620321,0.9889022596603824,0.9832721338229294,0.9896907216494846,0.9908606245239908,0.8588957055214724
GSE250136,mast,celltype_single_cell,Tpm3,0.19531453677294364,-0.11839301583339612,-0.3989191026090926,0.04808243413648938,-0.5030278972462376,0.0628923155030394,0.6134778945175007,0.15455895746282153,0.35300550025980776,0.20503417374784716,0.07067110189420481,0.9832753433879675,0.7510143057753815,0.9837481328310289,0.995500824812625,0.9101699487456164,0.9072696050372067,0.9520295202952029,0.8668065023597273,0.697841726618705,0.911983032873807,0.9005681818181818,0.9439252336448598,0.8497913769123783,0.6844919786096256,0.9110843695681241,0.9053447572419421,0.9484536082474226,0.8621477532368621,0.6901840490797546
GSE250136,mast,celltype_single_cell,Tpm4,0.18223482672742675,-0.02984558393033021,-0.10953083677779896,-0.11138741914305417,-0.0959316771636387,0.04067555121245947,0.38985005009699986,0.8510427807159634,0.6151095854424491,0.7918335156119286,0.04804553352066444,0.9568423640428352,0.9989153187003222,0.9879344995215968,0.995500824812625,0.8742918802265983,0.8729250143102462,0.5830258302583026,0.8620870477189303,0.539568345323741,0.8642629904559915,0.8892045454545454,0.5934579439252337,0.8636995827538247,0.5294117647058824,0.8692338547934216,0.8776009791921665,0.5876288659793815,0.8625285605483626,0.5337423312883436
GSE250136,mast,celltype_single_cell,Tpr,0.32172414978036823,-0.025596172435053077,0.19476672001642825,0.0017974891463481413,-0.19581618240388643,0.06893531652295767,0.8660245731911493,0.8058879690378722,0.9999362214546985,0.8754363033593265,0.07675457667614845,0.9901382823531624,0.9980931199189546,0.9999362214546985,0.995500824812625,0.9606150526031831,0.9696622781911849,0.977859778597786,0.9470372312532774,0.7266187050359713,0.95864262990456,0.9630681818181818,0.9719626168224299,0.9485396383866481,0.7272727272727273,0.9596202700895842,0.9677682578539372,0.9752577319587629,0.9474485910129474,0.7269938650306749
GSE250136,mast,celltype_single_cell,Tpt1,NA,NA,NA,NA,NA,NA,NA,NA,NA,NA,NA,NA,NA,NA,NA,1,1,1,1,1,1,1,1,1,1,1,1,1,1,1
GSE250136,mast,celltype_single_cell,Tra2a,0.2378330173085086,0.2643210097561681,0.1392118774882185,0.1278016862951472,-0.5404808525224603,0.008742802314271296,0.043565658599467184,0.7803979768240507,0.45365120191520536,0.0986094393661264,0.015237455462015687,0.9568423640428352,0.9977448358812655,0.9837481328310289,0.995500824812625,0.8427299703264095,0.8231253577561534,0.9114391143911439,0.7907708442579968,0.3597122302158273,0.8465005302226936,0.8323863636363636,0.9158878504672897,0.7955493741307371,0.2994652406417112,0.8446316352453537,0.8257853937168502,0.9134020618556701,0.7920792079207921,0.32515337423312884
GSE250136,mast,celltype_single_cell,Tra2b,0.7944369595722076,0.23593586835058566,-0.3099102057333978,0.098101546803127,-0.3801972843125325,6.310964874329543e-4,0.6547939109694286,0.2853451402337764,0.8849785724103553,0.7282949304722274,0.006933194569982071,0.9832753433879675,0.8825175240592783,0.9986810248541517,0.995500824812625,0.9913676827623416,0.9879793932455638,0.985239852398524,0.9753539590980598,0.7985611510791367,0.9872746553552492,0.9872159090909091,0.9953271028037384,0.9791376912378303,0.8021390374331551,0.9893033828051878,0.9877600979192166,0.9896907216494846,0.9763899466869764,0.8006134969325154
GSE250136,mast,celltype_single_cell,Trim28,0.5639616940125567,0.2503169901637796,-0.212222554640765,0.16612309438644335,-0.7084988523768665,0.005067907510288587,0.4578126598858627,0.8039446625772503,0.4719674925150459,0.013837347211815693,0.011918463976325192,0.9568423640428352,0.9980931199189546,0.9837481328310289,0.6547036535613597,0.9428108983005126,0.9341728677733258,0.988929889298893,0.9140010487676979,0.6330935251798561,0.9451219512195121,0.9346590909090909,0.985981308411215,0.9276773296244785,0.5294117647058824,0.9439764674421715,0.934312525499796,0.9876288659793815,0.9177456207159177,0.5736196319018405
GSE250136,mast,celltype_single_cell,Trir,0.23366902940979184,-0.11688952823586085,-0.0970628972412797,-0.09145664875881732,-0.016909272771719053,0.0011414574940961095,0.5534470252583629,0.3373362466764341,0.6498685421701693,0.8324554685078637,0.00779843759966462,0.9832753433879675,0.900870965141245,0.9879344995215968,0.995500824812625,0.8527110871324521,0.8254149971379507,0.9114391143911439,0.7960146827477713,0.5179856115107914,0.8366914103923648,0.8139204545454546,0.9299065420560748,0.7969401947148818,0.5668449197860963,0.8446316352453537,0.8221134230926153,0.9195876288659793,0.7962680883472962,0.5460122699386503
GSE250136,mast,celltype_single_cell,Trmt112,0.1511232652390957,-0.04793957174736985,0.07386788377861064,0.11278494567724939,-0.547294613112105,0.003017992495177904,0.8094668018868856,0.9079116611169001,0.4307805342374961,0.06397301875441087,0.009760419475235928,0.9901382823531624,1,0.9837481328310289,0.9589069094561428,0.8621526841111411,0.8357183743560389,0.8597785977859779,0.8411116937598322,0.5467625899280576,0.8457051961823966,0.8210227272727273,0.8598130841121495,0.8428372739916551,0.5294117647058824,0.8538574675758791,0.8314973480212158,0.8597938144329897,0.8415841584158416,0.5368098159509203
GSE250136,mast,celltype_single_cell,Trp53,0.23323181994829234,-0.09947819213913278,-0.36149489858002837,-0.02726466961923868,0.016375876124568034,0.006906384272287473,0.5874683028380744,0.01421831242436954,0.7598234152535537,0.2713669765110334,0.013404664019394321,0.9832753433879675,0.34670254902591957,0.9913457141686123,0.995500824812625,0.8260048556784462,0.8380080137378363,0.9704797047970479,0.816465652857892,0.41007194244604317,0.8311240721102863,0.8352272727272727,0.9766355140186916,0.8261474269819193,0.5080213903743316,0.8285867094531354,0.8372093023255814,0.9731958762886598,0.8191165270373191,0.4662576687116564
GSE250136,mast,celltype_single_cell,Tsn,0.9007962351088539,0.32479497998834983,0.27384379069377474,0.21666358278600129,-0.19546384860846455,7.608930063317098e-5,0.2722200099396496,0.5927881972747274,0.5828773716069987,0.7159762055376728,0.005907296612793457,0.9568423640428352,0.9551719254200326,0.9879344995215968,0.995500824812625,0.9730240086323172,0.9696622781911849,0.985239852398524,0.9564761405348715,0.7482014388489209,0.9764050901378579,0.9644886363636364,0.9766355140186916,0.9624478442280946,0.732620320855615,0.9747292418772563,0.9681762545899633,0.9814432989690721,0.9581111957349581,0.7392638036809815
GSE250136,mast,celltype_single_cell,Tspan3,0.22867926028159635,0.031137779104573493,-0.11530223697883013,-0.00921446193016795,-0.19011545266968133,0.03757713128967987,0.6111666616489356,0.7919047742674178,0.3907166392169437,0.40962791698407414,0.04500823298932203,0.9832753433879675,0.9977448358812655,0.9837481328310289,0.995500824812625,0.8813056379821959,0.8649112764739554,0.6974169741697417,0.8374410068169901,0.4316546762589928,0.8881230116648993,0.8508522727272727,0.7009345794392523,0.8581363004172462,0.39037433155080214,0.8847439497258992,0.8608731130150958,0.6989690721649484,0.8431073876618431,0.40797546012269936
GSE250136,mast,celltype_single_cell,Ttc3,0.4640309479113309,0.15170321088215388,-0.04758585892450995,0.22120268996096382,-0.42739579402656425,0.02772033537694117,0.4093424240656132,0.3816399411053859,0.36785562892612916,0.5534684059358763,0.035175581592730695,0.9568423640428352,0.9094028565069193,0.9837481328310289,0.995500824812625,0.9557593741570003,0.9771036061820263,0.7564575645756457,0.9732564237021499,0.6546762589928058,0.9620890774125133,0.96875,0.7990654205607477,0.9694019471488178,0.6363636363636364,0.9589517315149084,0.9747042023663811,0.7752577319587629,0.9722010662604722,0.6441717791411042
GSE250136,mast,celltype_single_cell,Tuba1a,1.4502036265218852,0.3414402074198932,-0.28435190322733117,0.13569184792456657,-0.2259806069856829,0.0022704125747382902,0.5952468088631137,0.6101344102030859,0.42275585867927185,0.8579928245242656,0.008973962682423196,0.9832753433879675,0.9649162709508062,0.9837481328310289,0.995500824812625,0.9919072025896952,0.9937034917000572,0.9188191881918819,0.9601468274777137,0.8561151079136691,0.9928419936373277,0.9914772727272727,0.8878504672897196,0.972183588317107,0.8502673796791443,0.9923786602486964,0.993064055487556,0.9051546391752577,0.9634424980959635,0.852760736196319
GSE250136,mast,celltype_single_cell,Tuba1b,1.7479510244535703,0.746240380659021,-0.3238039182240904,0.7072981734313011,-0.9851283141407201,0.0037968285644703133,0.2547428824991741,0.856545067195227,0.2019503278584604,0.29155525320567544,0.0107012923896292,0.9568423640428352,0.9989153187003222,0.9837481328310289,0.995500824812625,0.9978419206905854,0.9988551803091014,0.996309963099631,0.9968536969061353,0.9856115107913669,0.999204665959703,1,0.9906542056074766,0.9944367176634215,0.9679144385026738,0.9985292151357134,0.9991840065279478,0.9938144329896907,0.9961919268849961,0.9754601226993865
GSE250136,mast,celltype_single_cell,Tubb4b,0.7333256390906522,-0.19643240327736589,-0.6519213802414443,0.24219704477670678,-0.45972658384936427,0.0019831892730601095,0.7366597336732971,0.3370254736379599,0.29225043915720594,0.3516431649233548,0.008849126187123925,0.9832753433879675,0.900870965141245,0.9837481328310289,0.995500824812625,0.9619638521715673,0.9318832283915284,0.9704797047970479,0.8657577346617724,0.7985611510791367,0.9589077412513256,0.9261363636363636,0.9672897196261683,0.885952712100139,0.7593582887700535,0.9604225163791951,0.9302325581395349,0.9690721649484536,0.8712871287128713,0.7760736196319018
GSE250136,mast,celltype_single_cell,Tubb5,4.413165093704009,1.8028483951946939,-32.62452765094224,1.1970579394300316,-2.5460267544661406,0.006503511313645057,0.4612478381332769,0.6690730106528993,0.7050225472886427,0.5426490883121753,0.013223806337744948,0.9568423640428352,0.9785166997544211,0.9879344995215968,0.995500824812625,0.9997302400863232,1,1,1,0.9928057553956835,0.9997348886532343,1,0.9953271028037384,1,0.9946524064171123,0.9997325845701297,1,0.9979381443298969,1,0.9938650306748467
GSE250136,mast,celltype_single_cell,Txn1,0.9511581616674363,0.4152432075274639,-0.9343191075336286,-0.007772403203841094,0.27213301519500455,0.0018971357932748528,0.3913324213740537,0.2112183484027806,0.9894502379370897,0.05228292848817859,0.008805184605743067,0.9568423640428352,0.7946276191012097,0.9986810248541517,0.949991934657543,0.9978419206905854,0.998282770463652,1,0.995280545359203,0.8920863309352518,0.9965535524920467,0.9971590909090909,1,0.9958275382475661,0.9625668449197861,0.9971921379863619,0.9979600163198694,1,0.9954303122619954,0.9325153374233128
GSE250136,mast,celltype_single_cell,Txndc17,0.20425782209692667,0.18865365978383108,-0.2527950982590601,-0.021975493961607473,0.11686278947589246,0.006818392535295158,0.1327686734803413,0.16406690260020454,0.704073007490002,0.09116264847423021,0.013404664019394321,0.9568423640428352,0.7612231985360307,0.9879344995215968,0.995500824812625,0.8559482060965741,0.8546078992558672,0.9261992619926199,0.8484530676455165,0.460431654676259,0.8539236479321315,0.8565340909090909,0.9299065420560748,0.8595271210013908,0.5882352941176471,0.8549271292953603,0.8551611587107303,0.9278350515463918,0.8514851485148515,0.5337423312883436
GSE250136,mast,celltype_single_cell,Txnl1,0.19721167213260937,0.09096898749049442,-0.17023754231999932,-0.08546485636452283,-0.02949674423721138,0.04649802525463872,0.6608327927665034,0.48350239778375,0.6433177152175706,0.6490971476164692,0.05380665795048979,0.9832753433879675,0.9355206543413022,0.9879344995215968,0.995500824812625,0.854329646614513,0.8362907842014883,0.9298892988929889,0.8206607236497115,0.43884892086330934,0.8613467656415694,0.8352272727272727,0.9299065420560748,0.8247566063977747,0.5026737967914439,0.8578686990239337,0.835985312117503,0.9298969072164949,0.8217821782178217,0.4754601226993865
GSE250136,mast,celltype_single_cell,Txnl4a,0.2743865210875427,-0.0026638291711367224,0.11409876243989592,0.06179559124495393,-0.38650649665446,0.004547792101527088,0.1858423482158521,0.5835597901335564,0.8126039056064824,0.1862364875903267,0.011526985429223802,0.9568423640428352,0.9500980645074812,0.9986810248541517,0.995500824812625,0.865389803075263,0.8494562106468231,0.933579335793358,0.7860513896171998,0.5683453237410072,0.8576352067868505,0.8238636363636364,0.9532710280373832,0.8011126564673157,0.5133689839572193,0.8614788073271827,0.8421052631578947,0.9422680412371134,0.7901751713632902,0.5368098159509203
GSE250136,mast,celltype_single_cell,Txnrd1,0.1884947417647811,0.049238548326764775,-0.23963977392655655,-0.08507586580123627,0.0010288008729961717,0.034826074815549134,0.8390474944390043,0.19060251572908615,0.1499631291753487,0.8736523298732397,0.04242720098784445,0.9901382823531624,0.7693061183527152,0.9837481328310289,0.995500824812625,0.8537901267871594,0.8471665712650257,0.966789667896679,0.7996853696906135,0.4892086330935252,0.8555143160127253,0.8409090909090909,0.9719626168224299,0.7663421418636995,0.5347593582887701,0.85465971386549,0.8453692370461037,0.9690721649484536,0.7905559786747905,0.5153374233128835
GSE250136,mast,celltype_single_cell,U2af1,0.7617538961908492,0.050115812049981834,-6.2088206885544395,0.1456724201666857,-0.34681199725367406,6.438597534694954e-4,0.6009056616545171,0.4850176496863771,0.8039603973547733,0.758354357733037,0.006933194569982071,0.9832753433879675,0.9355206543413022,0.9986090403715784,0.995500824812625,0.9846236849204208,0.9776760160274757,1,0.9632931305715784,0.8633093525179856,0.9888653234358431,0.9829545454545454,0.9953271028037384,0.9638386648122392,0.8770053475935828,0.98676293622142,0.9791921664626683,0.9979381443298969,0.9634424980959635,0.8711656441717791
GSE250136,mast,celltype_single_cell,U2af2,0.23776091958658307,0.11617979738699091,-0.061786844227657234,0.038005473768582654,0.05804330580158101,0.003191066782169163,0.5156942772170761,0.26065343548070846,0.6715198143257788,0.8966600472101911,0.009859177048496056,0.9704799819659599,0.8661402097296694,0.9879344995215968,0.9967258111793633,0.865389803075263,0.8299942759015455,0.8376383763837638,0.7640272679601469,0.4748201438848921,0.8629374337221634,0.8366477272727273,0.8738317757009346,0.7538247566063978,0.5187165775401069,0.8641529616258858,0.831905344757242,0.8536082474226804,0.7612338156892612,0.5
GSE250136,mast,celltype_single_cell,U2surp,0.20098638106565225,0.13935731650360283,0.19890525863425568,0.07657957533565574,-0.4208244994769963,0.0068029623226200766,0.5035893239868425,0.6996734942448364,0.8080080174435137,0.4240694229682825,0.013404664019394321,0.9672341034930508,0.9882506518174107,0.9986090403715784,0.995500824812625,0.920151065551659,0.8998282770463651,0.955719557195572,0.8767697954902989,0.5971223021582733,0.9085365853658537,0.8963068181818182,0.9579439252336449,0.8776077885952712,0.6042780748663101,0.9142933547265677,0.8988168094655242,0.9567010309278351,0.876999238385377,0.6012269938650306
GSE250136,mast,celltype_single_cell,Uba2,0.20442113364229408,0.04104408925131198,0.020226811650030374,-0.07601387825634442,-0.30289152740751746,0.01736475266040357,0.9177643085478087,0.7530022010686205,0.507332768729914,0.0949002548819594,0.024592866951881672,0.9917690380429758,0.9964021960522161,0.9837481328310289,0.995500824812625,0.831130294038306,0.8099599313108186,0.966789667896679,0.7891976927110645,0.34532374100719426,0.8348356309650053,0.8096590909090909,0.9719626168224299,0.7677329624478443,0.44385026737967914,0.8329990640459954,0.8098735210118319,0.9690721649484536,0.7833206397562833,0.401840490797546
GSE250136,mast,celltype_single_cell,Uba52,0.12278878273720162,-0.018367055443288205,0.42931763841566983,0.029223918454000852,-0.5537031760766751,0.1115284815805609,0.45172787291654604,0.047434063507584445,0.9339780268414191,0.005439043144226736,0.11920566116370339,0.9568423640428352,0.5401158698063615,0.9986810248541517,0.6547036535613597,0.9142163474507689,0.8981110475100171,0.9446494464944649,0.9155742003146303,0.762589928057554,0.9053552492046659,0.8806818181818182,0.9766355140186916,0.9165507649513213,0.6417112299465241,0.9097472924187726,0.8931048551611587,0.9587628865979382,0.9158415841584159,0.6932515337423313
GSE250136,mast,celltype_single_cell,Ubap2l,0.23001044093655,0.07986690441206701,0.21258960005889893,0.1018105512223304,0.2139483991451927,0.008070346622543287,0.4479447337082142,0.3374782700409293,0.47247748622240443,0.6024157456128945,0.014695258029108671,0.9568423640428352,0.900870965141245,0.9837481328310289,0.995500824812625,0.8861613164283787,0.882655981682885,0.8745387453874539,0.8783429470372313,0.6115107913669064,0.884676564156946,0.8707386363636364,0.9065420560747663,0.874826147426982,0.6684491978609626,0.885412488300575,0.8792329661362709,0.8886597938144329,0.8773800456968773,0.6441717791411042
GSE250136,mast,celltype_single_cell,Ubb,1.8257704695333885,0.3123913938692606,-2.9399212313232503,0.4229786059936682,-0.968483548961558,0.0030965742610219228,0.31053013152680137,0.09500405490764843,0.6050494944593772,0.18154505375706204,0.009760419475235928,0.9568423640428352,0.6743716767311836,0.9879344995215968,0.995500824812625,0.9997302400863232,0.998282770463652,1,0.9994756161510225,0.9496402877697842,0.999204665959703,1,1,1,0.983957219251337,0.9994651691402594,0.9987760097919217,1,0.9996191926884996,0.9693251533742331
GSE250136,mast,celltype_single_cell,Ube2d2a,0.17066676215434207,0.03834950786920599,0.23754549943670966,0.04638169125557301,-0.32826963397369147,0.06256705848240887,0.4189544374371624,0.32133194112329144,0.7441941393244003,0.5797241598640356,0.07049111865960049,0.9568423640428352,0.900870965141245,0.9883062072638981,0.995500824812625,0.9150256271917993,0.8895248998282771,0.9298892988929889,0.8725747246984793,0.5251798561151079,0.9066808059384942,0.9048295454545454,0.9112149532710281,0.866481223922114,0.5508021390374331,0.9108169541382538,0.893920848633211,0.9216494845360824,0.8709063214013709,0.5398773006134969
GSE250136,mast,celltype_single_cell,Ube2d3,0.5035114300525123,0.08532734848107904,0.19858315848763208,0.2058861885141141,0.010229075073908689,0.0089109097343999,0.8843746637969429,0.2993651617879631,0.3890500722513343,0.9673625271677713,0.015431116980624023,0.9901382823531624,0.8825175240592783,0.9837481328310289,0.9967258111793633,0.968707850013488,0.9616485403548941,0.985239852398524,0.9517566858940745,0.6330935251798561,0.9663308589607635,0.9630681818181818,0.9672897196261683,0.9471488178025035,0.6631016042780749,0.9675090252707581,0.9620563035495716,0.977319587628866,0.9504950495049505,0.6503067484662577
GSE250136,mast,celltype_single_cell,Ube2e3,0.20226399114790006,0.07442449023944286,0.11613159079407787,0.09531668000883986,-0.1104731817274387,0.04603258147946538,0.6777256337982985,0.8075923380935683,0.6307419190185994,0.5849195726394321,0.053412805140575316,0.9832753433879675,0.9980953064137588,0.9879344995215968,0.995500824812625,0.8597248448880497,0.8838008013737836,0.7121771217712177,0.8778185631882538,0.5611510791366906,0.8658536585365854,0.8792613636363636,0.7289719626168224,0.8915159944367177,0.5294117647058824,0.8628158844765343,0.8824969400244798,0.7195876288659794,0.8815689261233816,0.5429447852760736
GSE250136,mast,celltype_single_cell,Ube2i,0.6450229916968553,0.14177717012189817,-0.17089339437493667,0.05056674271644468,-0.23607529517212544,0.0052552191808909465,0.8018923896520014,0.19553153540659354,0.8679553560114371,0.4666632726829301,0.012032056784131015,0.9901382823531624,0.7693061183527152,0.9986810248541517,0.995500824812625,0.9859724844888049,0.9816828849456211,0.996309963099631,0.9785002621919245,0.7769784172661871,0.9872746553552492,0.9829545454545454,0.9766355140186916,0.9833101529902643,0.8342245989304813,0.9866292285064848,0.982048143614851,0.9876288659793815,0.9798172124904798,0.8098159509202454
GSE250136,mast,celltype_single_cell,Ube2k,0.28675507446034443,8.857626190894585e-4,0.1829363361103944,0.18102890000761773,0.26854592883020256,7.498320994852777e-4,0.9954709551093387,0.6508491910420104,0.1000290620549262,0.23889722064490948,0.007156386446969428,0.999854330950744,0.9697776811869792,0.9837481328310289,0.995500824812625,0.8713245211761532,0.866056096164854,0.9630996309963099,0.8358678552700577,0.4748201438848921,0.8804347826086957,0.8650568181818182,0.9626168224299065,0.8289290681502086,0.5721925133689839,0.8759192405401792,0.8657690738474092,0.9628865979381444,0.8339680121858339,0.5306748466257669
GSE250136,mast,celltype_single_cell,Ube2l3,0.48298122274068955,0.2623077659385862,-0.26043179836127717,-0.03423553749123842,-0.2718472635649549,0.007931830730629601,0.35636293076416703,0.5512921796452125,0.9786225911882438,0.7136105011531971,0.01453601597415811,0.9568423640428352,0.9408021633683613,0.9986810248541517,0.995500824812625,0.9544105745886161,0.9467658843732112,0.966789667896679,0.9344520188778186,0.6474820143884892,0.9496288441145281,0.9488636363636364,0.9672897196261683,0.9346314325452016,0.679144385026738,0.9519989303382805,0.9473684210526315,0.9670103092783505,0.9345011424219345,0.6656441717791411
GSE250136,mast,celltype_single_cell,Ube2m,0.2880325201160612,8.80627060166006e-4,0.09571160940500834,0.05823329757761986,-0.0864920724819438,0.0016348814873543209,0.9980109814935534,0.4459066395218951,0.36278525175816156,0.9537940793016608,0.00846175024363994,0.999854330950744,0.9338764996524848,0.9837481328310289,0.9967258111793633,0.8473158888589155,0.842587292501431,0.8782287822878229,0.81069743051914,0.4460431654676259,0.8507423117709438,0.8394886363636364,0.8504672897196262,0.8344923504867872,0.46524064171123,0.8490439898382137,0.8416972664218686,0.865979381443299,0.8172124904798173,0.4570552147239264
GSE250136,mast,celltype_single_cell,Ube2n,0.29437821866478187,0.11688022299218481,-0.29561151731301827,0.020254963186916886,-0.31508211487606896,0.013352852008111196,0.5941463523835884,0.3376783088446442,0.7950135951342872,0.5606677023391862,0.020218680168310216,0.9832753433879675,0.900870965141245,0.9986090403715784,0.995500824812625,0.8840032371189641,0.8883800801373783,0.9446494464944649,0.8337703198741478,0.5179856115107914,0.8836161187698833,0.8849431818181818,0.9112149532710281,0.8261474269819193,0.5347593582887701,0.8838079957213532,0.8873929008567931,0.9298969072164949,0.8316831683168316,0.5276073619631901
GSE250136,mast,celltype_single_cell,Ube2r2,0.265924009657756,-0.03207295398909071,-0.16009486619401825,0.12212910882524719,0.06899496923562687,0.0466428793819136,0.14940375874905026,0.7403955259363723,0.5006871215371822,0.6260298447266738,0.053901243561778375,0.9568423640428352,0.9964021960522161,0.9837481328310289,0.995500824812625,0.9026166711626652,0.9089868345735547,0.7749077490774908,0.8830624016780283,0.460431654676259,0.9045599151643691,0.8792613636363636,0.7523364485981309,0.8817802503477051,0.5294117647058824,0.9035967375317556,0.9004487964096287,0.7649484536082474,0.8827113480578828,0.5
GSE250136,mast,celltype_single_cell,Ube2s,0.6695757174788506,-0.4085311144261885,-7.223213623362001,-0.15986508559944657,-0.3281305670488983,0.02161216199780677,0.09233539104815477,2.200565608742232e-4,0.5794529488337095,0.36612462918401,0.029250057600835152,0.9568423640428352,0.03758566059731733,0.9879344995215968,0.995500824812625,0.9857027245751281,0.9776760160274757,1,0.9486103828002097,0.8489208633093526,0.9835630965005302,0.9630681818181818,0.9953271028037384,0.9415855354659249,0.9037433155080213,0.9846236127824576,0.9734802121583027,0.9979381443298969,0.9466869763899467,0.8803680981595092
GSE250136,mast,celltype_single_cell,Ube2v1,0.2553673598287851,-0.05692862877648608,-0.09749280296555307,0.020188588142350472,-0.5078797048957788,0.002346634228270473,0.7306977778381454,0.8621895698674639,0.97136888735937,0.11495985983026676,0.009035252630525705,0.9832753433879675,0.9989153187003222,0.9986810248541517,0.995500824812625,0.8626922039384948,0.8631940469376074,0.8265682656826568,0.8479286837965391,0.5251798561151079,0.8541887592788971,0.8636363636363636,0.8130841121495327,0.8456189151599444,0.48663101604278075,0.8584035298836743,0.8633210934312525,0.8206185567010309,0.8472962680883473,0.5030674846625767
GSE250136,mast,celltype_single_cell,Ubl5,0.5207743646325431,0.22202688211036392,0.06722735113313405,0.14142913883879427,-0.026489925733315545,0.001307793965984402,0.45599919159898217,0.9370696952778813,0.14988431150197784,0.9880175346469452,0.00809257869303529,0.9568423640428352,1,0.9837481328310289,0.9967258111793633,0.97194496897761,0.9730967372638809,0.9704797047970479,0.9606712113266911,0.7122302158273381,0.9671261930010604,0.9744318181818182,0.9719626168224299,0.9763560500695411,0.7219251336898396,0.9695146409947853,0.9734802121583027,0.9711340206185567,0.964965727341965,0.7177914110429447
GSE250136,mast,celltype_single_cell,Ubxn1,0.505065868474214,0.11075812846046018,0.2591647039890872,0.12649429209227359,-0.04499580415590643,0.0012807609652920704,0.7597842755015579,0.06084359657764536,0.7415483920151228,0.9100820859157749,0.00809257869303529,0.9832753433879675,0.6063201478430317,0.9883062072638981,0.9967258111793633,0.96088481251686,0.9456210646823126,0.992619926199262,0.9444153120083901,0.6690647482014388,0.9557264050901378,0.9417613636363636,0.9766355140186916,0.9457579972183588,0.7058823529411765,0.9582831929402327,0.9445124439004488,0.9855670103092784,0.9447829398324448,0.6901840490797546
GSE250136,mast,celltype_single_cell,Uqcc2,0.30531997830679725,0.16083790756927874,-0.6784306340752577,0.23479905165144377,-0.42531174989693765,0.024904699307122868,0.4539819906185918,0.006469242136371271,0.23661072081938087,0.1688384297740144,0.032570617470571106,0.9568423640428352,0.2604589001573368,0.9837481328310289,0.995500824812625,0.9525222551928784,0.9473382942186606,0.9704797047970479,0.9355007865757735,0.7338129496402878,0.9581124072110286,0.9545454545454546,0.9813084112149533,0.9471488178025035,0.679144385026738,0.9553416232116593,0.9494084047327621,0.9752577319587629,0.9386900228484387,0.7024539877300614
GSE250136,mast,celltype_single_cell,Uqcr10,0.4911825890762813,0.10753976141065369,-5.194605062381075,0.1232306930833289,-0.25842198997499555,0.0055535415004508894,0.7622110975677219,0.2956130566728156,0.6878613085009208,0.5014757277661607,0.012448095646679947,0.9832753433879675,0.8825175240592783,0.9879344995215968,0.995500824812625,0.9808470461289452,0.9805380652547224,1,0.9716832721552177,0.841726618705036,0.9832979851537645,0.9772727272727273,0.9953271028037384,0.9694019471488178,0.8128342245989305,0.9820831661986896,0.9796001631986944,0.9979381443298969,0.9710586443259711,0.8251533742331288
GSE250136,mast,celltype_single_cell,Uqcr11,0.5005068887317812,0.11574531608415128,-0.6783132471228264,0.16530456975630603,-0.06054640758444929,0.0013868870527974934,0.6921435768678494,0.0765286291825826,0.6375785030143368,0.23773096048189518,0.008225010715896245,0.9832753433879675,0.6342372081456268,0.9879344995215968,0.995500824812625,0.9862422444024818,0.9828277046365197,0.988929889298893,0.9748295752490823,0.8201438848920863,0.9835630965005302,0.9857954545454546,0.985981308411215,0.9763560500695411,0.7647058823529411,0.9848910282123279,0.9836801305589555,0.9876288659793815,0.9752475247524752,0.7883435582822086
GSE250136,mast,celltype_single_cell,Uqcrb,0.4141548315353418,0.17066612702623285,-4.418613010975387,0.19821279181441742,0.15891919588417291,0.024168474388534728,0.362318163457017,0.07723731808799202,0.443255354513,0.07357490368375046,0.03183273489127056,0.9568423640428352,0.6342372081456268,0.9837481328310289,0.9589069094561428,0.9649312112220124,0.9690898683457355,1,0.9564761405348715,0.7194244604316546,0.9602332979851538,0.9616477272727273,0.9953271028037384,0.9666203059805285,0.8288770053475936,0.9625618398181575,0.966952264381885,0.9979381443298969,0.9592536176694593,0.7822085889570553
GSE250136,mast,celltype_single_cell,Uqcrc2,0.30386883215219607,0.138265100692879,-0.02685578694183466,0.09143508634892017,-0.2976189473326838,0.0018146464382415876,0.4068275588385732,0.425012244700954,0.6873849066635195,0.20141184141172583,0.008720936070797415,0.9568423640428352,0.9252697612929077,0.9879344995215968,0.995500824812625,0.8365254923118425,0.8294218660560961,0.9188191881918819,0.804929208180388,0.39568345323741005,0.8419936373276776,0.8423295454545454,0.9392523364485982,0.808066759388039,0.47593582887700536,0.8392833266479476,0.8331293349653203,0.9278350515463918,0.8057882711348058,0.44171779141104295
GSE250136,mast,celltype_single_cell,Uqcrfs1,0.28207041422756163,-0.11767851006627872,-0.3082632360693598,-0.009462153538564166,-0.3497972010469246,2.2172679916877434e-4,0.278200904429683,0.12202574269062388,0.4926463040081113,0.31724946686417704,0.006204622690599899,0.9568423640428352,0.697433091786063,0.9837481328310289,0.995500824812625,0.8915565147019153,0.8528906697195192,0.915129151291513,0.8463555322496067,0.5539568345323741,0.879374337221633,0.8636363636363636,0.9252336448598131,0.8303198887343533,0.5187165775401069,0.885412488300575,0.8559771521827826,0.9195876288659793,0.8419649657273419,0.5337423312883436
GSE250136,mast,celltype_single_cell,Uqcrh,0.9539217744199746,0.6675050451959468,0.7292700693560352,0.6721010505517722,-0.27893924937637493,0.005913559253642454,0.12651657295439844,0.18426229967553193,0.13586953776487942,0.6953810704039576,0.012785264816735836,0.9568423640428352,0.7693061183527152,0.9837481328310289,0.995500824812625,0.9970326409495549,0.998282770463652,0.988929889298893,0.9973780807551127,0.9136690647482014,0.9978791092258749,0.9971590909090909,0.9953271028037384,0.9986091794158554,0.9411764705882353,0.9974595534162322,0.9979600163198694,0.9917525773195877,0.9977151561309977,0.9294478527607362
GSE250136,mast,celltype_single_cell,Uqcrq,0.3526599953750642,-0.10532087524382039,-0.4071548415350774,0.1464106254106996,0.29394065191622687,0.044074243070589644,0.4728611751375536,0.37989718574078957,0.4378191450813959,0.29817707917692804,0.05127984139275689,0.9568423640428352,0.9094028565069193,0.9837481328310289,0.995500824812625,0.9754518478554087,0.976531196336577,0.977859778597786,0.9307813319349764,0.7266187050359713,0.9769353128313892,0.9673295454545454,0.9766355140186916,0.9207232267037552,0.8074866310160428,0.9762000267415429,0.9738882088943288,0.977319587628866,0.928027418126428,0.7730061349693251
GSE250136,mast,celltype_single_cell,Utp3,0.14943636651908587,0.08846279952421687,-0.14153848508234068,0.026547531808915448,-0.14577810737674746,0.03793216245212213,0.5111635188881374,0.7594671710119567,0.8930664560850394,0.35859643699483923,0.04524310996384399,0.9704799819659599,0.9964021960522161,0.9986810248541517,0.995500824812625,0.8643107634205557,0.8196908986834573,0.9446494464944649,0.7960146827477713,0.5611510791366906,0.8541887592788971,0.8110795454545454,0.9345794392523364,0.8052851182197497,0.5133689839572193,0.8592057761732852,0.8172174622603019,0.9402061855670103,0.7985529322162985,0.5337423312883436
GSE250136,mast,celltype_single_cell,Vapa,0.26338209656240075,0.047324898943227556,-0.05992579248195273,0.1108861110963657,-0.39459110715443924,0.012676185173643642,0.7727986958904476,0.6516413567493261,0.34842045529768106,0.40910366320122943,0.019611344453426938,0.9850299795379734,0.9697776811869792,0.9837481328310289,0.995500824812625,0.8853520366873483,0.8752146536920435,0.9704797047970479,0.859465128474043,0.5539568345323741,0.8923647932131495,0.8650568181818182,0.9532710280373832,0.8484005563282336,0.5614973262032086,0.8888888888888888,0.872297021623827,0.9628865979381444,0.8564356435643564,0.558282208588957
GSE250136,mast,celltype_single_cell,Vcp,1.0057433122319441,0.10790744708884237,-0.24445986887054794,0.2690890176716598,-0.3862089915235778,8.018059297546122e-4,0.8632234082836243,0.10025551011317041,0.4646400669502401,0.7971642324530251,0.007156386446969428,0.9901382823531624,0.6743716767311836,0.9837481328310289,0.995500824812625,0.9830051254383598,0.9879793932455638,0.988929889298893,0.9790246460409019,0.7697841726618705,0.9848886532343585,0.9857954545454546,1,0.9763560500695411,0.7807486631016043,0.9839550742077818,0.9873521011831905,0.9938144329896907,0.9782939832444782,0.7760736196319018
GSE250136,mast,celltype_single_cell,Vdac1,0.4275647382394707,0.4386021514716987,-0.697173906936345,0.20511432528219586,0.23737636127030104,0.009814450967229766,0.023853998346090807,0.053118593727550394,0.4257213462028211,0.6236604305603685,0.016434394364733765,0.9568423640428352,0.5815805005554876,0.9837481328310289,0.995500824812625,0.9611545724305368,0.9490555237550086,0.977859778597786,0.9575249082328264,0.7553956834532374,0.9631495227995758,0.9630681818181818,0.9766355140186916,0.9568845618915159,0.7433155080213903,0.962160716673352,0.9530803753569972,0.977319587628866,0.9573495811119573,0.7484662576687117
GSE250136,mast,celltype_single_cell,Vdac2,0.2922772563795224,-0.07404399509325943,-0.6140585527665463,0.15433972623104486,0.037584114115985834,0.03287859972081615,0.7551529973327311,0.06736551630979028,0.550369661154421,0.8465730393860853,0.040458680348093655,0.9832753433879675,0.6063201478430317,0.9879344995215968,0.995500824812625,0.9144861073644457,0.9175729822552948,0.992619926199262,0.9061352910330361,0.5683453237410072,0.9061505832449629,0.9232954545454546,0.9626168224299065,0.9151599443671766,0.6149732620320856,0.9102821232785132,0.9192166462668299,0.979381443298969,0.9086062452399086,0.5950920245398773
GSE250136,mast,celltype_single_cell,Vdac3,0.4158648920465269,-0.023294495748221067,-0.15638426844057163,0.11579206581437962,-0.323426167306859,0.00586231562088272,0.279120927804545,0.7381797631690907,0.7622335647530915,0.2917807105914802,0.012771473316923068,0.9568423640428352,0.9964021960522161,0.9913457141686123,0.995500824812625,0.9411923388184515,0.9479107040641099,0.966789667896679,0.9029889879391715,0.6258992805755396,0.9472428419936373,0.9303977272727273,0.9672897196261683,0.9068150208623088,0.6951871657754011,0.9442438828720418,0.9428804569563444,0.9670103092783505,0.904036557501904,0.6656441717791411
GSE250136,mast,celltype_single_cell,Wbp11,0.20772749687462477,0.13335244176768857,0.08990937428467882,0.010057547522968058,-0.394058689576962,0.027347839536712187,0.3892946645682747,0.8700847153446682,0.6421580415793208,0.2842554428443719,0.03485829099157046,0.9568423640428352,0.9989153187003222,0.9879344995215968,0.995500824812625,0.8629619638521716,0.8311390955924441,0.9188191881918819,0.8133193497640273,0.5539568345323741,0.8597560975609756,0.8451704545454546,0.9112149532710281,0.8289290681502086,0.5187165775401069,0.8613450996122476,0.8351693186454509,0.9154639175257732,0.8175932977913176,0.5337423312883436
GSE250136,mast,celltype_single_cell,Wdr43,0.18102879687329798,0.0874876342324562,0.3540251482535597,-0.020384069322646248,0.041664271348196724,0.009862643813510619,0.21084942126992856,0.16846742918420354,0.9556502136034964,0.9652836294563371,0.016479657011768893,0.9568423640428352,0.7612231985360307,0.9986810248541517,0.9967258111793633,0.8125168599946048,0.8271322266742988,0.933579335793358,0.7965390665967488,0.4244604316546763,0.813626723223754,0.8522727272727273,0.9626168224299065,0.7927677329624478,0.45989304812834225,0.8130766145206578,0.8343533251733987,0.9463917525773196,0.7955064737242955,0.4447852760736196
GSE250136,mast,celltype_single_cell,Xrn2,0.20683772100423425,-0.030899684702238694,0.042484475215728956,0.07126071740182338,-0.37114006473255223,0.005168857761275822,0.7344890117265752,0.20081091399075146,0.27694161282195534,0.28277772726427636,0.011930282508458248,0.9832753433879675,0.7701743336956296,0.9837481328310289,0.995500824812625,0.8354464526571351,0.842587292501431,0.9520295202952029,0.8138437336130048,0.4892086330935252,0.8364262990455992,0.828125,0.9252336448598131,0.799721835883171,0.45989304812834225,0.8359406337745688,0.8384332925336597,0.9402061855670103,0.80997715156131,0.4723926380368098
GSE250136,mast,celltype_single_cell,Ybx1,NA,NA,NA,NA,NA,NA,NA,NA,NA,NA,NA,NA,NA,NA,NA,1,1,1,1,1,1,1,1,1,1,1,1,1,1,1
GSE250136,mast,celltype_single_cell,Ybx3,0.25854583466841774,-0.18137105560898936,-0.45119484978141156,-0.08258344718298938,-0.20973420258096587,0.10260406232449489,0.5059748418357297,0.20322366081306217,0.5987452971403495,0.8086172170244975,0.11008023771999828,0.9672341034930508,0.771346694819356,0.9879344995215968,0.995500824812625,0.9239277043431346,0.9124212936462507,0.9261992619926199,0.8689040377556371,0.6115107913669064,0.9247083775185578,0.9076704545454546,0.9158878504672897,0.8567454798331016,0.6149732620320856,0.9243214333467041,0.9110567115463076,0.9216494845360824,0.8655750190403656,0.6134969325153374
GSE250136,mast,celltype_single_cell,Yeats4,0.23225966256775088,-0.024213507056082495,-0.029381367143869408,0.10556723088870612,-0.15587581525584504,0.0063720087571292085,0.9159680926493369,0.37827376600050994,0.3602345792186497,0.8210933429884587,0.01313062155296998,0.9917690380429758,0.9094028565069193,0.9837481328310289,0.995500824812625,0.8616131642837874,0.8654836863194046,0.8892988929889298,0.8411116937598322,0.5251798561151079,0.8602863202545069,0.8565340909090909,0.8457943925233645,0.8344923504867872,0.5294117647058824,0.8609439764674421,0.8629130966952264,0.8701030927835052,0.8392993145468393,0.5276073619631901
GSE250136,mast,celltype_single_cell,Ythdc1,0.21833625550897695,-0.05747888306541871,-0.32936489414141246,0.0691903748601228,-0.1619493530161451,0.016111062167945386,0.8612312218270417,0.3609539000274477,0.8051951323702402,0.8634636828739903,0.023241295762542837,0.9901382823531624,0.9094028565069193,0.9986090403715784,0.995500824812625,0.8718640410035069,0.859187178019462,0.9520295202952029,0.8369166229680126,0.5683453237410072,0.8677094379639448,0.8508522727272727,0.9252336448598131,0.8456189151599444,0.5828877005347594,0.8697686856531622,0.8567931456548348,0.9402061855670103,0.8392993145468393,0.5766871165644172
GSE250136,mast,celltype_single_cell,Ywhab,0.2946539744466956,0.06706526596766782,-0.039464994510726825,0.041672983751869896,-0.3081206335881381,0.06509731323508208,0.7004704692177166,0.28722836688198317,0.821205702133604,0.3044244843558024,0.07286121297871573,0.9832753433879675,0.8825175240592783,0.9986810248541517,0.995500824812625,0.9301321823577017,0.9301659988551803,0.933579335793358,0.9323544834819087,0.6618705035971223,0.9247083775185578,0.9389204545454546,0.8878504672897196,0.9290681502086231,0.6149732620320856,0.9273967107902126,0.9326805385556916,0.9134020618556701,0.9314546839299315,0.6349693251533742
GSE250136,mast,celltype_single_cell,Ywhae,1.6474210475860467,0.4235415958239006,-0.8784416009472711,0.2317749512692373,-0.8557198974557547,0.0073439951695953,0.7682903360235392,0.5827462035061552,0.7985685463035255,0.6550463306194727,0.01393977082053113,0.9850299795379734,0.9500980645074812,0.9986090403715784,0.995500824812625,0.9991907202589695,1,1,0.9994756161510225,0.9856115107913669,0.9997348886532343,1,1,0.9986091794158554,0.9732620320855615,0.9994651691402594,1,1,0.9992383853769993,0.9785276073619632
GSE250136,mast,celltype_single_cell,Ywhaq,0.7902410682052343,0.18882479067478553,-0.13622652785220435,0.316508681587198,-0.14658223537238424,0.0032495010533005273,0.3764509821473878,0.9457818944667836,0.4547405111897013,0.5362659673612182,0.009910978212566608,0.9568423640428352,1,0.9837481328310289,0.995500824812625,0.9908281629349879,0.9862621637092158,0.996309963099631,0.9753539590980598,0.7769784172661871,0.9883351007423118,0.9914772727272727,0.9953271028037384,0.9749652294853964,0.7486631016042781,0.9895707982350581,0.9877600979192166,0.9958762886597938,0.9752475247524752,0.7607361963190185
GSE250136,mast,celltype_single_cell,Ywhaz,0.9882227394220422,0.4900532899202501,-0.7267498296933725,-0.015062001133028247,-0.2809259807741329,0.004085642152801831,0.28745963486307013,0.023831094778105123,0.5839508460427569,0.5473939498406932,0.011183135892605011,0.9568423640428352,0.44242945522829946,0.9879344995215968,0.995500824812625,0.9897491232802805,0.9908414424728106,0.996309963099631,0.983744100681699,0.7122302158273381,0.9888653234358431,0.9886363636363636,0.9626168224299065,0.9902642559109874,0.7700534759358288,0.9893033828051878,0.9902080783353733,0.9814432989690721,0.9855293221629855,0.745398773006135
GSE250136,mast,celltype_single_cell,Zc3h13,0.10229349064745463,-0.10562333620614162,0.05460394970654381,0.21375299630710032,-0.1244314678156142,0.04321539235874194,0.6051223170533137,0.4716173804465922,0.061299386852992854,0.9241795924975101,0.05062543905948644,0.9832753433879675,0.9355206543413022,0.9837481328310289,0.9967258111793633,0.8448880496358241,0.8345735546651403,0.9077490774907749,0.7577346617724174,0.381294964028777,0.8327147401908802,0.8252840909090909,0.9299065420560748,0.7899860917941586,0.39572192513368987,0.838748495788207,0.831905344757242,0.9175257731958762,0.7665651180502666,0.3895705521472393
GSE250136,mast,celltype_single_cell,Zc3h15,0.38990919705944194,-0.15144440859812391,0.32046953525701216,-0.06315600590582804,-0.10856714614141971,0.0058040333576869175,0.4299974365965991,0.44317366603991243,0.8406217339740352,0.824926858242402,0.012742016677286961,0.9568423640428352,0.9338764996524848,0.9986810248541517,0.995500824812625,0.9589964931211222,0.9736691471093303,0.974169741697417,0.9292081803880441,0.7410071942446043,0.9620890774125133,0.9644886363636364,0.9813084112149533,0.9262865090403338,0.732620320855615,0.9605562240941302,0.971032231742146,0.977319587628866,0.9284082254379284,0.7361963190184049
GSE250136,mast,celltype_single_cell,Zcrb1,0.1285490432038201,0.0629234500406115,0.05831305008458765,-0.17258361747157114,0.0860839579072179,0.17028544048989566,0.8316440497108082,0.9514961814082609,0.17649258951569394,0.5904659088161486,0.1769145573946118,0.9901382823531624,1,0.9837481328310289,0.995500824812625,0.8888589155651471,0.9061247853463079,0.7970479704797048,0.8793917147351862,0.6402877697841727,0.8955461293743372,0.90625,0.794392523364486,0.8595271210013908,0.6203208556149733,0.8922315817622677,0.9061607507139943,0.7958762886597938,0.8739527798933739,0.6288343558282209
GSE250136,mast,celltype_single_cell,Zfp106,0.2297504862635278,0.08305421888113296,0.33435495112150093,-0.04016515898080808,-0.043318418512417356,0.0032050523205263237,0.7027139765092439,0.0686302372592945,0.32606507336454155,0.9433150677652196,0.009859177048496056,0.9832753433879675,0.6063201478430317,0.9837481328310289,0.9967258111793633,0.83247909360669,0.8196908986834573,0.9520295202952029,0.8384897745149449,0.5035971223021583,0.8465005302226936,0.8196022727272727,0.9439252336448598,0.8178025034770514,0.5080213903743316,0.8395507420778179,0.8196654426764586,0.9484536082474226,0.8328255902513328,0.5061349693251533
GSE250136,mast,celltype_single_cell,Zfp207,0.13716581711883258,0.036630898785714905,-0.3037951347284067,0.010629271641951155,-0.1877143285863201,0.09217036543064874,0.5985857931285918,0.14592154819256992,0.9836425012346133,0.6611209148806287,0.09989021837280969,0.9832753433879675,0.7459526657875278,0.9986810248541517,0.995500824812625,0.8222282168869706,0.8185460789925587,0.8929889298892989,0.766649187205034,0.41007194244604317,0.8266171792152704,0.8053977272727273,0.8317757009345794,0.7705146036161336,0.39572192513368987,0.8244417702901458,0.8147694818441452,0.865979381443299,0.7677075399847677,0.401840490797546
GSE250136,mast,celltype_single_cell,Zfp706,0.297428327821188,0.006428281528438884,-0.28628341126978274,-0.012630941929209438,0.10688446284649533,0.0016821875778691368,0.959540963020532,0.41303412793921,0.43659671051034915,0.45797824811007526,0.008602324500001453,0.999854330950744,0.9206871144167472,0.9837481328310289,0.995500824812625,0.904504990558403,0.8763594733829422,0.966789667896679,0.8557944415312009,0.5467625899280576,0.9090668080593849,0.8707386363636364,0.9532710280373832,0.8386648122392212,0.6256684491978609,0.9068057226901992,0.8747450020399837,0.9608247422680413,0.8511043412033511,0.5920245398773006
GSE250136,mast,celltype_single_cell,Zfp91,0.31230716509379874,0.022239038884878326,0.13943637613773996,-0.046119913044933014,-0.13846659546407158,0.0015113082318968475,0.970158265536751,0.5543846208495997,0.9026025672318838,0.7394274501094352,0.008240416740643706,0.999854330950744,0.9430943100093804,0.9986810248541517,0.995500824812625,0.8923657944429457,0.882655981682885,0.922509225092251,0.8746722600943891,0.5611510791366906,0.9005832449628844,0.8735795454545454,0.9065420560747663,0.874826147426982,0.6042780748663101,0.8965102286401926,0.8800489596083231,0.9154639175257732,0.8747143945163747,0.5858895705521472
GSE250136,mast,celltype_single_cell,Zmat2,0.304524305815697,-0.05527033425964367,0.20132886023357344,0.03371726152072707,-0.21395142568634506,0.004245171386165782,0.7150230455626316,0.5852608922410976,0.70754838520213,0.7456574635449327,0.011377563220015211,0.9832753433879675,0.9500980645074812,0.9879344995215968,0.995500824812625,0.9169139465875371,0.9084144247281053,0.922509225092251,0.8909281594126901,0.6187050359712231,0.912778366914104,0.8963068181818182,0.9345794392523364,0.8845618915159944,0.6203208556149733,0.9148281855863083,0.904936760505916,0.9278350515463918,0.8891850723533892,0.6196319018404908
GSE250136,mast,celltype_single_cell,Zranb2,0.24215982620358556,0.1252738122678343,0.18074517673746682,-0.04626709448500321,0.03648331468873245,0.005100723235644039,0.5128210572738463,0.3640206287654999,0.7510664268316977,0.9672733883031429,0.011918463976325192,0.9704799819659599,0.9094028565069193,0.9883062072638981,0.9967258111793633,0.906123550040464,0.8900973096737264,0.8856088560885609,0.843209229155742,0.5827338129496403,0.9053552492046659,0.8892045454545454,0.9158878504672897,0.8331015299026425,0.5935828877005348,0.905736060970718,0.8898408812729498,0.8989690721649485,0.8404417364813405,0.588957055214724
GSE250136,mast,celltype_single_cell,mt-Atp6,8.609134870254564,3.8454876781739813,6.279947553818033,0.5317081364782013,-3.3314729114927673,8.524236557618555e-4,0.28660156052419977,0.10442142550563732,0.9198371150837593,0.12155346284425474,0.007156386446969428,0.9568423640428352,0.6743716767311836,0.9986810248541517,0.995500824812625,0.9986512004316158,1,0.996309963099631,1,0.935251798561151,0.9986744432661718,1,1,1,0.9786096256684492,0.9986629228506485,1,0.9979381443298969,1,0.9601226993865031
GSE250136,mast,celltype_single_cell,mt-Co1,9.073624057719684,4.322804185660331,8.974592408516656,3.514676558339218,-1.3036558090585686,5.507183726738346e-4,0.17692992722564851,0.03542184483836746,0.34424877835290624,0.8723954958944573,0.006933194569982071,0.9568423640428352,0.5127161947790816,0.9837481328310289,0.995500824812625,0.9975721607769086,1,0.996309963099631,1,0.8776978417266187,0.9984093319194062,1,1,1,0.8983957219251337,0.9979943842759728,1,0.9979381443298969,1,0.8895705521472392
GSE250136,mast,celltype_single_cell,mt-Co2,7.322466109393751,3.3439983695981184,7.150556822211904,2.399357381764311,-3.2007223435636547,4.325865191123685e-4,0.3108046520227109,0.08435355595427968,0.511355941302323,0.7169028393099031,0.006933194569982071,0.9568423640428352,0.6655808677315387,0.9837481328310289,0.995500824812625,0.9970326409495549,1,1,1,0.8920863309352518,0.9986744432661718,1,1,1,0.9090909090909091,0.9978606765610376,1,1,1,0.901840490797546
GSE250136,mast,celltype_single_cell,mt-Co3,13.00053505414806,8.066948664248415,15.790621486077882,-78.20162887321024,-5.63285487092962,7.763267374299183e-4,0.08763674435748836,0.007260643045550463,0.32565581862661797,0.6089234188314356,0.007156386446969428,0.9568423640428352,0.26959083308261284,0.9837481328310289,0.995500824812625,0.9989209603452927,1,1,1,0.9712230215827338,0.9994697773064687,1,1,1,0.9732620320855615,0.9991977537103891,1,1,1,0.9723926380368099
GSE250136,mast,celltype_single_cell,mt-Cytb,8.021503073042297,3.3454825566815884,4.053613123577875,0.7569694708496684,-2.4447966311006937,0.001381578549037195,0.33363484629288215,0.39803283024749003,0.9198921370384717,0.7996054174232574,0.008225010715896245,0.9568423640428352,0.917237134408955,0.9986810248541517,0.995500824812625,0.9986512004316158,1,1,1,0.8561151079136691,0.9984093319194062,1,1,1,0.8716577540106952,0.9985292151357134,1,1,1,0.8650306748466258
GSE250136,mast,celltype_single_cell,mt-Nd1,5.619827968882404,3.996439537475581,1.2041650388033176,3.7279961870555667,-3.3644450495908487,0.007326910483932197,0.12897655746869793,0.8925192753322734,0.15640087300961958,0.5979888027114946,0.01393977082053113,0.9568423640428352,1,0.9837481328310289,0.995500824812625,0.9970326409495549,1,1,1,0.8489208633093526,0.9965535524920467,1,1,1,0.8342245989304813,0.9967910148415564,1,1,1,0.8404907975460123
GSE250136,mast,celltype_single_cell,mt-Nd2,1.4850956097375132,-14.523751439314957,-14.523867604873827,1.6470042031931875,-1.888127851076666,0.03416209723768111,0.025522271208050173,0.2244994169028351,0.027842351462101112,0.20418942768059453,0.04173738346349023,0.9568423640428352,0.8100556513485475,0.9837481328310289,0.995500824812625,0.993795521985433,1,1,0.9984268484530676,0.6690647482014388,0.9952279957582184,0.9985795454545454,0.9953271028037384,1,0.732620320855615,0.9945179836876588,0.9995920032639739,0.9979381443298969,0.9988575780654989,0.7055214723926381
GSE250136,mast,celltype_single_cell,mt-Nd3,0.5805152820110457,0.42507041403204404,0.8065881036571838,0.3500322392094537,-0.04051782611912369,0.009073126062858306,0.1998088238304354,0.09504936506262836,0.16931387199466083,0.765162418105211,0.015607479725427828,0.9568423640428352,0.6743716767311836,0.9837481328310289,0.995500824812625,0.9673590504451038,0.9725243274184316,0.985239852398524,0.9769271106449922,0.39568345323741005,0.9628844114528102,0.9744318181818182,0.985981308411215,0.9860917941585535,0.37967914438502676,0.9651022864019254,0.9730722154222766,0.9855670103092784,0.9794364051789795,0.38650306748466257
GSE250136,mast,celltype_single_cell,mt-Nd4,3.098222973199686,1.9740904381721691,3.854636223800604,-21.268819009451448,0.050396056673662315,0.0020442308701241903,0.1478554681801206,0.025580789491989546,0.10154831488751725,0.8041986558254428,0.008849126187123925,0.9568423640428352,0.4551248797116474,0.9837481328310289,0.995500824812625,0.9956838413811707,1,0.996309963099631,1,0.7553956834532374,0.9968186638388123,1,0.9953271028037384,0.9986091794158554,0.7914438502673797,0.9962561839818157,1,0.9958762886597938,0.9996191926884996,0.7760736196319018
GSE250136,mast,celltype_single_cell,mt-Nd4l,0.1496327577194836,-0.043788068549099224,-0.2839068604655035,0.027416242260312362,-0.5024726522211742,0.00367110434876884,0.4781436368243255,0.23381667634385891,0.8806415600006023,0.055970936249470284,0.01055597008029828,0.9575894196216405,0.8220949059808307,0.9986810248541517,0.9589069094561428,0.8141354194766658,0.8597595878649112,0.8966789667896679,0.8463555322496067,0.2949640287769784,0.8237009544008483,0.8394886363636364,0.8691588785046729,0.8553546592489569,0.21390374331550802,0.8189597539778045,0.853937168502652,0.8845360824742268,0.8488194973343488,0.24846625766871167
GSE250136,mast,celltype_single_cell,mt-Nd5,0.23378377201954192,0.25552854333865493,0.46540014480496206,0.20020985456500684,-0.30405592815920546,0.047634674029965476,0.022278402681116968,0.14971395245704394,0.17348490387905946,0.8011128697457407,0.05497298867782502,0.9568423640428352,0.7510143057753815,0.9837481328310289,0.995500824812625,0.8726733207445374,0.8963938179736691,0.9188191881918819,0.8846355532249607,0.23741007194244604,0.8852067868504772,0.9261363636363636,0.9345794392523364,0.9068150208623088,0.2620320855614973,0.8789945179836877,0.904936760505916,0.9257731958762887,0.8907083015993907,0.25153374233128833
